// ============================================================================
// ww_cam_data.inc — GENERATED by tools/ww_crew_restoration_skeleton/gen_cam_data.py
// DO NOT HAND-EDIT. Regenerate against the donor checkout instead.
//
// Source: donor d/d_cam_style.cpp + d/d_cam_type.cpp + d/d_cam_type2.cpp,
// preprocessed for GZLE01 (VERSION=2).
// 145 styles, 63 types, 35 BG type names.
//
// kWwCamStyleBlobBE is shaped EXACTLY like the receiver's camstyle.dat
// ({u8[4]; s32be styleNum; then 0x78-byte records {s32be id; u16be alg;
// u16be flags; f32be params[28]}}) so receiver BE() accessors read it as
// file data. Record alg fields already hold RECEIVER engine indices:
//   donor  0 LET -> letCamera
//   donor  1 FOLLOW -> chaseCamera
//   donor  2 LOCKON -> lockonCamera
//   donor  3 TALKTO -> talktoCamera
//   donor  4 SUBJECT -> subjectCamera
//   donor  5 FIXED_POSITION -> fixedPositionCamera
//   donor  6 FIXED_FRAME -> fixedFrameCamera
//   donor  7 TOWER -> towerCamera
//   donor  8 RIDE -> rideCamera
//   donor  9 HUNG -> SOCKET 21 (unported)
//   donor 10 MANUAL -> manualCamera
//   donor 11 EVENT -> eventCamera
//   donor 12 CRAWL -> extra engine 20 (LIVE, ww_cam_crawl)
//   donor 13 HOOKSHOT -> hookshotCamera
//   donor 14 TORNADO -> SOCKET 22 (unported)
//   donor 15 VOMIT -> SOCKET 23 (unported)
//   donor 16 SHIELD -> SOCKET 24 (unported)
//   donor 17 NON_OWNER -> SOCKET 25 (unported)
//   donor 18 FOLLOW2 -> SOCKET 26 (unported)
//   donor 19 DEMO -> SOCKET 27 (unported)
// Donor params 28/29 (LOCKON_FOVY_MIN/MAX) are dropped by the receiver's
// 28-param record; verified the tail is exactly that pair.
// ============================================================================

// clang-format off
static const int kWwCamStyleCount = 145;
static const int kWwCamTypeCount = 63;
static const int kWwCamBgTypeCount = 35;

static const int kWwCamStyleIdx_CC01 = 19;  // CRAWL-algorithm style
static const int kWwCamStyleIdx_CC02 = 20;  // CRAWL-algorithm style
static const int kWwCamStyleIdx_LN17 = 51;  // CRAWL-algorithm style

alignas(4) static const unsigned char kWwCamStyleBlobBE[17408] = {
    0x57, 0x57, 0x43, 0x53, 0x00, 0x00, 0x00, 0x91, 0x4E, 0x4E, 0x30, 0x30, 0x00, 0x00, 0x00, 0x00,
    0xC7, 0xC3, 0x4F, 0xFF, 0xC7, 0xC3, 0x4F, 0xFF, 0xC7, 0xC3, 0x4F, 0xFF, 0xC7, 0xC3, 0x4F, 0xFF,
    0xC7, 0xC3, 0x4F, 0xFF, 0xC7, 0xC3, 0x4F, 0xFF, 0xC7, 0xC3, 0x4F, 0xFF, 0xC7, 0xC3, 0x4F, 0xFF,
    0xC7, 0xC3, 0x4F, 0xFF, 0xC7, 0xC3, 0x4F, 0xFF, 0xC7, 0xC3, 0x4F, 0xFF, 0xC7, 0xC3, 0x4F, 0xFF,
    0xC7, 0xC3, 0x4F, 0xFF, 0xC7, 0xC3, 0x4F, 0xFF, 0xC7, 0xC3, 0x4F, 0xFF, 0xC7, 0xC3, 0x4F, 0xFF,
    0xC7, 0xC3, 0x4F, 0xFF, 0xC7, 0xC3, 0x4F, 0xFF, 0xC7, 0xC3, 0x4F, 0xFF, 0xC7, 0xC3, 0x4F, 0xFF,
    0xC7, 0xC3, 0x4F, 0xFF, 0xC7, 0xC3, 0x4F, 0xFF, 0xC7, 0xC3, 0x4F, 0xFF, 0xC7, 0xC3, 0x4F, 0xFF,
    0xC7, 0xC3, 0x4F, 0xFF, 0xC7, 0xC3, 0x4F, 0xFF, 0xC7, 0xC3, 0x4F, 0xFF, 0xC7, 0xC3, 0x4F, 0xFF,
    0x46, 0x4E, 0x30, 0x38, 0x00, 0x01, 0x40, 0xC9, 0x00, 0x00, 0x00, 0x00, 0x3F, 0x80, 0x00, 0x00,
    0x00, 0x00, 0x00, 0x00, 0x00, 0x00, 0x00, 0x00, 0x00, 0x00, 0x00, 0x00, 0x3E, 0x80, 0x00, 0x00,
    0x3F, 0x40, 0x00, 0x00, 0x44, 0x16, 0x00, 0x00, 0x43, 0xAF, 0x00, 0x00, 0x44, 0x7A, 0x00, 0x00,
    0x3F, 0x28, 0xF5, 0xC3, 0x3D, 0xB8, 0x51, 0xEC, 0x41, 0xC8, 0x00, 0x00, 0x41, 0xC8, 0x00, 0x00,
    0x42, 0x20, 0x00, 0x00, 0x40, 0x00, 0x00, 0x00, 0x3D, 0x4C, 0xCC, 0xCD, 0x42, 0x70, 0x00, 0x00,
    0x42, 0x70, 0x00, 0x00, 0x42, 0x70, 0x00, 0x00, 0xC7, 0xC3, 0x4F, 0xFF, 0x3D, 0x4C, 0xCC, 0xCD,
    0x3E, 0x4C, 0xCC, 0xCD, 0x3F, 0x80, 0x00, 0x00, 0x3E, 0x99, 0x99, 0x9A, 0xC7, 0xC3, 0x4F, 0xFF,
    0xC7, 0xC3, 0x4F, 0xFF, 0xC7, 0xC3, 0x4F, 0xFF, 0x50, 0x4E, 0x30, 0x35, 0x00, 0x05, 0x02, 0x00,
    0x00, 0x00, 0x00, 0x00, 0x3F, 0x80, 0x00, 0x00, 0xC1, 0xA0, 0x00, 0x00, 0xC7, 0xC3, 0x4F, 0xFF,
    0xC7, 0xC3, 0x4F, 0xFF, 0x3E, 0x80, 0x00, 0x00, 0x3F, 0x40, 0x00, 0x00, 0x44, 0x7A, 0x00, 0x00,
    0x42, 0x48, 0x00, 0x00, 0xC7, 0xC3, 0x4F, 0xFF, 0xC7, 0xC3, 0x4F, 0xFF, 0xC7, 0xC3, 0x4F, 0xFF,
    0xC7, 0xC3, 0x4F, 0xFF, 0xC7, 0xC3, 0x4F, 0xFF, 0xC7, 0xC3, 0x4F, 0xFF, 0xC7, 0xC3, 0x4F, 0xFF,
    0xC7, 0xC3, 0x4F, 0xFF, 0x42, 0x48, 0x00, 0x00, 0xC7, 0xC3, 0x4F, 0xFF, 0xC7, 0xC3, 0x4F, 0xFF,
    0xC7, 0xC3, 0x4F, 0xFF, 0xC7, 0xC3, 0x4F, 0xFF, 0xC7, 0xC3, 0x4F, 0xFF, 0x3F, 0x40, 0x00, 0x00,
    0x00, 0x00, 0x00, 0x00, 0xC7, 0xC3, 0x4F, 0xFF, 0xC7, 0xC3, 0x4F, 0xFF, 0xC7, 0xC3, 0x4F, 0xFF,
    0x50, 0x4E, 0x31, 0x32, 0x00, 0x05, 0x02, 0x00, 0x00, 0x00, 0x00, 0x00, 0x3F, 0x80, 0x00, 0x00,
    0xC1, 0xA0, 0x00, 0x00, 0xC7, 0xC3, 0x4F, 0xFF, 0xC7, 0xC3, 0x4F, 0xFF, 0x3E, 0x80, 0x00, 0x00,
    0x3F, 0x40, 0x00, 0x00, 0x44, 0x7A, 0x00, 0x00, 0x42, 0x48, 0x00, 0x00, 0xC7, 0xC3, 0x4F, 0xFF,
    0xC7, 0xC3, 0x4F, 0xFF, 0xC7, 0xC3, 0x4F, 0xFF, 0xC7, 0xC3, 0x4F, 0xFF, 0xC7, 0xC3, 0x4F, 0xFF,
    0xC7, 0xC3, 0x4F, 0xFF, 0xC7, 0xC3, 0x4F, 0xFF, 0xC7, 0xC3, 0x4F, 0xFF, 0x42, 0x48, 0x00, 0x00,
    0xC7, 0xC3, 0x4F, 0xFF, 0xC7, 0xC3, 0x4F, 0xFF, 0xC7, 0xC3, 0x4F, 0xFF, 0xC7, 0xC3, 0x4F, 0xFF,
    0xC7, 0xC3, 0x4F, 0xFF, 0x3F, 0x40, 0x00, 0x00, 0x41, 0x20, 0x00, 0x00, 0xC7, 0xC3, 0x4F, 0xFF,
    0xC7, 0xC3, 0x4F, 0xFF, 0xC7, 0xC3, 0x4F, 0xFF, 0x45, 0x4E, 0x30, 0x30, 0x00, 0x0A, 0x00, 0x00,
    0xC7, 0xC3, 0x4F, 0xFF, 0xC7, 0xC3, 0x4F, 0xFF, 0xC7, 0xC3, 0x4F, 0xFF, 0xC7, 0xC3, 0x4F, 0xFF,
    0xC7, 0xC3, 0x4F, 0xFF, 0xC7, 0xC3, 0x4F, 0xFF, 0xC7, 0xC3, 0x4F, 0xFF, 0xC7, 0xC3, 0x4F, 0xFF,
    0xC7, 0xC3, 0x4F, 0xFF, 0xC7, 0xC3, 0x4F, 0xFF, 0xC7, 0xC3, 0x4F, 0xFF, 0xC7, 0xC3, 0x4F, 0xFF,
    0xC7, 0xC3, 0x4F, 0xFF, 0xC7, 0xC3, 0x4F, 0xFF, 0xC7, 0xC3, 0x4F, 0xFF, 0xC7, 0xC3, 0x4F, 0xFF,
    0xC7, 0xC3, 0x4F, 0xFF, 0xC7, 0xC3, 0x4F, 0xFF, 0xC7, 0xC3, 0x4F, 0xFF, 0xC7, 0xC3, 0x4F, 0xFF,
    0xC7, 0xC3, 0x4F, 0xFF, 0xC7, 0xC3, 0x4F, 0xFF, 0xC7, 0xC3, 0x4F, 0xFF, 0xC7, 0xC3, 0x4F, 0xFF,
    0xC7, 0xC3, 0x4F, 0xFF, 0xC7, 0xC3, 0x4F, 0xFF, 0xC7, 0xC3, 0x4F, 0xFF, 0xC7, 0xC3, 0x4F, 0xFF,
    0x46, 0x4E, 0x31, 0x32, 0x00, 0x01, 0x40, 0xC9, 0x00, 0x00, 0x00, 0x00, 0x3F, 0x80, 0x00, 0x00,
    0x00, 0x00, 0x00, 0x00, 0x00, 0x00, 0x00, 0x00, 0x00, 0x00, 0x00, 0x00, 0x3E, 0x80, 0x00, 0x00,
    0x3F, 0x40, 0x00, 0x00, 0x44, 0x16, 0x00, 0x00, 0x43, 0xAF, 0x00, 0x00, 0x44, 0x7A, 0x00, 0x00,
    0x3F, 0x28, 0xF5, 0xC3, 0x3D, 0xB8, 0x51, 0xEC, 0x41, 0xC8, 0x00, 0x00, 0x41, 0xC8, 0x00, 0x00,
    0x42, 0x20, 0x00, 0x00, 0x40, 0x00, 0x00, 0x00, 0x3D, 0x4C, 0xCC, 0xCD, 0x42, 0x70, 0x00, 0x00,
    0x42, 0x70, 0x00, 0x00, 0x42, 0x70, 0x00, 0x00, 0xC7, 0xC3, 0x4F, 0xFF, 0x3D, 0x4C, 0xCC, 0xCD,
    0x3E, 0x4C, 0xCC, 0xCD, 0x3F, 0x80, 0x00, 0x00, 0x3E, 0x99, 0x99, 0x9A, 0xC7, 0xC3, 0x4F, 0xFF,
    0xC7, 0xC3, 0x4F, 0xFF, 0xC7, 0xC3, 0x4F, 0xFF, 0x54, 0x54, 0x30, 0x31, 0x00, 0x03, 0x00, 0x02,
    0x00, 0x00, 0x00, 0x00, 0x00, 0x00, 0x00, 0x00, 0xC2, 0xA0, 0x00, 0x00, 0xC2, 0x20, 0x00, 0x00,
    0xC7, 0xC3, 0x4F, 0xFF, 0xC7, 0xC3, 0x4F, 0xFF, 0x3F, 0x40, 0x00, 0x00, 0x43, 0xD2, 0x00, 0x00,
    0x43, 0x5C, 0x00, 0x00, 0xC7, 0xC3, 0x4F, 0xFF, 0xC7, 0xC3, 0x4F, 0xFF, 0xC7, 0xC3, 0x4F, 0xFF,
    0x41, 0x20, 0x00, 0x00, 0xC7, 0xC3, 0x4F, 0xFF, 0xC7, 0xC3, 0x4F, 0xFF, 0xC1, 0x70, 0x00, 0x00,
    0x42, 0x0C, 0x00, 0x00, 0x42, 0x30, 0x00, 0x00, 0x42, 0x20, 0x00, 0x00, 0xC7, 0xC3, 0x4F, 0xFF,
    0xC7, 0xC3, 0x4F, 0xFF, 0xC7, 0xC3, 0x4F, 0xFF, 0xC7, 0xC3, 0x4F, 0xFF, 0x41, 0xC8, 0x00, 0x00,
    0x42, 0x96, 0x00, 0x00, 0xC7, 0xC3, 0x4F, 0xFF, 0xC7, 0xC3, 0x4F, 0xFF, 0xC7, 0xC3, 0x4F, 0xFF,
    0x54, 0x54, 0x30, 0x32, 0x00, 0x03, 0x00, 0x02, 0x00, 0x00, 0x00, 0x00, 0x00, 0x00, 0x00, 0x00,
    0xC1, 0xF0, 0x00, 0x00, 0x00, 0x00, 0x00, 0x00, 0xC7, 0xC3, 0x4F, 0xFF, 0xC7, 0xC3, 0x4F, 0xFF,
    0x3F, 0x19, 0x99, 0x9A, 0x43, 0x8C, 0x00, 0x00, 0x42, 0xA0, 0x00, 0x00, 0xC7, 0xC3, 0x4F, 0xFF,
    0xC7, 0xC3, 0x4F, 0xFF, 0xC7, 0xC3, 0x4F, 0xFF, 0x41, 0x20, 0x00, 0x00, 0xC7, 0xC3, 0x4F, 0xFF,
    0xC7, 0xC3, 0x4F, 0xFF, 0xC1, 0x70, 0x00, 0x00, 0x42, 0x20, 0x00, 0x00, 0x42, 0x20, 0x00, 0x00,
    0x42, 0x34, 0x00, 0x00, 0xC7, 0xC3, 0x4F, 0xFF, 0xC7, 0xC3, 0x4F, 0xFF, 0xC7, 0xC3, 0x4F, 0xFF,
    0xC7, 0xC3, 0x4F, 0xFF, 0x41, 0xC8, 0x00, 0x00, 0x42, 0x96, 0x00, 0x00, 0xC7, 0xC3, 0x4F, 0xFF,
    0xC7, 0xC3, 0x4F, 0xFF, 0xC7, 0xC3, 0x4F, 0xFF, 0x54, 0x54, 0x30, 0x33, 0x00, 0x03, 0x00, 0x02,
    0x00, 0x00, 0x00, 0x00, 0x00, 0x00, 0x00, 0x00, 0x00, 0x00, 0x00, 0x00, 0x00, 0x00, 0x00, 0x00,
    0xC7, 0xC3, 0x4F, 0xFF, 0xC7, 0xC3, 0x4F, 0xFF, 0x3F, 0x40, 0x00, 0x00, 0x43, 0xAA, 0x00, 0x00,
    0x43, 0x82, 0x00, 0x00, 0xC7, 0xC3, 0x4F, 0xFF, 0xC7, 0xC3, 0x4F, 0xFF, 0xC7, 0xC3, 0x4F, 0xFF,
    0x41, 0xF0, 0x00, 0x00, 0xC7, 0xC3, 0x4F, 0xFF, 0xC7, 0xC3, 0x4F, 0xFF, 0x41, 0x70, 0x00, 0x00,
    0x41, 0xA0, 0x00, 0x00, 0x42, 0x30, 0x00, 0x00, 0x42, 0x20, 0x00, 0x00, 0xC7, 0xC3, 0x4F, 0xFF,
    0xC7, 0xC3, 0x4F, 0xFF, 0xC7, 0xC3, 0x4F, 0xFF, 0xC7, 0xC3, 0x4F, 0xFF, 0x41, 0xC8, 0x00, 0x00,
    0x42, 0x96, 0x00, 0x00, 0xC7, 0xC3, 0x4F, 0xFF, 0xC7, 0xC3, 0x4F, 0xFF, 0xC7, 0xC3, 0x4F, 0xFF,
    0x4C, 0x41, 0x30, 0x33, 0x00, 0x02, 0x00, 0x02, 0xC7, 0xC3, 0x4F, 0xFF, 0x3F, 0x40, 0x00, 0x00,
    0xC7, 0xC3, 0x4F, 0xFF, 0xC7, 0xC3, 0x4F, 0xFF, 0x3E, 0x80, 0x00, 0x00, 0x3D, 0x4C, 0xCC, 0xCD,
    0x3C, 0xA3, 0xD7, 0x0A, 0xC7, 0xC3, 0x4F, 0xFF, 0xC7, 0xC3, 0x4F, 0xFF, 0xC7, 0xC3, 0x4F, 0xFF,
    0x43, 0x7A, 0x00, 0x00, 0x43, 0xA0, 0x00, 0x00, 0xC7, 0xC3, 0x4F, 0xFF, 0x00, 0x00, 0x00, 0x00,
    0xC7, 0xC3, 0x4F, 0xFF, 0x42, 0x20, 0x00, 0x00, 0x41, 0xF0, 0x00, 0x00, 0xC7, 0xC3, 0x4F, 0xFF,
    0xC7, 0xC3, 0x4F, 0xFF, 0xC7, 0xC3, 0x4F, 0xFF, 0x42, 0x0C, 0x00, 0x00, 0x42, 0x34, 0x00, 0x00,
    0x00, 0x00, 0x00, 0x00, 0x42, 0xF0, 0x00, 0x00, 0x42, 0xB4, 0x00, 0x00, 0xC2, 0x48, 0x00, 0x00,
    0xC1, 0xF0, 0x00, 0x00, 0x00, 0x00, 0x00, 0x00, 0x4C, 0x50, 0x30, 0x31, 0x00, 0x02, 0x40, 0x02,
    0xC7, 0xC3, 0x4F, 0xFF, 0x3F, 0x80, 0x00, 0x00, 0xC7, 0xC3, 0x4F, 0xFF, 0xC7, 0xC3, 0x4F, 0xFF,
    0x3F, 0x00, 0x00, 0x00, 0x3E, 0xCC, 0xCC, 0xCD, 0x3E, 0x4C, 0xCC, 0xCD, 0xC7, 0xC3, 0x4F, 0xFF,
    0xC7, 0xC3, 0x4F, 0xFF, 0x3F, 0x80, 0x00, 0x00, 0x43, 0xD2, 0x00, 0x00, 0x43, 0xB4, 0x00, 0x00,
    0xC7, 0xC3, 0x4F, 0xFF, 0x00, 0x00, 0x00, 0x00, 0xC7, 0xC3, 0x4F, 0xFF, 0x42, 0x34, 0x00, 0x00,
    0x41, 0xF0, 0x00, 0x00, 0xC7, 0xC3, 0x4F, 0xFF, 0xC7, 0xC3, 0x4F, 0xFF, 0xC7, 0xC3, 0x4F, 0xFF,
    0x42, 0x48, 0x00, 0x00, 0x42, 0x70, 0x00, 0x00, 0x3C, 0x23, 0xD7, 0x0A, 0x42, 0x70, 0x00, 0x00,
    0x41, 0xF0, 0x00, 0x00, 0xC1, 0x20, 0x00, 0x00, 0xC0, 0xA0, 0x00, 0x00, 0x00, 0x00, 0x00, 0x00,
    0x4C, 0x41, 0x30, 0x32, 0x00, 0x02, 0x40, 0x02, 0xC7, 0xC3, 0x4F, 0xFF, 0x3F, 0x80, 0x00, 0x00,
    0xC7, 0xC3, 0x4F, 0xFF, 0xC7, 0xC3, 0x4F, 0xFF, 0x3F, 0x00, 0x00, 0x00, 0x3C, 0xA3, 0xD7, 0x0A,
    0x00, 0x00, 0x00, 0x00, 0xC7, 0xC3, 0x4F, 0xFF, 0xC7, 0xC3, 0x4F, 0xFF, 0x3F, 0x80, 0x00, 0x00,
    0x43, 0xFA, 0x00, 0x00, 0x43, 0xFA, 0x00, 0x00, 0xC7, 0xC3, 0x4F, 0xFF, 0x00, 0x00, 0x00, 0x00,
    0xC7, 0xC3, 0x4F, 0xFF, 0x42, 0x0C, 0x00, 0x00, 0x41, 0x20, 0x00, 0x00, 0xC7, 0xC3, 0x4F, 0xFF,
    0xC7, 0xC3, 0x4F, 0xFF, 0xC7, 0xC3, 0x4F, 0xFF, 0x42, 0x8C, 0x00, 0x00, 0x42, 0x8C, 0x00, 0x00,
    0x00, 0x00, 0x00, 0x00, 0x42, 0x70, 0x00, 0x00, 0x41, 0x70, 0x00, 0x00, 0xC1, 0xB4, 0x00, 0x00,
    0xC0, 0x20, 0x00, 0x00, 0x00, 0x00, 0x00, 0x00, 0x46, 0x4E, 0x31, 0x33, 0x00, 0x02, 0x40, 0x02,
    0xC7, 0xC3, 0x4F, 0xFF, 0x3F, 0x00, 0x00, 0x00, 0xC7, 0xC3, 0x4F, 0xFF, 0xC7, 0xC3, 0x4F, 0xFF,
    0x3F, 0x00, 0x00, 0x00, 0x3E, 0x4C, 0xCC, 0xCD, 0x3E, 0xCC, 0xCC, 0xCD, 0xC7, 0xC3, 0x4F, 0xFF,
    0xC7, 0xC3, 0x4F, 0xFF, 0x3F, 0x80, 0x00, 0x00, 0x43, 0xA0, 0x00, 0x00, 0x43, 0xDC, 0x00, 0x00,
    0xC7, 0xC3, 0x4F, 0xFF, 0x3E, 0x19, 0x99, 0x9A, 0xC7, 0xC3, 0x4F, 0xFF, 0x41, 0xA0, 0x00, 0x00,
    0xC0, 0xA0, 0x00, 0x00, 0xC7, 0xC3, 0x4F, 0xFF, 0xC7, 0xC3, 0x4F, 0xFF, 0xC7, 0xC3, 0x4F, 0xFF,
    0x42, 0x68, 0x00, 0x00, 0x42, 0x58, 0x00, 0x00, 0x3D, 0x4C, 0xCC, 0xCD, 0x42, 0xA0, 0x00, 0x00,
    0x41, 0xF0, 0x00, 0x00, 0xC2, 0xA0, 0x00, 0x00, 0xC2, 0x70, 0x00, 0x00, 0x3C, 0xA3, 0xD7, 0x0A,
    0x4C, 0x48, 0x30, 0x31, 0x00, 0x02, 0x40, 0x02, 0xC7, 0xC3, 0x4F, 0xFF, 0x3F, 0x80, 0x00, 0x00,
    0xC7, 0xC3, 0x4F, 0xFF, 0xC7, 0xC3, 0x4F, 0xFF, 0x3F, 0x00, 0x00, 0x00, 0x3C, 0xF5, 0xC2, 0x8F,
    0x00, 0x00, 0x00, 0x00, 0xC7, 0xC3, 0x4F, 0xFF, 0xC7, 0xC3, 0x4F, 0xFF, 0x3F, 0x80, 0x00, 0x00,
    0x43, 0xF0, 0x00, 0x00, 0x43, 0xF0, 0x00, 0x00, 0xC7, 0xC3, 0x4F, 0xFF, 0x00, 0x00, 0x00, 0x00,
    0xC7, 0xC3, 0x4F, 0xFF, 0x41, 0xF0, 0x00, 0x00, 0x41, 0xA0, 0x00, 0x00, 0xC7, 0xC3, 0x4F, 0xFF,
    0xC7, 0xC3, 0x4F, 0xFF, 0xC7, 0xC3, 0x4F, 0xFF, 0x42, 0x82, 0x00, 0x00, 0x42, 0x82, 0x00, 0x00,
    0x00, 0x00, 0x00, 0x00, 0x42, 0x70, 0x00, 0x00, 0x41, 0xA0, 0x00, 0x00, 0xC1, 0xB4, 0x00, 0x00,
    0xC0, 0x20, 0x00, 0x00, 0x00, 0x00, 0x00, 0x00, 0x4C, 0x48, 0x30, 0x32, 0x00, 0x02, 0x40, 0x02,
    0xC7, 0xC3, 0x4F, 0xFF, 0x3F, 0x80, 0x00, 0x00, 0xC7, 0xC3, 0x4F, 0xFF, 0xC7, 0xC3, 0x4F, 0xFF,
    0x3F, 0x00, 0x00, 0x00, 0x3C, 0xF5, 0xC2, 0x8F, 0x00, 0x00, 0x00, 0x00, 0xC7, 0xC3, 0x4F, 0xFF,
    0xC7, 0xC3, 0x4F, 0xFF, 0x3F, 0x80, 0x00, 0x00, 0x43, 0xF0, 0x00, 0x00, 0x43, 0xF0, 0x00, 0x00,
    0xC7, 0xC3, 0x4F, 0xFF, 0x00, 0x00, 0x00, 0x00, 0xC7, 0xC3, 0x4F, 0xFF, 0x41, 0xF0, 0x00, 0x00,
    0x41, 0xA0, 0x00, 0x00, 0xC7, 0xC3, 0x4F, 0xFF, 0xC7, 0xC3, 0x4F, 0xFF, 0xC7, 0xC3, 0x4F, 0xFF,
    0x42, 0x82, 0x00, 0x00, 0x42, 0x82, 0x00, 0x00, 0x00, 0x00, 0x00, 0x00, 0x42, 0x70, 0x00, 0x00,
    0x41, 0xA0, 0x00, 0x00, 0xC1, 0xB4, 0x00, 0x00, 0xC0, 0x20, 0x00, 0x00, 0x00, 0x00, 0x00, 0x00,
    0x4C, 0x42, 0x30, 0x32, 0x00, 0x02, 0x40, 0x02, 0xC7, 0xC3, 0x4F, 0xFF, 0x3F, 0x80, 0x00, 0x00,
    0xC7, 0xC3, 0x4F, 0xFF, 0xC7, 0xC3, 0x4F, 0xFF, 0x3F, 0x00, 0x00, 0x00, 0x3E, 0xCC, 0xCC, 0xCD,
    0x3E, 0x4C, 0xCC, 0xCD, 0xC7, 0xC3, 0x4F, 0xFF, 0xC7, 0xC3, 0x4F, 0xFF, 0x3F, 0x80, 0x00, 0x00,
    0x43, 0xD2, 0x00, 0x00, 0x43, 0xB4, 0x00, 0x00, 0xC7, 0xC3, 0x4F, 0xFF, 0x00, 0x00, 0x00, 0x00,
    0xC7, 0xC3, 0x4F, 0xFF, 0x42, 0x34, 0x00, 0x00, 0x41, 0xF0, 0x00, 0x00, 0xC7, 0xC3, 0x4F, 0xFF,
    0xC7, 0xC3, 0x4F, 0xFF, 0xC7, 0xC3, 0x4F, 0xFF, 0x42, 0x48, 0x00, 0x00, 0x42, 0x70, 0x00, 0x00,
    0x3C, 0x23, 0xD7, 0x0A, 0x42, 0x70, 0x00, 0x00, 0x41, 0xF0, 0x00, 0x00, 0xC1, 0x20, 0x00, 0x00,
    0xC0, 0xA0, 0x00, 0x00, 0x00, 0x00, 0x00, 0x00, 0x4C, 0x50, 0x30, 0x32, 0x00, 0x02, 0x40, 0x02,
    0xC7, 0xC3, 0x4F, 0xFF, 0x3F, 0x80, 0x00, 0x00, 0xC7, 0xC3, 0x4F, 0xFF, 0xC7, 0xC3, 0x4F, 0xFF,
    0x3F, 0x00, 0x00, 0x00, 0x3E, 0xCC, 0xCC, 0xCD, 0x3E, 0x4C, 0xCC, 0xCD, 0xC7, 0xC3, 0x4F, 0xFF,
    0xC7, 0xC3, 0x4F, 0xFF, 0x3F, 0x80, 0x00, 0x00, 0x43, 0xD2, 0x00, 0x00, 0x43, 0xB4, 0x00, 0x00,
    0xC7, 0xC3, 0x4F, 0xFF, 0x00, 0x00, 0x00, 0x00, 0xC7, 0xC3, 0x4F, 0xFF, 0x42, 0x34, 0x00, 0x00,
    0x41, 0xF0, 0x00, 0x00, 0xC7, 0xC3, 0x4F, 0xFF, 0xC7, 0xC3, 0x4F, 0xFF, 0xC7, 0xC3, 0x4F, 0xFF,
    0x42, 0x48, 0x00, 0x00, 0x42, 0x70, 0x00, 0x00, 0x3C, 0x23, 0xD7, 0x0A, 0x42, 0x70, 0x00, 0x00,
    0x41, 0xF0, 0x00, 0x00, 0xC1, 0x20, 0x00, 0x00, 0xC0, 0xA0, 0x00, 0x00, 0x00, 0x00, 0x00, 0x00,
    0x4C, 0x50, 0x30, 0x33, 0x00, 0x02, 0x40, 0x02, 0xC7, 0xC3, 0x4F, 0xFF, 0x3F, 0x80, 0x00, 0x00,
    0xC7, 0xC3, 0x4F, 0xFF, 0xC7, 0xC3, 0x4F, 0xFF, 0x3F, 0x00, 0x00, 0x00, 0x3E, 0xCC, 0xCC, 0xCD,
    0x3D, 0xCC, 0xCC, 0xCD, 0xC7, 0xC3, 0x4F, 0xFF, 0xC7, 0xC3, 0x4F, 0xFF, 0x3F, 0x80, 0x00, 0x00,
    0x43, 0x96, 0x00, 0x00, 0x43, 0xC8, 0x00, 0x00, 0xC7, 0xC3, 0x4F, 0xFF, 0x00, 0x00, 0x00, 0x00,
    0xC7, 0xC3, 0x4F, 0xFF, 0x00, 0x00, 0x00, 0x00, 0x00, 0x00, 0x00, 0x00, 0xC7, 0xC3, 0x4F, 0xFF,
    0xC7, 0xC3, 0x4F, 0xFF, 0xC7, 0xC3, 0x4F, 0xFF, 0x42, 0x3C, 0x00, 0x00, 0x42, 0x3C, 0x00, 0x00,
    0x3D, 0x75, 0xC2, 0x8F, 0x42, 0xA0, 0x00, 0x00, 0x41, 0x20, 0x00, 0x00, 0xC1, 0x48, 0x00, 0x00,
    0xC1, 0x48, 0x00, 0x00, 0x3C, 0xA3, 0xD7, 0x0A, 0x4C, 0x50, 0x30, 0x34, 0x00, 0x02, 0x40, 0x02,
    0xC7, 0xC3, 0x4F, 0xFF, 0x3F, 0x80, 0x00, 0x00, 0xC7, 0xC3, 0x4F, 0xFF, 0xC7, 0xC3, 0x4F, 0xFF,
    0x3F, 0x00, 0x00, 0x00, 0x3E, 0xCC, 0xCC, 0xCD, 0x3D, 0xCC, 0xCC, 0xCD, 0xC7, 0xC3, 0x4F, 0xFF,
    0xC7, 0xC3, 0x4F, 0xFF, 0x3F, 0x80, 0x00, 0x00, 0x43, 0x96, 0x00, 0x00, 0x43, 0xC8, 0x00, 0x00,
    0xC7, 0xC3, 0x4F, 0xFF, 0x00, 0x00, 0x00, 0x00, 0xC7, 0xC3, 0x4F, 0xFF, 0x00, 0x00, 0x00, 0x00,
    0x00, 0x00, 0x00, 0x00, 0xC7, 0xC3, 0x4F, 0xFF, 0xC7, 0xC3, 0x4F, 0xFF, 0xC7, 0xC3, 0x4F, 0xFF,
    0x42, 0x3C, 0x00, 0x00, 0x42, 0x3C, 0x00, 0x00, 0x3D, 0x75, 0xC2, 0x8F, 0x42, 0xA0, 0x00, 0x00,
    0x41, 0x20, 0x00, 0x00, 0xC1, 0x48, 0x00, 0x00, 0xC1, 0x48, 0x00, 0x00, 0x3C, 0xA3, 0xD7, 0x0A,
    0x43, 0x43, 0x30, 0x31, 0x00, 0x14, 0x00, 0x82, 0x00, 0x00, 0x00, 0x00, 0x00, 0x00, 0x00, 0x00,
    0xC7, 0xC3, 0x4F, 0xFF, 0x3F, 0x19, 0x99, 0x9A, 0x3E, 0x4C, 0xCC, 0xCD, 0x41, 0x20, 0x00, 0x00,
    0xC7, 0xC3, 0x4F, 0xFF, 0xC7, 0xC3, 0x4F, 0xFF, 0xC7, 0xC3, 0x4F, 0xFF, 0xC7, 0xC3, 0x4F, 0xFF,
    0x43, 0x11, 0x00, 0x00, 0x43, 0x11, 0x00, 0x00, 0x43, 0x11, 0x00, 0x00, 0x3D, 0xCC, 0xCC, 0xCD,
    0x3E, 0x80, 0x00, 0x00, 0x00, 0x00, 0x00, 0x00, 0xC7, 0xC3, 0x4F, 0xFF, 0xC7, 0xC3, 0x4F, 0xFF,
    0x3E, 0x80, 0x00, 0x00, 0x3E, 0x80, 0x00, 0x00, 0xC7, 0xC3, 0x4F, 0xFF, 0xC7, 0xC3, 0x4F, 0xFF,
    0xC7, 0xC3, 0x4F, 0xFF, 0x3D, 0xCC, 0xCC, 0xCD, 0x3F, 0x4C, 0xCC, 0xCD, 0x42, 0x48, 0x00, 0x00,
    0xC7, 0xC3, 0x4F, 0xFF, 0xC7, 0xC3, 0x4F, 0xFF, 0x43, 0x43, 0x30, 0x32, 0x00, 0x14, 0x00, 0xC2,
    0x00, 0x00, 0x00, 0x00, 0x00, 0x00, 0x00, 0x00, 0xC7, 0xC3, 0x4F, 0xFF, 0x3F, 0x19, 0x99, 0x9A,
    0x3E, 0x4C, 0xCC, 0xCD, 0x41, 0x20, 0x00, 0x00, 0xC7, 0xC3, 0x4F, 0xFF, 0xC7, 0xC3, 0x4F, 0xFF,
    0xC7, 0xC3, 0x4F, 0xFF, 0xC7, 0xC3, 0x4F, 0xFF, 0x43, 0x11, 0x00, 0x00, 0x43, 0x11, 0x00, 0x00,
    0x43, 0x11, 0x00, 0x00, 0x3D, 0xCC, 0xCC, 0xCD, 0x3E, 0x80, 0x00, 0x00, 0x00, 0x00, 0x00, 0x00,
    0xC7, 0xC3, 0x4F, 0xFF, 0xC7, 0xC3, 0x4F, 0xFF, 0x3E, 0x80, 0x00, 0x00, 0x3E, 0x80, 0x00, 0x00,
    0xC7, 0xC3, 0x4F, 0xFF, 0xC7, 0xC3, 0x4F, 0xFF, 0xC7, 0xC3, 0x4F, 0xFF, 0x3D, 0xCC, 0xCC, 0xCD,
    0x3F, 0x4C, 0xCC, 0xCD, 0x42, 0x48, 0x00, 0x00, 0xC7, 0xC3, 0x4F, 0xFF, 0xC7, 0xC3, 0x4F, 0xFF,
    0x4C, 0x4C, 0x30, 0x36, 0x00, 0x02, 0x40, 0x02, 0xC7, 0xC3, 0x4F, 0xFF, 0x3F, 0x80, 0x00, 0x00,
    0xC7, 0xC3, 0x4F, 0xFF, 0xC7, 0xC3, 0x4F, 0xFF, 0x3F, 0x00, 0x00, 0x00, 0x3E, 0x4C, 0xCC, 0xCD,
    0x3E, 0xCC, 0xCC, 0xCD, 0xC7, 0xC3, 0x4F, 0xFF, 0xC7, 0xC3, 0x4F, 0xFF, 0x3F, 0x80, 0x00, 0x00,
    0x43, 0x82, 0x00, 0x00, 0x43, 0xE1, 0x00, 0x00, 0xC7, 0xC3, 0x4F, 0xFF, 0x3E, 0xCC, 0xCC, 0xCD,
    0xC7, 0xC3, 0x4F, 0xFF, 0x40, 0xA0, 0x00, 0x00, 0x41, 0x20, 0x00, 0x00, 0xC7, 0xC3, 0x4F, 0xFF,
    0xC7, 0xC3, 0x4F, 0xFF, 0xC7, 0xC3, 0x4F, 0xFF, 0x42, 0x82, 0x00, 0x00, 0x42, 0x88, 0x00, 0x00,
    0x3D, 0xA3, 0xD7, 0x0A, 0x41, 0xF0, 0x00, 0x00, 0x41, 0x70, 0x00, 0x00, 0xC2, 0x8C, 0x00, 0x00,
    0xC1, 0xF0, 0x00, 0x00, 0x3D, 0x4C, 0xCC, 0xCD, 0x4C, 0x4C, 0x30, 0x38, 0x00, 0x02, 0x40, 0x02,
    0xC7, 0xC3, 0x4F, 0xFF, 0x3F, 0x19, 0x99, 0x9A, 0xC7, 0xC3, 0x4F, 0xFF, 0xC7, 0xC3, 0x4F, 0xFF,
    0x3F, 0x00, 0x00, 0x00, 0x3D, 0xCC, 0xCC, 0xCD, 0x3D, 0x4C, 0xCC, 0xCD, 0xC7, 0xC3, 0x4F, 0xFF,
    0xC7, 0xC3, 0x4F, 0xFF, 0x3F, 0x80, 0x00, 0x00, 0x43, 0xFA, 0x00, 0x00, 0x44, 0x61, 0x00, 0x00,
    0xC7, 0xC3, 0x4F, 0xFF, 0x3F, 0x00, 0x00, 0x00, 0xC7, 0xC3, 0x4F, 0xFF, 0x41, 0x20, 0x00, 0x00,
    0x41, 0x70, 0x00, 0x00, 0xC7, 0xC3, 0x4F, 0xFF, 0xC7, 0xC3, 0x4F, 0xFF, 0xC7, 0xC3, 0x4F, 0xFF,
    0x42, 0x48, 0x00, 0x00, 0x42, 0x8C, 0x00, 0x00, 0x3D, 0x23, 0xD7, 0x0A, 0x43, 0x16, 0x00, 0x00,
    0x42, 0xF0, 0x00, 0x00, 0xC2, 0x70, 0x00, 0x00, 0xC2, 0xA0, 0x00, 0x00, 0x3C, 0xA3, 0xD7, 0x0A,
    0x4C, 0x4C, 0x30, 0x37, 0x00, 0x02, 0x40, 0x02, 0xC7, 0xC3, 0x4F, 0xFF, 0x3F, 0x80, 0x00, 0x00,
    0xC7, 0xC3, 0x4F, 0xFF, 0xC7, 0xC3, 0x4F, 0xFF, 0x3F, 0x00, 0x00, 0x00, 0x3E, 0x4C, 0xCC, 0xCD,
    0x3E, 0xCC, 0xCC, 0xCD, 0xC7, 0xC3, 0x4F, 0xFF, 0xC7, 0xC3, 0x4F, 0xFF, 0x3F, 0x80, 0x00, 0x00,
    0x43, 0x7A, 0x00, 0x00, 0x43, 0xA0, 0x00, 0x00, 0xC7, 0xC3, 0x4F, 0xFF, 0x3E, 0x80, 0x00, 0x00,
    0xC7, 0xC3, 0x4F, 0xFF, 0x41, 0x40, 0x00, 0x00, 0x00, 0x00, 0x00, 0x00, 0xC7, 0xC3, 0x4F, 0xFF,
    0xC7, 0xC3, 0x4F, 0xFF, 0xC7, 0xC3, 0x4F, 0xFF, 0x42, 0x64, 0x00, 0x00, 0x42, 0x84, 0x00, 0x00,
    0x3D, 0xA3, 0xD7, 0x0A, 0x42, 0x48, 0x00, 0x00, 0x41, 0x70, 0x00, 0x00, 0xC2, 0x20, 0x00, 0x00,
    0xC1, 0xA0, 0x00, 0x00, 0x3D, 0x23, 0xD7, 0x0A, 0x4C, 0x50, 0x31, 0x30, 0x00, 0x02, 0x40, 0x02,
    0xC7, 0xC3, 0x4F, 0xFF, 0x3F, 0x80, 0x00, 0x00, 0xC7, 0xC3, 0x4F, 0xFF, 0xC7, 0xC3, 0x4F, 0xFF,
    0x3F, 0x00, 0x00, 0x00, 0x3E, 0x4C, 0xCC, 0xCD, 0x3E, 0xCC, 0xCC, 0xCD, 0xC7, 0xC3, 0x4F, 0xFF,
    0xC7, 0xC3, 0x4F, 0xFF, 0x3F, 0x80, 0x00, 0x00, 0x43, 0x48, 0x00, 0x00, 0x43, 0x52, 0x00, 0x00,
    0xC7, 0xC3, 0x4F, 0xFF, 0x00, 0x00, 0x00, 0x00, 0xC7, 0xC3, 0x4F, 0xFF, 0x41, 0x70, 0x00, 0x00,
    0x41, 0x70, 0x00, 0x00, 0xC7, 0xC3, 0x4F, 0xFF, 0xC7, 0xC3, 0x4F, 0xFF, 0xC7, 0xC3, 0x4F, 0xFF,
    0x42, 0x48, 0x00, 0x00, 0x42, 0x48, 0x00, 0x00, 0x3F, 0x19, 0x99, 0x9A, 0x41, 0xA0, 0x00, 0x00,
    0x41, 0xA0, 0x00, 0x00, 0xC1, 0xF0, 0x00, 0x00, 0xC1, 0xF0, 0x00, 0x00, 0x3F, 0x19, 0x99, 0x9A,
    0x53, 0x4E, 0x31, 0x35, 0x00, 0x04, 0x44, 0x02, 0x00, 0x00, 0x00, 0x00, 0xC0, 0xA0, 0x00, 0x00,
    0x00, 0x00, 0x00, 0x00, 0xC7, 0xC3, 0x4F, 0xFF, 0x00, 0x00, 0x00, 0x00, 0xC7, 0xC3, 0x4F, 0xFF,
    0xC7, 0xC3, 0x4F, 0xFF, 0x41, 0xA0, 0x00, 0x00, 0xC7, 0xC3, 0x4F, 0xFF, 0xC7, 0xC3, 0x4F, 0xFF,
    0x41, 0xA0, 0x00, 0x00, 0xC7, 0xC3, 0x4F, 0xFF, 0xC7, 0xC3, 0x4F, 0xFF, 0xC7, 0xC3, 0x4F, 0xFF,
    0xC7, 0xC3, 0x4F, 0xFF, 0xC7, 0xC3, 0x4F, 0xFF, 0x42, 0x8C, 0x00, 0x00, 0x42, 0x48, 0x00, 0x00,
    0x3E, 0x4C, 0xCC, 0xCD, 0x00, 0x00, 0x00, 0x00, 0x00, 0x00, 0x00, 0x00, 0x41, 0xA0, 0x00, 0x00,
    0x3F, 0x40, 0x00, 0x00, 0xC7, 0xC3, 0x4F, 0xFF, 0x42, 0xB4, 0x00, 0x00, 0x00, 0x00, 0x00, 0x00,
    0x41, 0xA0, 0x00, 0x00, 0xC7, 0xC3, 0x4F, 0xFF, 0x42, 0x57, 0x30, 0x37, 0x00, 0x08, 0x00, 0x83,
    0x00, 0x00, 0x00, 0x00, 0x00, 0x00, 0x00, 0x00, 0xC2, 0x70, 0x00, 0x00, 0xC7, 0xC3, 0x4F, 0xFF,
    0xC1, 0x20, 0x00, 0x00, 0x3E, 0x19, 0x99, 0x9A, 0x3F, 0x26, 0x66, 0x66, 0x43, 0xAF, 0x00, 0x00,
    0xC7, 0xC3, 0x4F, 0xFF, 0x44, 0x61, 0x00, 0x00, 0xC2, 0xF0, 0x00, 0x00, 0x42, 0x48, 0x00, 0x00,
    0x41, 0x20, 0x00, 0x00, 0xC0, 0xA0, 0x00, 0x00, 0x41, 0x70, 0x00, 0x00, 0x40, 0xA0, 0x00, 0x00,
    0x41, 0xF0, 0x00, 0x00, 0x42, 0x70, 0x00, 0x00, 0xC7, 0xC3, 0x4F, 0xFF, 0x42, 0x48, 0x00, 0x00,
    0x41, 0x40, 0x00, 0x00, 0x3F, 0x40, 0x00, 0x00, 0x3E, 0x4C, 0xCC, 0xCD, 0x00, 0x00, 0x00, 0x00,
    0x3D, 0x4C, 0xCC, 0xCD, 0x42, 0x70, 0x00, 0x00, 0x3F, 0x00, 0x00, 0x00, 0x3D, 0xA3, 0xD7, 0x0A,
    0x46, 0x4E, 0x31, 0x38, 0x00, 0x01, 0x40, 0xC9, 0x00, 0x00, 0x00, 0x00, 0x3F, 0x80, 0x00, 0x00,
    0x00, 0x00, 0x00, 0x00, 0x00, 0x00, 0x00, 0x00, 0x00, 0x00, 0x00, 0x00, 0x3E, 0x80, 0x00, 0x00,
    0x3E, 0xE6, 0x66, 0x66, 0x43, 0xB4, 0x00, 0x00, 0x43, 0x70, 0x00, 0x00, 0x44, 0x7A, 0x00, 0x00,
    0x3F, 0x28, 0xF5, 0xC3, 0x3D, 0xCC, 0xCC, 0xCD, 0x41, 0x20, 0x00, 0x00, 0xC2, 0x20, 0x00, 0x00,
    0x42, 0x70, 0x00, 0x00, 0x40, 0x00, 0x00, 0x00, 0x3D, 0x4C, 0xCC, 0xCD, 0x42, 0x68, 0x00, 0x00,
    0x42, 0x68, 0x00, 0x00, 0x42, 0x70, 0x00, 0x00, 0xC7, 0xC3, 0x4F, 0xFF, 0x3D, 0x4C, 0xCC, 0xCD,
    0x3E, 0x4C, 0xCC, 0xCD, 0x40, 0x80, 0x00, 0x00, 0x3E, 0x4C, 0xCC, 0xCD, 0xC7, 0xC3, 0x4F, 0xFF,
    0x3D, 0xCC, 0xCC, 0xCD, 0xC7, 0xC3, 0x4F, 0xFF, 0x4A, 0x4E, 0x30, 0x35, 0x00, 0x0B, 0x40, 0x01,
    0x00, 0x00, 0x00, 0x00, 0x3F, 0x80, 0x00, 0x00, 0xC2, 0x70, 0x00, 0x00, 0xC7, 0xC3, 0x4F, 0xFF,
    0xC7, 0xC3, 0x4F, 0xFF, 0x3E, 0x80, 0x00, 0x00, 0x3F, 0x40, 0x00, 0x00, 0x44, 0x61, 0x00, 0x00,
    0x42, 0x48, 0x00, 0x00, 0xC7, 0xC3, 0x4F, 0xFF, 0xC7, 0xC3, 0x4F, 0xFF, 0x44, 0x7A, 0x00, 0x00,
    0xC7, 0xC3, 0x4F, 0xFF, 0xC7, 0xC3, 0x4F, 0xFF, 0xC7, 0xC3, 0x4F, 0xFF, 0xC7, 0xC3, 0x4F, 0xFF,
    0xC7, 0xC3, 0x4F, 0xFF, 0x42, 0x70, 0x00, 0x00, 0xC7, 0xC3, 0x4F, 0xFF, 0xC7, 0xC3, 0x4F, 0xFF,
    0xC7, 0xC3, 0x4F, 0xFF, 0xC7, 0xC3, 0x4F, 0xFF, 0xC7, 0xC3, 0x4F, 0xFF, 0x3F, 0x40, 0x00, 0x00,
    0x00, 0x00, 0x00, 0x00, 0xC7, 0xC3, 0x4F, 0xFF, 0xC7, 0xC3, 0x4F, 0xFF, 0xC7, 0xC3, 0x4F, 0xFF,
    0x58, 0x4E, 0x30, 0x36, 0x00, 0x06, 0x02, 0x00, 0xC7, 0xC3, 0x4F, 0xFF, 0xC7, 0xC3, 0x4F, 0xFF,
    0xC7, 0xC3, 0x4F, 0xFF, 0xC7, 0xC3, 0x4F, 0xFF, 0xC7, 0xC3, 0x4F, 0xFF, 0xC7, 0xC3, 0x4F, 0xFF,
    0xC7, 0xC3, 0x4F, 0xFF, 0xC7, 0xC3, 0x4F, 0xFF, 0xC7, 0xC3, 0x4F, 0xFF, 0xC7, 0xC3, 0x4F, 0xFF,
    0xC7, 0xC3, 0x4F, 0xFF, 0xC7, 0xC3, 0x4F, 0xFF, 0xC7, 0xC3, 0x4F, 0xFF, 0xC7, 0xC3, 0x4F, 0xFF,
    0xC7, 0xC3, 0x4F, 0xFF, 0xC7, 0xC3, 0x4F, 0xFF, 0xC7, 0xC3, 0x4F, 0xFF, 0x42, 0x48, 0x00, 0x00,
    0xC7, 0xC3, 0x4F, 0xFF, 0xC7, 0xC3, 0x4F, 0xFF, 0xC7, 0xC3, 0x4F, 0xFF, 0xC7, 0xC3, 0x4F, 0xFF,
    0xC7, 0xC3, 0x4F, 0xFF, 0xC7, 0xC3, 0x4F, 0xFF, 0x00, 0x00, 0x00, 0x00, 0xC7, 0xC3, 0x4F, 0xFF,
    0xC7, 0xC3, 0x4F, 0xFF, 0xC7, 0xC3, 0x4F, 0xFF, 0x4C, 0x42, 0x30, 0x31, 0x00, 0x02, 0x40, 0x02,
    0xC7, 0xC3, 0x4F, 0xFF, 0x3F, 0x80, 0x00, 0x00, 0xC7, 0xC3, 0x4F, 0xFF, 0xC7, 0xC3, 0x4F, 0xFF,
    0x3F, 0x00, 0x00, 0x00, 0x3E, 0xCC, 0xCC, 0xCD, 0x3E, 0x4C, 0xCC, 0xCD, 0xC7, 0xC3, 0x4F, 0xFF,
    0xC7, 0xC3, 0x4F, 0xFF, 0x3F, 0x80, 0x00, 0x00, 0x43, 0xD2, 0x00, 0x00, 0x43, 0xB4, 0x00, 0x00,
    0xC7, 0xC3, 0x4F, 0xFF, 0x00, 0x00, 0x00, 0x00, 0xC7, 0xC3, 0x4F, 0xFF, 0x42, 0x34, 0x00, 0x00,
    0x41, 0xF0, 0x00, 0x00, 0xC7, 0xC3, 0x4F, 0xFF, 0xC7, 0xC3, 0x4F, 0xFF, 0xC7, 0xC3, 0x4F, 0xFF,
    0x42, 0x48, 0x00, 0x00, 0x42, 0x70, 0x00, 0x00, 0x3C, 0x23, 0xD7, 0x0A, 0x42, 0x70, 0x00, 0x00,
    0x41, 0xF0, 0x00, 0x00, 0xC1, 0x20, 0x00, 0x00, 0xC0, 0xA0, 0x00, 0x00, 0x00, 0x00, 0x00, 0x00,
    0x4C, 0x41, 0x30, 0x31, 0x00, 0x02, 0x40, 0x02, 0xC7, 0xC3, 0x4F, 0xFF, 0x3F, 0x80, 0x00, 0x00,
    0xC7, 0xC3, 0x4F, 0xFF, 0xC7, 0xC3, 0x4F, 0xFF, 0x3F, 0x00, 0x00, 0x00, 0x3C, 0xF5, 0xC2, 0x8F,
    0x00, 0x00, 0x00, 0x00, 0xC7, 0xC3, 0x4F, 0xFF, 0xC7, 0xC3, 0x4F, 0xFF, 0x3F, 0x80, 0x00, 0x00,
    0x43, 0xF0, 0x00, 0x00, 0x43, 0xF0, 0x00, 0x00, 0xC7, 0xC3, 0x4F, 0xFF, 0x00, 0x00, 0x00, 0x00,
    0xC7, 0xC3, 0x4F, 0xFF, 0x41, 0xF0, 0x00, 0x00, 0x41, 0xA0, 0x00, 0x00, 0xC7, 0xC3, 0x4F, 0xFF,
    0xC7, 0xC3, 0x4F, 0xFF, 0xC7, 0xC3, 0x4F, 0xFF, 0x42, 0x82, 0x00, 0x00, 0x42, 0x82, 0x00, 0x00,
    0x00, 0x00, 0x00, 0x00, 0x42, 0x70, 0x00, 0x00, 0x41, 0xA0, 0x00, 0x00, 0xC1, 0xB4, 0x00, 0x00,
    0xC0, 0x20, 0x00, 0x00, 0x00, 0x00, 0x00, 0x00, 0x42, 0x50, 0x30, 0x37, 0x00, 0x08, 0x00, 0x83,
    0x00, 0x00, 0x00, 0x00, 0x00, 0x00, 0x00, 0x00, 0xC2, 0x70, 0x00, 0x00, 0xC7, 0xC3, 0x4F, 0xFF,
    0xC1, 0x20, 0x00, 0x00, 0x3E, 0x19, 0x99, 0x9A, 0x3F, 0x26, 0x66, 0x66, 0x43, 0xAF, 0x00, 0x00,
    0xC7, 0xC3, 0x4F, 0xFF, 0x44, 0x61, 0x00, 0x00, 0xC2, 0xF0, 0x00, 0x00, 0x42, 0x48, 0x00, 0x00,
    0x41, 0x20, 0x00, 0x00, 0xC0, 0xA0, 0x00, 0x00, 0x41, 0x70, 0x00, 0x00, 0x40, 0xA0, 0x00, 0x00,
    0x41, 0xF0, 0x00, 0x00, 0x42, 0x70, 0x00, 0x00, 0xC7, 0xC3, 0x4F, 0xFF, 0x42, 0x48, 0x00, 0x00,
    0x41, 0x40, 0x00, 0x00, 0x3F, 0x40, 0x00, 0x00, 0x3E, 0x4C, 0xCC, 0xCD, 0x00, 0x00, 0x00, 0x00,
    0x3D, 0x4C, 0xCC, 0xCD, 0x42, 0x70, 0x00, 0x00, 0x3F, 0x00, 0x00, 0x00, 0x3D, 0xA3, 0xD7, 0x0A,
    0x4C, 0x57, 0x30, 0x32, 0x00, 0x02, 0x40, 0x02, 0xC7, 0xC3, 0x4F, 0xFF, 0x3F, 0x80, 0x00, 0x00,
    0xC7, 0xC3, 0x4F, 0xFF, 0xC7, 0xC3, 0x4F, 0xFF, 0x3F, 0x00, 0x00, 0x00, 0x3E, 0xCC, 0xCC, 0xCD,
    0x3E, 0x4C, 0xCC, 0xCD, 0xC7, 0xC3, 0x4F, 0xFF, 0xC7, 0xC3, 0x4F, 0xFF, 0x3F, 0x80, 0x00, 0x00,
    0x43, 0xD2, 0x00, 0x00, 0x43, 0xB4, 0x00, 0x00, 0xC7, 0xC3, 0x4F, 0xFF, 0x00, 0x00, 0x00, 0x00,
    0xC7, 0xC3, 0x4F, 0xFF, 0x42, 0x34, 0x00, 0x00, 0x41, 0xF0, 0x00, 0x00, 0xC7, 0xC3, 0x4F, 0xFF,
    0xC7, 0xC3, 0x4F, 0xFF, 0xC7, 0xC3, 0x4F, 0xFF, 0x42, 0x48, 0x00, 0x00, 0x42, 0x70, 0x00, 0x00,
    0x3C, 0x23, 0xD7, 0x0A, 0x42, 0x70, 0x00, 0x00, 0x41, 0xF0, 0x00, 0x00, 0xC1, 0x20, 0x00, 0x00,
    0xC0, 0xA0, 0x00, 0x00, 0x00, 0x00, 0x00, 0x00, 0x48, 0x50, 0x31, 0x36, 0x00, 0x15, 0x00, 0x02,
    0x41, 0xA0, 0x00, 0x00, 0x41, 0x20, 0x00, 0x00, 0xC7, 0xC3, 0x4F, 0xFF, 0x3F, 0x40, 0x00, 0x00,
    0x3E, 0x80, 0x00, 0x00, 0xC2, 0x8C, 0x00, 0x00, 0xC7, 0xC3, 0x4F, 0xFF, 0xC7, 0xC3, 0x4F, 0xFF,
    0xC7, 0xC3, 0x4F, 0xFF, 0xC7, 0xC3, 0x4F, 0xFF, 0x43, 0x48, 0x00, 0x00, 0x43, 0x48, 0x00, 0x00,
    0xC7, 0xC3, 0x4F, 0xFF, 0x3F, 0x80, 0x00, 0x00, 0x3F, 0x80, 0x00, 0x00, 0x42, 0x70, 0x00, 0x00,
    0x42, 0x70, 0x00, 0x00, 0xC7, 0xC3, 0x4F, 0xFF, 0x3D, 0x4C, 0xCC, 0xCD, 0x3F, 0x80, 0x00, 0x00,
    0xC7, 0xC3, 0x4F, 0xFF, 0xC7, 0xC3, 0x4F, 0xFF, 0xC7, 0xC3, 0x4F, 0xFF, 0xC7, 0xC3, 0x4F, 0xFF,
    0xC7, 0xC3, 0x4F, 0xFF, 0x42, 0x5C, 0x00, 0x00, 0xC7, 0xC3, 0x4F, 0xFF, 0xC7, 0xC3, 0x4F, 0xFF,
    0x48, 0x4E, 0x31, 0x36, 0x00, 0x15, 0x00, 0x02, 0x00, 0x00, 0x00, 0x00, 0x00, 0x00, 0x00, 0x00,
    0xC7, 0xC3, 0x4F, 0xFF, 0x3F, 0x00, 0x00, 0x00, 0x3E, 0x80, 0x00, 0x00, 0xC2, 0x70, 0x00, 0x00,
    0xC7, 0xC3, 0x4F, 0xFF, 0xC7, 0xC3, 0x4F, 0xFF, 0xC7, 0xC3, 0x4F, 0xFF, 0xC7, 0xC3, 0x4F, 0xFF,
    0x43, 0xAF, 0x00, 0x00, 0x43, 0xA0, 0x00, 0x00, 0xC7, 0xC3, 0x4F, 0xFF, 0x3E, 0x99, 0x99, 0x9A,
    0x3E, 0x99, 0x99, 0x9A, 0x41, 0xC8, 0x00, 0x00, 0x41, 0xC8, 0x00, 0x00, 0xC7, 0xC3, 0x4F, 0xFF,
    0x3F, 0x00, 0x00, 0x00, 0x3E, 0x80, 0x00, 0x00, 0xC7, 0xC3, 0x4F, 0xFF, 0xC7, 0xC3, 0x4F, 0xFF,
    0xC7, 0xC3, 0x4F, 0xFF, 0xC7, 0xC3, 0x4F, 0xFF, 0xC7, 0xC3, 0x4F, 0xFF, 0x42, 0x7A, 0x00, 0x00,
    0xC7, 0xC3, 0x4F, 0xFF, 0xC7, 0xC3, 0x4F, 0xFF, 0x42, 0x4E, 0x30, 0x37, 0x00, 0x08, 0x00, 0x83,
    0x00, 0x00, 0x00, 0x00, 0x00, 0x00, 0x00, 0x00, 0xC2, 0x70, 0x00, 0x00, 0xC7, 0xC3, 0x4F, 0xFF,
    0xC1, 0x20, 0x00, 0x00, 0x3E, 0x19, 0x99, 0x9A, 0x3F, 0x26, 0x66, 0x66, 0x43, 0xAF, 0x00, 0x00,
    0xC7, 0xC3, 0x4F, 0xFF, 0x44, 0x61, 0x00, 0x00, 0xC2, 0xF0, 0x00, 0x00, 0x42, 0x48, 0x00, 0x00,
    0x41, 0x20, 0x00, 0x00, 0xC0, 0xA0, 0x00, 0x00, 0x41, 0x70, 0x00, 0x00, 0x40, 0xA0, 0x00, 0x00,
    0x41, 0xF0, 0x00, 0x00, 0x42, 0x70, 0x00, 0x00, 0xC7, 0xC3, 0x4F, 0xFF, 0x42, 0x48, 0x00, 0x00,
    0x41, 0x40, 0x00, 0x00, 0x3F, 0x40, 0x00, 0x00, 0x3E, 0x4C, 0xCC, 0xCD, 0x00, 0x00, 0x00, 0x00,
    0x3D, 0x4C, 0xCC, 0xCD, 0x42, 0x70, 0x00, 0x00, 0x3F, 0x00, 0x00, 0x00, 0x3D, 0xA3, 0xD7, 0x0A,
    0x4C, 0x50, 0x30, 0x35, 0x00, 0x02, 0x00, 0x02, 0xC7, 0xC3, 0x4F, 0xFF, 0x3F, 0x40, 0x00, 0x00,
    0xC7, 0xC3, 0x4F, 0xFF, 0xC7, 0xC3, 0x4F, 0xFF, 0x3E, 0x80, 0x00, 0x00, 0x3D, 0x4C, 0xCC, 0xCD,
    0x3C, 0xA3, 0xD7, 0x0A, 0xC7, 0xC3, 0x4F, 0xFF, 0xC7, 0xC3, 0x4F, 0xFF, 0xC7, 0xC3, 0x4F, 0xFF,
    0x43, 0x7A, 0x00, 0x00, 0x43, 0xA0, 0x00, 0x00, 0xC7, 0xC3, 0x4F, 0xFF, 0x00, 0x00, 0x00, 0x00,
    0xC7, 0xC3, 0x4F, 0xFF, 0x42, 0x20, 0x00, 0x00, 0x41, 0xF0, 0x00, 0x00, 0xC7, 0xC3, 0x4F, 0xFF,
    0xC7, 0xC3, 0x4F, 0xFF, 0xC7, 0xC3, 0x4F, 0xFF, 0x42, 0x0C, 0x00, 0x00, 0x42, 0x34, 0x00, 0x00,
    0x00, 0x00, 0x00, 0x00, 0x42, 0xF0, 0x00, 0x00, 0x42, 0xB4, 0x00, 0x00, 0xC2, 0x48, 0x00, 0x00,
    0xC1, 0xF0, 0x00, 0x00, 0x00, 0x00, 0x00, 0x00, 0x4C, 0x50, 0x30, 0x36, 0x00, 0x02, 0x00, 0x02,
    0xC7, 0xC3, 0x4F, 0xFF, 0x3F, 0x80, 0x00, 0x00, 0xC7, 0xC3, 0x4F, 0xFF, 0xC7, 0xC3, 0x4F, 0xFF,
    0x3F, 0x00, 0x00, 0x00, 0x3E, 0x4C, 0xCC, 0xCD, 0x3E, 0x4C, 0xCC, 0xCD, 0xC7, 0xC3, 0x4F, 0xFF,
    0xC7, 0xC3, 0x4F, 0xFF, 0x3F, 0x80, 0x00, 0x00, 0x43, 0xC8, 0x00, 0x00, 0x44, 0x16, 0x00, 0x00,
    0xC7, 0xC3, 0x4F, 0xFF, 0x00, 0x00, 0x00, 0x00, 0xC7, 0xC3, 0x4F, 0xFF, 0x42, 0x0C, 0x00, 0x00,
    0x42, 0x34, 0x00, 0x00, 0xC7, 0xC3, 0x4F, 0xFF, 0xC7, 0xC3, 0x4F, 0xFF, 0xC7, 0xC3, 0x4F, 0xFF,
    0x42, 0x34, 0x00, 0x00, 0x42, 0x48, 0x00, 0x00, 0x3D, 0xCC, 0xCC, 0xCD, 0x42, 0x8C, 0x00, 0x00,
    0x41, 0x20, 0x00, 0x00, 0x41, 0xA0, 0x00, 0x00, 0x42, 0x0C, 0x00, 0x00, 0x3D, 0x4C, 0xCC, 0xCD,
    0x48, 0x4E, 0x31, 0x38, 0x00, 0x17, 0x00, 0x02, 0x42, 0xA0, 0x00, 0x00, 0x00, 0x00, 0x00, 0x00,
    0xC7, 0xC3, 0x4F, 0xFF, 0x3F, 0x4C, 0xCC, 0xCD, 0x3E, 0x19, 0x99, 0x9A, 0x43, 0x16, 0x00, 0x00,
    0xC7, 0xC3, 0x4F, 0xFF, 0x43, 0xFA, 0x00, 0x00, 0xC7, 0xC3, 0x4F, 0xFF, 0xC7, 0xC3, 0x4F, 0xFF,
    0x44, 0x02, 0x00, 0x00, 0x42, 0xA0, 0x00, 0x00, 0xC7, 0xC3, 0x4F, 0xFF, 0x3E, 0x80, 0x00, 0x00,
    0x3F, 0x33, 0x33, 0x33, 0x42, 0x48, 0x00, 0x00, 0x40, 0xA0, 0x00, 0x00, 0xC7, 0xC3, 0x4F, 0xFF,
    0x3F, 0x40, 0x00, 0x00, 0x3E, 0x19, 0x99, 0x9A, 0xC7, 0xC3, 0x4F, 0xFF, 0xC7, 0xC3, 0x4F, 0xFF,
    0xC7, 0xC3, 0x4F, 0xFF, 0xC7, 0xC3, 0x4F, 0xFF, 0xC7, 0xC3, 0x4F, 0xFF, 0x42, 0xB4, 0x00, 0x00,
    0xC7, 0xC3, 0x4F, 0xFF, 0xC7, 0xC3, 0x4F, 0xFF, 0x46, 0x4E, 0x32, 0x35, 0x00, 0x01, 0x40, 0xC9,
    0x00, 0x00, 0x00, 0x00, 0x3F, 0x80, 0x00, 0x00, 0x00, 0x00, 0x00, 0x00, 0x00, 0x00, 0x00, 0x00,
    0x00, 0x00, 0x00, 0x00, 0x3E, 0x80, 0x00, 0x00, 0x3F, 0x40, 0x00, 0x00, 0x44, 0x16, 0x00, 0x00,
    0x43, 0xAF, 0x00, 0x00, 0x44, 0x7A, 0x00, 0x00, 0x3F, 0x28, 0xF5, 0xC3, 0x3D, 0xB8, 0x51, 0xEC,
    0x41, 0xC8, 0x00, 0x00, 0x41, 0xC8, 0x00, 0x00, 0x42, 0x20, 0x00, 0x00, 0x40, 0x00, 0x00, 0x00,
    0x3D, 0x4C, 0xCC, 0xCD, 0x42, 0x70, 0x00, 0x00, 0x42, 0x70, 0x00, 0x00, 0x42, 0x70, 0x00, 0x00,
    0xC7, 0xC3, 0x4F, 0xFF, 0x3D, 0x4C, 0xCC, 0xCD, 0x3E, 0x4C, 0xCC, 0xCD, 0x3F, 0x80, 0x00, 0x00,
    0x3E, 0x99, 0x99, 0x9A, 0xC7, 0xC3, 0x4F, 0xFF, 0xC7, 0xC3, 0x4F, 0xFF, 0xC7, 0xC3, 0x4F, 0xFF,
    0x42, 0x50, 0x30, 0x38, 0x00, 0x08, 0x00, 0x03, 0x00, 0x00, 0x00, 0x00, 0x42, 0x20, 0x00, 0x00,
    0x42, 0x8C, 0x00, 0x00, 0xC7, 0xC3, 0x4F, 0xFF, 0xC1, 0x20, 0x00, 0x00, 0x3D, 0x23, 0xD7, 0x0A,
    0x3E, 0xCC, 0xCC, 0xCD, 0x44, 0x7A, 0x00, 0x00, 0xC7, 0xC3, 0x4F, 0xFF, 0x44, 0xE1, 0x00, 0x00,
    0xC4, 0x96, 0x00, 0x00, 0x42, 0x82, 0x00, 0x00, 0x42, 0x34, 0x00, 0x00, 0x42, 0x20, 0x00, 0x00,
    0x42, 0x48, 0x00, 0x00, 0xC1, 0x20, 0x00, 0x00, 0x41, 0xF0, 0x00, 0x00, 0x42, 0x78, 0x00, 0x00,
    0xC7, 0xC3, 0x4F, 0xFF, 0x42, 0x8C, 0x00, 0x00, 0x41, 0xB0, 0x00, 0x00, 0x3F, 0x40, 0x00, 0x00,
    0x3D, 0xF5, 0xC2, 0x8F, 0xC0, 0xA0, 0x00, 0x00, 0x3C, 0xF5, 0xC2, 0x8F, 0xC2, 0xC8, 0x00, 0x00,
    0x3F, 0x00, 0x00, 0x00, 0x3D, 0xA3, 0xD7, 0x0A, 0x42, 0x4E, 0x30, 0x38, 0x00, 0x08, 0x00, 0x03,
    0x00, 0x00, 0x00, 0x00, 0x42, 0x20, 0x00, 0x00, 0x42, 0x8C, 0x00, 0x00, 0xC7, 0xC3, 0x4F, 0xFF,
    0xC1, 0x20, 0x00, 0x00, 0x3D, 0x23, 0xD7, 0x0A, 0x3E, 0xCC, 0xCC, 0xCD, 0x44, 0x7A, 0x00, 0x00,
    0xC7, 0xC3, 0x4F, 0xFF, 0x44, 0xE1, 0x00, 0x00, 0xC4, 0x96, 0x00, 0x00, 0x42, 0x82, 0x00, 0x00,
    0x42, 0x34, 0x00, 0x00, 0x42, 0x20, 0x00, 0x00, 0x42, 0x48, 0x00, 0x00, 0xC1, 0x20, 0x00, 0x00,
    0x41, 0xF0, 0x00, 0x00, 0x42, 0x78, 0x00, 0x00, 0xC7, 0xC3, 0x4F, 0xFF, 0x42, 0x8C, 0x00, 0x00,
    0x41, 0xB0, 0x00, 0x00, 0x3F, 0x40, 0x00, 0x00, 0x3D, 0xF5, 0xC2, 0x8F, 0xC0, 0xA0, 0x00, 0x00,
    0x3C, 0xF5, 0xC2, 0x8F, 0xC2, 0xC8, 0x00, 0x00, 0x3F, 0x00, 0x00, 0x00, 0x3D, 0xA3, 0xD7, 0x0A,
    0x46, 0x4E, 0x32, 0x39, 0x00, 0x01, 0x40, 0xC9, 0x00, 0x00, 0x00, 0x00, 0x3F, 0x80, 0x00, 0x00,
    0x00, 0x00, 0x00, 0x00, 0x00, 0x00, 0x00, 0x00, 0x00, 0x00, 0x00, 0x00, 0x3E, 0x80, 0x00, 0x00,
    0x3F, 0x40, 0x00, 0x00, 0x44, 0x16, 0x00, 0x00, 0x43, 0xAF, 0x00, 0x00, 0x44, 0x7A, 0x00, 0x00,
    0x3F, 0x28, 0xF5, 0xC3, 0x3D, 0xB8, 0x51, 0xEC, 0x41, 0xC8, 0x00, 0x00, 0x41, 0xC8, 0x00, 0x00,
    0x42, 0x20, 0x00, 0x00, 0x40, 0x00, 0x00, 0x00, 0x3D, 0x4C, 0xCC, 0xCD, 0x42, 0x70, 0x00, 0x00,
    0x42, 0x70, 0x00, 0x00, 0x42, 0x70, 0x00, 0x00, 0xC7, 0xC3, 0x4F, 0xFF, 0x3D, 0x4C, 0xCC, 0xCD,
    0x3E, 0x4C, 0xCC, 0xCD, 0x3F, 0x80, 0x00, 0x00, 0x3E, 0x99, 0x99, 0x9A, 0xC7, 0xC3, 0x4F, 0xFF,
    0xC7, 0xC3, 0x4F, 0xFF, 0xC7, 0xC3, 0x4F, 0xFF, 0x53, 0x58, 0x30, 0x31, 0x00, 0x04, 0x00, 0x22,
    0x42, 0x82, 0x00, 0x00, 0x41, 0xE0, 0x00, 0x00, 0x40, 0xA0, 0x00, 0x00, 0xC7, 0xC3, 0x4F, 0xFF,
    0xC0, 0xC0, 0x00, 0x00, 0xC7, 0xC3, 0x4F, 0xFF, 0xC7, 0xC3, 0x4F, 0xFF, 0x43, 0x34, 0x00, 0x00,
    0xC7, 0xC3, 0x4F, 0xFF, 0xC7, 0xC3, 0x4F, 0xFF, 0x41, 0xA0, 0x00, 0x00, 0xC7, 0xC3, 0x4F, 0xFF,
    0xC7, 0xC3, 0x4F, 0xFF, 0xC7, 0xC3, 0x4F, 0xFF, 0xC7, 0xC3, 0x4F, 0xFF, 0xC7, 0xC3, 0x4F, 0xFF,
    0x42, 0x8C, 0x00, 0x00, 0x42, 0x5C, 0x00, 0x00, 0x42, 0x48, 0x00, 0x00, 0x41, 0x20, 0x00, 0x00,
    0xC1, 0x70, 0x00, 0x00, 0xC1, 0xF8, 0x00, 0x00, 0x3E, 0xE6, 0x66, 0x66, 0xC7, 0xC3, 0x4F, 0xFF,
    0x42, 0xB4, 0x00, 0x00, 0x40, 0xC6, 0x66, 0x66, 0x42, 0x00, 0x00, 0x00, 0xC7, 0xC3, 0x4F, 0xFF,
    0x53, 0x59, 0x30, 0x31, 0x00, 0x04, 0x00, 0x02, 0x41, 0x20, 0x00, 0x00, 0x00, 0x00, 0x00, 0x00,
    0x41, 0xF0, 0x00, 0x00, 0xC7, 0xC3, 0x4F, 0xFF, 0x41, 0xF0, 0x00, 0x00, 0xC7, 0xC3, 0x4F, 0xFF,
    0xC7, 0xC3, 0x4F, 0xFF, 0x43, 0x34, 0x00, 0x00, 0xC7, 0xC3, 0x4F, 0xFF, 0xC7, 0xC3, 0x4F, 0xFF,
    0x42, 0xF0, 0x00, 0x00, 0xC7, 0xC3, 0x4F, 0xFF, 0xC7, 0xC3, 0x4F, 0xFF, 0xC7, 0xC3, 0x4F, 0xFF,
    0xC7, 0xC3, 0x4F, 0xFF, 0xC7, 0xC3, 0x4F, 0xFF, 0x42, 0x8C, 0x00, 0x00, 0x42, 0x70, 0x00, 0x00,
    0x42, 0x70, 0x00, 0x00, 0x41, 0xF0, 0x00, 0x00, 0x41, 0xF0, 0x00, 0x00, 0x00, 0x00, 0x00, 0x00,
    0x3F, 0x19, 0x99, 0x9A, 0xC7, 0xC3, 0x4F, 0xFF, 0x42, 0xB4, 0x00, 0x00, 0x41, 0xF0, 0x00, 0x00,
    0x00, 0x00, 0x00, 0x00, 0xC7, 0xC3, 0x4F, 0xFF, 0x53, 0x58, 0x30, 0x32, 0x00, 0x04, 0x00, 0x22,
    0x42, 0x82, 0x00, 0x00, 0x41, 0xE0, 0x00, 0x00, 0x40, 0xA0, 0x00, 0x00, 0xC7, 0xC3, 0x4F, 0xFF,
    0xC0, 0xC0, 0x00, 0x00, 0xC7, 0xC3, 0x4F, 0xFF, 0xC7, 0xC3, 0x4F, 0xFF, 0x43, 0x34, 0x00, 0x00,
    0xC7, 0xC3, 0x4F, 0xFF, 0xC7, 0xC3, 0x4F, 0xFF, 0x41, 0xA0, 0x00, 0x00, 0xC7, 0xC3, 0x4F, 0xFF,
    0xC7, 0xC3, 0x4F, 0xFF, 0xC7, 0xC3, 0x4F, 0xFF, 0xC7, 0xC3, 0x4F, 0xFF, 0xC7, 0xC3, 0x4F, 0xFF,
    0x42, 0x8C, 0x00, 0x00, 0x42, 0x5C, 0x00, 0x00, 0x42, 0x48, 0x00, 0x00, 0x41, 0x20, 0x00, 0x00,
    0xC1, 0x70, 0x00, 0x00, 0xC1, 0xF8, 0x00, 0x00, 0x3E, 0xE6, 0x66, 0x66, 0xC7, 0xC3, 0x4F, 0xFF,
    0x42, 0xB4, 0x00, 0x00, 0x40, 0xC6, 0x66, 0x66, 0x42, 0x00, 0x00, 0x00, 0xC7, 0xC3, 0x4F, 0xFF,
    0x4D, 0x4D, 0x30, 0x36, 0x00, 0x09, 0x00, 0x00, 0x00, 0x00, 0x00, 0x00, 0x00, 0x00, 0x00, 0x00,
    0x00, 0x00, 0x00, 0x00, 0x00, 0x00, 0x00, 0x00, 0x41, 0xF0, 0x00, 0x00, 0x3E, 0x80, 0x00, 0x00,
    0x3F, 0x33, 0x33, 0x33, 0x43, 0xA0, 0x00, 0x00, 0x43, 0x96, 0x00, 0x00, 0x44, 0x2F, 0x00, 0x00,
    0x00, 0x00, 0x00, 0x00, 0x41, 0xA0, 0x00, 0x00, 0x00, 0x00, 0x00, 0x00, 0xC2, 0xA0, 0x00, 0x00,
    0x42, 0xA0, 0x00, 0x00, 0x00, 0x00, 0x00, 0x00, 0x3F, 0x80, 0x00, 0x00, 0x42, 0x48, 0x00, 0x00,
    0x42, 0x48, 0x00, 0x00, 0x42, 0x48, 0x00, 0x00, 0x00, 0x00, 0x00, 0x00, 0x3E, 0xCC, 0xCC, 0xCD,
    0x3E, 0xA8, 0xF5, 0xC3, 0x00, 0x00, 0x00, 0x00, 0x41, 0x00, 0x00, 0x00, 0x00, 0x00, 0x00, 0x00,
    0x3F, 0x80, 0x00, 0x00, 0x3F, 0x28, 0xF5, 0xC3, 0x4D, 0x4D, 0x30, 0x35, 0x00, 0x09, 0x00, 0x00,
    0x00, 0x00, 0x00, 0x00, 0x00, 0x00, 0x00, 0x00, 0x00, 0x00, 0x00, 0x00, 0x00, 0x00, 0x00, 0x00,
    0x41, 0xF0, 0x00, 0x00, 0x3E, 0x80, 0x00, 0x00, 0x3F, 0x33, 0x33, 0x33, 0x43, 0xA0, 0x00, 0x00,
    0x43, 0x96, 0x00, 0x00, 0x44, 0x2F, 0x00, 0x00, 0x00, 0x00, 0x00, 0x00, 0x41, 0xA0, 0x00, 0x00,
    0x00, 0x00, 0x00, 0x00, 0xC2, 0xA0, 0x00, 0x00, 0x42, 0xA0, 0x00, 0x00, 0x00, 0x00, 0x00, 0x00,
    0x3F, 0x80, 0x00, 0x00, 0x42, 0x48, 0x00, 0x00, 0x42, 0x48, 0x00, 0x00, 0x42, 0x48, 0x00, 0x00,
    0x00, 0x00, 0x00, 0x00, 0x3E, 0xCC, 0xCC, 0xCD, 0x3E, 0xA8, 0xF5, 0xC3, 0x00, 0x00, 0x00, 0x00,
    0x41, 0x00, 0x00, 0x00, 0x00, 0x00, 0x00, 0x00, 0x3F, 0x80, 0x00, 0x00, 0x3F, 0x28, 0xF5, 0xC3,
    0x4D, 0x4D, 0x30, 0x39, 0x00, 0x09, 0x00, 0x00, 0x00, 0x00, 0x00, 0x00, 0x00, 0x00, 0x00, 0x00,
    0x00, 0x00, 0x00, 0x00, 0x00, 0x00, 0x00, 0x00, 0x41, 0xF0, 0x00, 0x00, 0x3E, 0x80, 0x00, 0x00,
    0x3F, 0x33, 0x33, 0x33, 0x43, 0xA0, 0x00, 0x00, 0x43, 0x96, 0x00, 0x00, 0x44, 0x2F, 0x00, 0x00,
    0x00, 0x00, 0x00, 0x00, 0x41, 0xA0, 0x00, 0x00, 0x00, 0x00, 0x00, 0x00, 0xC2, 0xA0, 0x00, 0x00,
    0x42, 0xA0, 0x00, 0x00, 0x00, 0x00, 0x00, 0x00, 0x3F, 0x80, 0x00, 0x00, 0x42, 0x48, 0x00, 0x00,
    0x42, 0x48, 0x00, 0x00, 0x42, 0x48, 0x00, 0x00, 0x00, 0x00, 0x00, 0x00, 0x3E, 0xCC, 0xCC, 0xCD,
    0x3E, 0xA8, 0xF5, 0xC3, 0x00, 0x00, 0x00, 0x00, 0x41, 0x00, 0x00, 0x00, 0x00, 0x00, 0x00, 0x00,
    0x3F, 0x80, 0x00, 0x00, 0x3F, 0x28, 0xF5, 0xC3, 0x4D, 0x4D, 0x30, 0x34, 0x00, 0x09, 0x00, 0x02,
    0x00, 0x00, 0x00, 0x00, 0x00, 0x00, 0x00, 0x00, 0x00, 0x00, 0x00, 0x00, 0x00, 0x00, 0x00, 0x00,
    0x41, 0xF0, 0x00, 0x00, 0x3E, 0x80, 0x00, 0x00, 0x3F, 0x33, 0x33, 0x33, 0x43, 0xA0, 0x00, 0x00,
    0x43, 0x70, 0x00, 0x00, 0x44, 0x2F, 0x00, 0x00, 0x00, 0x00, 0x00, 0x00, 0x41, 0xA0, 0x00, 0x00,
    0x00, 0x00, 0x00, 0x00, 0x00, 0x00, 0x00, 0x00, 0x41, 0xF0, 0x00, 0x00, 0x00, 0x00, 0x00, 0x00,
    0x3F, 0x19, 0x99, 0x9A, 0x42, 0x5C, 0x00, 0x00, 0x42, 0x48, 0x00, 0x00, 0x42, 0x70, 0x00, 0x00,
    0x00, 0x00, 0x00, 0x00, 0x3E, 0xCC, 0xCC, 0xCD, 0x3E, 0xA8, 0xF5, 0xC3, 0x00, 0x00, 0x00, 0x00,
    0x41, 0x00, 0x00, 0x00, 0x00, 0x00, 0x00, 0x00, 0x3F, 0x80, 0x00, 0x00, 0x3F, 0x28, 0xF5, 0xC3,
    0x4C, 0x4E, 0x31, 0x37, 0x00, 0x14, 0x00, 0x42, 0x00, 0x00, 0x00, 0x00, 0x00, 0x00, 0x00, 0x00,
    0xC7, 0xC3, 0x4F, 0xFF, 0x3F, 0x19, 0x99, 0x9A, 0x3E, 0x4C, 0xCC, 0xCD, 0x41, 0x20, 0x00, 0x00,
    0xC7, 0xC3, 0x4F, 0xFF, 0xC7, 0xC3, 0x4F, 0xFF, 0xC7, 0xC3, 0x4F, 0xFF, 0xC7, 0xC3, 0x4F, 0xFF,
    0x43, 0x11, 0x00, 0x00, 0x43, 0x11, 0x00, 0x00, 0x43, 0x11, 0x00, 0x00, 0x3D, 0xCC, 0xCC, 0xCD,
    0x3E, 0x80, 0x00, 0x00, 0x00, 0x00, 0x00, 0x00, 0xC7, 0xC3, 0x4F, 0xFF, 0xC7, 0xC3, 0x4F, 0xFF,
    0x3E, 0x80, 0x00, 0x00, 0x3E, 0x80, 0x00, 0x00, 0xC7, 0xC3, 0x4F, 0xFF, 0xC7, 0xC3, 0x4F, 0xFF,
    0xC7, 0xC3, 0x4F, 0xFF, 0x3D, 0xCC, 0xCC, 0xCD, 0x3F, 0x4C, 0xCC, 0xCD, 0x42, 0x48, 0x00, 0x00,
    0xC7, 0xC3, 0x4F, 0xFF, 0xC7, 0xC3, 0x4F, 0xFF, 0x51, 0x4E, 0x30, 0x37, 0x00, 0x16, 0x04, 0x05,
    0xC2, 0xF0, 0x00, 0x00, 0x00, 0x00, 0x00, 0x00, 0xC7, 0xC3, 0x4F, 0xFF, 0x3F, 0x40, 0x00, 0x00,
    0x3E, 0x19, 0x99, 0x9A, 0x42, 0x48, 0x00, 0x00, 0xC7, 0xC3, 0x4F, 0xFF, 0xC7, 0xC3, 0x4F, 0xFF,
    0x42, 0xA0, 0x00, 0x00, 0xC7, 0xC3, 0x4F, 0xFF, 0x44, 0x48, 0x00, 0x00, 0xC7, 0xC3, 0x4F, 0xFF,
    0xC7, 0xC3, 0x4F, 0xFF, 0x43, 0x48, 0x00, 0x00, 0x42, 0x20, 0x00, 0x00, 0x00, 0x00, 0x00, 0x00,
    0xC0, 0xA0, 0x00, 0x00, 0x42, 0x70, 0x00, 0x00, 0x41, 0xA0, 0x00, 0x00, 0xC7, 0xC3, 0x4F, 0xFF,
    0x3D, 0xCC, 0xCC, 0xCD, 0x3D, 0xCC, 0xCC, 0xCD, 0xC7, 0xC3, 0x4F, 0xFF, 0xC7, 0xC3, 0x4F, 0xFF,
    0xC7, 0xC3, 0x4F, 0xFF, 0x42, 0x70, 0x00, 0x00, 0xC7, 0xC3, 0x4F, 0xFF, 0xC7, 0xC3, 0x4F, 0xFF,
    0x4C, 0x45, 0x30, 0x31, 0x00, 0x01, 0x40, 0xC9, 0x00, 0x00, 0x00, 0x00, 0x3F, 0x80, 0x00, 0x00,
    0x00, 0x00, 0x00, 0x00, 0x00, 0x00, 0x00, 0x00, 0x00, 0x00, 0x00, 0x00, 0x3E, 0x80, 0x00, 0x00,
    0x3E, 0xE6, 0x66, 0x66, 0x43, 0xB4, 0x00, 0x00, 0x43, 0x70, 0x00, 0x00, 0x44, 0x7A, 0x00, 0x00,
    0x3F, 0x28, 0xF5, 0xC3, 0x3D, 0xCC, 0xCC, 0xCD, 0x41, 0x20, 0x00, 0x00, 0xC2, 0x20, 0x00, 0x00,
    0x42, 0x70, 0x00, 0x00, 0x40, 0x00, 0x00, 0x00, 0x3D, 0x4C, 0xCC, 0xCD, 0x42, 0x68, 0x00, 0x00,
    0x42, 0x68, 0x00, 0x00, 0x42, 0x70, 0x00, 0x00, 0xC7, 0xC3, 0x4F, 0xFF, 0x3D, 0x4C, 0xCC, 0xCD,
    0x3E, 0x4C, 0xCC, 0xCD, 0x40, 0x80, 0x00, 0x00, 0x3E, 0x4C, 0xCC, 0xCD, 0xC7, 0xC3, 0x4F, 0xFF,
    0x3D, 0xCC, 0xCC, 0xCD, 0xC7, 0xC3, 0x4F, 0xFF, 0x4C, 0x4E, 0x30, 0x31, 0x00, 0x02, 0x40, 0x02,
    0xC7, 0xC3, 0x4F, 0xFF, 0x3F, 0x80, 0x00, 0x00, 0xC7, 0xC3, 0x4F, 0xFF, 0xC7, 0xC3, 0x4F, 0xFF,
    0x3F, 0x00, 0x00, 0x00, 0x3C, 0xA3, 0xD7, 0x0A, 0x00, 0x00, 0x00, 0x00, 0xC7, 0xC3, 0x4F, 0xFF,
    0xC7, 0xC3, 0x4F, 0xFF, 0x3F, 0x80, 0x00, 0x00, 0x43, 0xFA, 0x00, 0x00, 0x43, 0xFA, 0x00, 0x00,
    0xC7, 0xC3, 0x4F, 0xFF, 0x00, 0x00, 0x00, 0x00, 0xC7, 0xC3, 0x4F, 0xFF, 0x42, 0x0C, 0x00, 0x00,
    0x41, 0x20, 0x00, 0x00, 0xC7, 0xC3, 0x4F, 0xFF, 0xC7, 0xC3, 0x4F, 0xFF, 0xC7, 0xC3, 0x4F, 0xFF,
    0x42, 0x8C, 0x00, 0x00, 0x42, 0x8C, 0x00, 0x00, 0x00, 0x00, 0x00, 0x00, 0x42, 0x70, 0x00, 0x00,
    0x41, 0x70, 0x00, 0x00, 0xC1, 0xB4, 0x00, 0x00, 0xC0, 0x20, 0x00, 0x00, 0x00, 0x00, 0x00, 0x00,
    0x4C, 0x57, 0x30, 0x31, 0x00, 0x01, 0x40, 0xC9, 0x00, 0x00, 0x00, 0x00, 0x3F, 0x80, 0x00, 0x00,
    0x00, 0x00, 0x00, 0x00, 0x00, 0x00, 0x00, 0x00, 0x00, 0x00, 0x00, 0x00, 0x3E, 0x80, 0x00, 0x00,
    0x3E, 0xE6, 0x66, 0x66, 0x43, 0xB4, 0x00, 0x00, 0x43, 0x70, 0x00, 0x00, 0x44, 0x7A, 0x00, 0x00,
    0x3F, 0x28, 0xF5, 0xC3, 0x3D, 0xCC, 0xCC, 0xCD, 0x41, 0x20, 0x00, 0x00, 0xC2, 0x20, 0x00, 0x00,
    0x42, 0x70, 0x00, 0x00, 0x40, 0x00, 0x00, 0x00, 0x3D, 0x4C, 0xCC, 0xCD, 0x42, 0x68, 0x00, 0x00,
    0x42, 0x68, 0x00, 0x00, 0x42, 0x70, 0x00, 0x00, 0xC7, 0xC3, 0x4F, 0xFF, 0x3D, 0x4C, 0xCC, 0xCD,
    0x3E, 0x4C, 0xCC, 0xCD, 0x40, 0x80, 0x00, 0x00, 0x3E, 0x4C, 0xCC, 0xCD, 0xC7, 0xC3, 0x4F, 0xFF,
    0x3D, 0xCC, 0xCC, 0xCD, 0xC7, 0xC3, 0x4F, 0xFF, 0x47, 0x4E, 0x30, 0x31, 0x00, 0x1A, 0x04, 0x01,
    0x40, 0xA0, 0x00, 0x00, 0x00, 0x00, 0x00, 0x00, 0xC7, 0xC3, 0x4F, 0xFF, 0x3F, 0x00, 0x00, 0x00,
    0x3E, 0x80, 0x00, 0x00, 0x41, 0xF0, 0x00, 0x00, 0x42, 0x48, 0x00, 0x00, 0xC7, 0xC3, 0x4F, 0xFF,
    0xC7, 0xC3, 0x4F, 0xFF, 0xC7, 0xC3, 0x4F, 0xFF, 0x43, 0xC8, 0x00, 0x00, 0x43, 0xC8, 0x00, 0x00,
    0xC7, 0xC3, 0x4F, 0xFF, 0x3F, 0x28, 0xF5, 0xC3, 0x3D, 0x4C, 0xCC, 0xCD, 0x41, 0x20, 0x00, 0x00,
    0xC2, 0x70, 0x00, 0x00, 0x42, 0x70, 0x00, 0x00, 0x40, 0x00, 0x00, 0x00, 0x3D, 0x4C, 0xCC, 0xCD,
    0x00, 0x00, 0x00, 0x00, 0xC7, 0xC3, 0x4F, 0xFF, 0xC7, 0xC3, 0x4F, 0xFF, 0x3F, 0x80, 0x00, 0x00,
    0x3E, 0x38, 0x51, 0xEC, 0x42, 0x5C, 0x00, 0x00, 0xC7, 0xC3, 0x4F, 0xFF, 0xC7, 0xC3, 0x4F, 0xFF,
    0x4D, 0x4D, 0x30, 0x31, 0x00, 0x09, 0x00, 0x02, 0x00, 0x00, 0x00, 0x00, 0x00, 0x00, 0x00, 0x00,
    0x00, 0x00, 0x00, 0x00, 0x00, 0x00, 0x00, 0x00, 0x41, 0xF0, 0x00, 0x00, 0x3E, 0x80, 0x00, 0x00,
    0x3F, 0x33, 0x33, 0x33, 0x43, 0xA0, 0x00, 0x00, 0x43, 0x70, 0x00, 0x00, 0x44, 0x2F, 0x00, 0x00,
    0x00, 0x00, 0x00, 0x00, 0x41, 0xA0, 0x00, 0x00, 0x00, 0x00, 0x00, 0x00, 0x00, 0x00, 0x00, 0x00,
    0x41, 0xF0, 0x00, 0x00, 0x00, 0x00, 0x00, 0x00, 0x3F, 0x19, 0x99, 0x9A, 0x42, 0x5C, 0x00, 0x00,
    0x42, 0x48, 0x00, 0x00, 0x42, 0x70, 0x00, 0x00, 0x00, 0x00, 0x00, 0x00, 0x3E, 0xCC, 0xCC, 0xCD,
    0x3E, 0xA8, 0xF5, 0xC3, 0x00, 0x00, 0x00, 0x00, 0x41, 0x00, 0x00, 0x00, 0x00, 0x00, 0x00, 0x00,
    0x3F, 0x80, 0x00, 0x00, 0x3F, 0x28, 0xF5, 0xC3, 0x4D, 0x4D, 0x30, 0x32, 0x00, 0x09, 0x00, 0x00,
    0x00, 0x00, 0x00, 0x00, 0x00, 0x00, 0x00, 0x00, 0x00, 0x00, 0x00, 0x00, 0x00, 0x00, 0x00, 0x00,
    0x41, 0xF0, 0x00, 0x00, 0x3E, 0x80, 0x00, 0x00, 0x3F, 0x33, 0x33, 0x33, 0x43, 0xA0, 0x00, 0x00,
    0x43, 0x96, 0x00, 0x00, 0x44, 0x2F, 0x00, 0x00, 0x00, 0x00, 0x00, 0x00, 0x41, 0xA0, 0x00, 0x00,
    0x00, 0x00, 0x00, 0x00, 0xC2, 0xA0, 0x00, 0x00, 0x42, 0xA0, 0x00, 0x00, 0x00, 0x00, 0x00, 0x00,
    0x3F, 0x80, 0x00, 0x00, 0x42, 0x48, 0x00, 0x00, 0x42, 0x48, 0x00, 0x00, 0x42, 0x48, 0x00, 0x00,
    0x00, 0x00, 0x00, 0x00, 0x3E, 0xCC, 0xCC, 0xCD, 0x3E, 0xA8, 0xF5, 0xC3, 0x00, 0x00, 0x00, 0x00,
    0x41, 0x00, 0x00, 0x00, 0x00, 0x00, 0x00, 0x00, 0x3F, 0x80, 0x00, 0x00, 0x3F, 0x28, 0xF5, 0xC3,
    0x4D, 0x4D, 0x31, 0x30, 0x00, 0x09, 0x00, 0x00, 0x00, 0x00, 0x00, 0x00, 0x00, 0x00, 0x00, 0x00,
    0x00, 0x00, 0x00, 0x00, 0x00, 0x00, 0x00, 0x00, 0x41, 0xF0, 0x00, 0x00, 0x3E, 0x80, 0x00, 0x00,
    0x3F, 0x33, 0x33, 0x33, 0x43, 0xA0, 0x00, 0x00, 0x43, 0x96, 0x00, 0x00, 0x44, 0x2F, 0x00, 0x00,
    0x00, 0x00, 0x00, 0x00, 0x41, 0xA0, 0x00, 0x00, 0x00, 0x00, 0x00, 0x00, 0xC2, 0xA0, 0x00, 0x00,
    0x42, 0xA0, 0x00, 0x00, 0x00, 0x00, 0x00, 0x00, 0x3F, 0x80, 0x00, 0x00, 0x42, 0x48, 0x00, 0x00,
    0x42, 0x48, 0x00, 0x00, 0x42, 0x48, 0x00, 0x00, 0x00, 0x00, 0x00, 0x00, 0x3E, 0xCC, 0xCC, 0xCD,
    0x3E, 0xA8, 0xF5, 0xC3, 0x00, 0x00, 0x00, 0x00, 0x41, 0x00, 0x00, 0x00, 0x00, 0x00, 0x00, 0x00,
    0x3F, 0x80, 0x00, 0x00, 0x3F, 0x28, 0xF5, 0xC3, 0x4D, 0x4D, 0x30, 0x38, 0x00, 0x09, 0x00, 0x00,
    0x00, 0x00, 0x00, 0x00, 0x00, 0x00, 0x00, 0x00, 0x00, 0x00, 0x00, 0x00, 0x00, 0x00, 0x00, 0x00,
    0x41, 0xF0, 0x00, 0x00, 0x3E, 0x80, 0x00, 0x00, 0x3F, 0x33, 0x33, 0x33, 0x43, 0xA0, 0x00, 0x00,
    0x43, 0x96, 0x00, 0x00, 0x44, 0x2F, 0x00, 0x00, 0x00, 0x00, 0x00, 0x00, 0x41, 0xA0, 0x00, 0x00,
    0x00, 0x00, 0x00, 0x00, 0xC2, 0xA0, 0x00, 0x00, 0x42, 0xA0, 0x00, 0x00, 0x00, 0x00, 0x00, 0x00,
    0x3F, 0x80, 0x00, 0x00, 0x42, 0x48, 0x00, 0x00, 0x42, 0x48, 0x00, 0x00, 0x42, 0x48, 0x00, 0x00,
    0x00, 0x00, 0x00, 0x00, 0x3E, 0xCC, 0xCC, 0xCD, 0x3E, 0xA8, 0xF5, 0xC3, 0x00, 0x00, 0x00, 0x00,
    0x41, 0x00, 0x00, 0x00, 0x00, 0x00, 0x00, 0x00, 0x3F, 0x80, 0x00, 0x00, 0x3F, 0x28, 0xF5, 0xC3,
    0x4D, 0x4D, 0x38, 0x33, 0x00, 0x09, 0x00, 0x00, 0x00, 0x00, 0x00, 0x00, 0x00, 0x00, 0x00, 0x00,
    0x00, 0x00, 0x00, 0x00, 0x00, 0x00, 0x00, 0x00, 0x41, 0xF0, 0x00, 0x00, 0x3E, 0x80, 0x00, 0x00,
    0x3F, 0x33, 0x33, 0x33, 0x43, 0xA0, 0x00, 0x00, 0x43, 0x96, 0x00, 0x00, 0x44, 0x2F, 0x00, 0x00,
    0x00, 0x00, 0x00, 0x00, 0x41, 0xA0, 0x00, 0x00, 0x00, 0x00, 0x00, 0x00, 0xC2, 0xA0, 0x00, 0x00,
    0x42, 0xA0, 0x00, 0x00, 0x00, 0x00, 0x00, 0x00, 0x3F, 0x80, 0x00, 0x00, 0x42, 0x48, 0x00, 0x00,
    0x42, 0x48, 0x00, 0x00, 0x42, 0x48, 0x00, 0x00, 0x00, 0x00, 0x00, 0x00, 0x3E, 0xCC, 0xCC, 0xCD,
    0x3E, 0xA8, 0xF5, 0xC3, 0x00, 0x00, 0x00, 0x00, 0x41, 0x00, 0x00, 0x00, 0x00, 0x00, 0x00, 0x00,
    0x3F, 0x80, 0x00, 0x00, 0x3F, 0x28, 0xF5, 0xC3, 0x46, 0x50, 0x30, 0x31, 0x00, 0x01, 0x40, 0xC9,
    0x00, 0x00, 0x00, 0x00, 0x3F, 0x80, 0x00, 0x00, 0x00, 0x00, 0x00, 0x00, 0x00, 0x00, 0x00, 0x00,
    0x00, 0x00, 0x00, 0x00, 0x3E, 0x80, 0x00, 0x00, 0x3F, 0x40, 0x00, 0x00, 0x44, 0x16, 0x00, 0x00,
    0x43, 0xAF, 0x00, 0x00, 0x44, 0x7A, 0x00, 0x00, 0x3F, 0x28, 0xF5, 0xC3, 0x3D, 0xB8, 0x51, 0xEC,
    0x41, 0xC8, 0x00, 0x00, 0x41, 0xC8, 0x00, 0x00, 0x42, 0x20, 0x00, 0x00, 0x40, 0x00, 0x00, 0x00,
    0x3D, 0x4C, 0xCC, 0xCD, 0x42, 0x70, 0x00, 0x00, 0x42, 0x70, 0x00, 0x00, 0x42, 0x70, 0x00, 0x00,
    0xC7, 0xC3, 0x4F, 0xFF, 0x3D, 0x4C, 0xCC, 0xCD, 0x3E, 0x4C, 0xCC, 0xCD, 0x3F, 0x80, 0x00, 0x00,
    0x3E, 0x99, 0x99, 0x9A, 0xC7, 0xC3, 0x4F, 0xFF, 0xC7, 0xC3, 0x4F, 0xFF, 0xC7, 0xC3, 0x4F, 0xFF,
    0x5A, 0x5A, 0x30, 0x30, 0x00, 0x19, 0x00, 0x00, 0x41, 0x20, 0x00, 0x00, 0x00, 0x00, 0x00, 0x00,
    0xC7, 0xC3, 0x4F, 0xFF, 0xC7, 0xC3, 0x4F, 0xFF, 0xC7, 0xC3, 0x4F, 0xFF, 0x43, 0x48, 0x00, 0x00,
    0xC7, 0xC3, 0x4F, 0xFF, 0xC7, 0xC3, 0x4F, 0xFF, 0xC7, 0xC3, 0x4F, 0xFF, 0xC7, 0xC3, 0x4F, 0xFF,
    0x43, 0xA0, 0x00, 0x00, 0xC7, 0xC3, 0x4F, 0xFF, 0xC7, 0xC3, 0x4F, 0xFF, 0xC7, 0xC3, 0x4F, 0xFF,
    0xC7, 0xC3, 0x4F, 0xFF, 0x40, 0x40, 0x00, 0x00, 0xC7, 0xC3, 0x4F, 0xFF, 0xC7, 0xC3, 0x4F, 0xFF,
    0x3E, 0x99, 0x99, 0x9A, 0xC7, 0xC3, 0x4F, 0xFF, 0x3E, 0xA8, 0xF5, 0xC3, 0xC7, 0xC3, 0x4F, 0xFF,
    0xC7, 0xC3, 0x4F, 0xFF, 0x3F, 0x80, 0x00, 0x00, 0xC7, 0xC3, 0x4F, 0xFF, 0x42, 0x70, 0x00, 0x00,
    0xC7, 0xC3, 0x4F, 0xFF, 0xC7, 0xC3, 0x4F, 0xFF, 0x50, 0x4E, 0x31, 0x33, 0x00, 0x05, 0x02, 0x02,
    0x00, 0x00, 0x00, 0x00, 0x3F, 0x80, 0x00, 0x00, 0xC1, 0xA0, 0x00, 0x00, 0xC7, 0xC3, 0x4F, 0xFF,
    0xC7, 0xC3, 0x4F, 0xFF, 0x3E, 0x19, 0x99, 0x9A, 0x3E, 0x19, 0x99, 0x9A, 0x44, 0x7A, 0x00, 0x00,
    0x42, 0x48, 0x00, 0x00, 0xC7, 0xC3, 0x4F, 0xFF, 0xC7, 0xC3, 0x4F, 0xFF, 0xC7, 0xC3, 0x4F, 0xFF,
    0xC7, 0xC3, 0x4F, 0xFF, 0xC7, 0xC3, 0x4F, 0xFF, 0xC7, 0xC3, 0x4F, 0xFF, 0xC7, 0xC3, 0x4F, 0xFF,
    0xC7, 0xC3, 0x4F, 0xFF, 0x42, 0x48, 0x00, 0x00, 0xC7, 0xC3, 0x4F, 0xFF, 0xC7, 0xC3, 0x4F, 0xFF,
    0xC7, 0xC3, 0x4F, 0xFF, 0xC7, 0xC3, 0x4F, 0xFF, 0xC7, 0xC3, 0x4F, 0xFF, 0x3F, 0x40, 0x00, 0x00,
    0x41, 0x20, 0x00, 0x00, 0xC7, 0xC3, 0x4F, 0xFF, 0xC7, 0xC3, 0x4F, 0xFF, 0xC7, 0xC3, 0x4F, 0xFF,
    0x46, 0x4E, 0x38, 0x32, 0x00, 0x01, 0x40, 0xC9, 0x00, 0x00, 0x00, 0x00, 0x3F, 0x80, 0x00, 0x00,
    0x00, 0x00, 0x00, 0x00, 0x00, 0x00, 0x00, 0x00, 0x00, 0x00, 0x00, 0x00, 0x3E, 0x80, 0x00, 0x00,
    0x3F, 0x40, 0x00, 0x00, 0x44, 0x16, 0x00, 0x00, 0x43, 0xAF, 0x00, 0x00, 0x44, 0x7A, 0x00, 0x00,
    0x3F, 0x28, 0xF5, 0xC3, 0x3D, 0xB8, 0x51, 0xEC, 0x41, 0xC8, 0x00, 0x00, 0x41, 0xC8, 0x00, 0x00,
    0x42, 0x20, 0x00, 0x00, 0x40, 0x00, 0x00, 0x00, 0x3D, 0x4C, 0xCC, 0xCD, 0x42, 0x70, 0x00, 0x00,
    0x42, 0x70, 0x00, 0x00, 0x42, 0x70, 0x00, 0x00, 0xC7, 0xC3, 0x4F, 0xFF, 0x3D, 0x4C, 0xCC, 0xCD,
    0x3E, 0x4C, 0xCC, 0xCD, 0x3F, 0x80, 0x00, 0x00, 0x3E, 0x99, 0x99, 0x9A, 0xC7, 0xC3, 0x4F, 0xFF,
    0xC7, 0xC3, 0x4F, 0xFF, 0xC7, 0xC3, 0x4F, 0xFF, 0x49, 0x4E, 0x30, 0x31, 0x00, 0x07, 0x40, 0xC9,
    0x00, 0x00, 0x00, 0x00, 0x41, 0x20, 0x00, 0x00, 0x41, 0xA0, 0x00, 0x00, 0x41, 0xA0, 0x00, 0x00,
    0x41, 0xA0, 0x00, 0x00, 0x3E, 0x4C, 0xCC, 0xCD, 0x3E, 0xCC, 0xCC, 0xCD, 0x43, 0xD2, 0x00, 0x00,
    0x43, 0xA0, 0x00, 0x00, 0x43, 0xD2, 0x00, 0x00, 0x3F, 0x28, 0xF5, 0xC3, 0x3D, 0x4C, 0xCC, 0xCD,
    0x41, 0x00, 0x00, 0x00, 0x41, 0x00, 0x00, 0x00, 0x41, 0x00, 0x00, 0x00, 0xC7, 0xC3, 0x4F, 0xFF,
    0x3D, 0x4C, 0xCC, 0xCD, 0x42, 0x78, 0x00, 0x00, 0x42, 0x78, 0x00, 0x00, 0x42, 0x78, 0x00, 0x00,
    0x40, 0x20, 0x00, 0x00, 0x3D, 0x4C, 0xCC, 0xCD, 0x3D, 0xF5, 0xC2, 0x8F, 0x42, 0xAA, 0x00, 0x00,
    0x42, 0xAA, 0x00, 0x00, 0xC7, 0xC3, 0x4F, 0xFF, 0x3E, 0xE6, 0x66, 0x66, 0x3D, 0x75, 0xC2, 0x8F,
    0x49, 0x4E, 0x30, 0x32, 0x00, 0x07, 0x40, 0xC9, 0x00, 0x00, 0x00, 0x00, 0x42, 0x48, 0x00, 0x00,
    0x41, 0xA0, 0x00, 0x00, 0x41, 0xA0, 0x00, 0x00, 0x41, 0xA0, 0x00, 0x00, 0x3E, 0x80, 0x00, 0x00,
    0x3F, 0x40, 0x00, 0x00, 0x44, 0x3B, 0x80, 0x00, 0x43, 0xE1, 0x00, 0x00, 0x44, 0x3B, 0x80, 0x00,
    0x3F, 0x28, 0xF5, 0xC3, 0x3D, 0x4C, 0xCC, 0xCD, 0x42, 0x0C, 0x00, 0x00, 0x42, 0x0C, 0x00, 0x00,
    0x42, 0x0C, 0x00, 0x00, 0xC7, 0xC3, 0x4F, 0xFF, 0x3D, 0x4C, 0xCC, 0xCD, 0x42, 0x82, 0x00, 0x00,
    0x42, 0x82, 0x00, 0x00, 0x42, 0x82, 0x00, 0x00, 0x40, 0x00, 0x00, 0x00, 0x3D, 0x4C, 0xCC, 0xCD,
    0x3E, 0xCC, 0xCC, 0xCD, 0x41, 0x20, 0x00, 0x00, 0x41, 0x20, 0x00, 0x00, 0xC7, 0xC3, 0x4F, 0xFF,
    0x3E, 0xE6, 0x66, 0x66, 0x3D, 0x4C, 0xCC, 0xCD, 0x4D, 0x4D, 0x38, 0x32, 0x00, 0x09, 0x00, 0x00,
    0x00, 0x00, 0x00, 0x00, 0x00, 0x00, 0x00, 0x00, 0x00, 0x00, 0x00, 0x00, 0x00, 0x00, 0x00, 0x00,
    0x41, 0xF0, 0x00, 0x00, 0x3E, 0x80, 0x00, 0x00, 0x3F, 0x33, 0x33, 0x33, 0x43, 0xA0, 0x00, 0x00,
    0x43, 0x96, 0x00, 0x00, 0x44, 0x2F, 0x00, 0x00, 0x00, 0x00, 0x00, 0x00, 0x41, 0xA0, 0x00, 0x00,
    0x00, 0x00, 0x00, 0x00, 0xC2, 0xA0, 0x00, 0x00, 0x42, 0xA0, 0x00, 0x00, 0x00, 0x00, 0x00, 0x00,
    0x3F, 0x80, 0x00, 0x00, 0x42, 0x48, 0x00, 0x00, 0x42, 0x48, 0x00, 0x00, 0x42, 0x48, 0x00, 0x00,
    0x00, 0x00, 0x00, 0x00, 0x3E, 0xCC, 0xCC, 0xCD, 0x3E, 0xA8, 0xF5, 0xC3, 0x00, 0x00, 0x00, 0x00,
    0x41, 0x00, 0x00, 0x00, 0x00, 0x00, 0x00, 0x00, 0x3F, 0x80, 0x00, 0x00, 0x3F, 0x28, 0xF5, 0xC3,
    0x4C, 0x4C, 0x31, 0x31, 0x00, 0x02, 0x00, 0x02, 0xC7, 0xC3, 0x4F, 0xFF, 0x3F, 0x00, 0x00, 0x00,
    0xC7, 0xC3, 0x4F, 0xFF, 0xC7, 0xC3, 0x4F, 0xFF, 0x3D, 0xCC, 0xCC, 0xCD, 0x3E, 0x4C, 0xCC, 0xCD,
    0x3E, 0xCC, 0xCC, 0xCD, 0xC7, 0xC3, 0x4F, 0xFF, 0xC7, 0xC3, 0x4F, 0xFF, 0xC7, 0xC3, 0x4F, 0xFF,
    0x43, 0x8C, 0x00, 0x00, 0x43, 0xA0, 0x00, 0x00, 0xC7, 0xC3, 0x4F, 0xFF, 0x3F, 0x4C, 0xCC, 0xCD,
    0xC7, 0xC3, 0x4F, 0xFF, 0x41, 0xA0, 0x00, 0x00, 0x41, 0xA0, 0x00, 0x00, 0xC7, 0xC3, 0x4F, 0xFF,
    0xC7, 0xC3, 0x4F, 0xFF, 0xC7, 0xC3, 0x4F, 0xFF, 0x42, 0x96, 0x00, 0x00, 0x42, 0x96, 0x00, 0x00,
    0x3D, 0xCC, 0xCC, 0xCD, 0x41, 0xF0, 0x00, 0x00, 0x40, 0xA0, 0x00, 0x00, 0xC2, 0x20, 0x00, 0x00,
    0xC2, 0x20, 0x00, 0x00, 0x3D, 0x75, 0xC2, 0x8F, 0x4C, 0x4C, 0x30, 0x31, 0x00, 0x02, 0x40, 0x02,
    0xC7, 0xC3, 0x4F, 0xFF, 0x3F, 0x00, 0x00, 0x00, 0xC7, 0xC3, 0x4F, 0xFF, 0xC7, 0xC3, 0x4F, 0xFF,
    0x3F, 0x00, 0x00, 0x00, 0x3E, 0x4C, 0xCC, 0xCD, 0x3E, 0xCC, 0xCC, 0xCD, 0xC7, 0xC3, 0x4F, 0xFF,
    0xC7, 0xC3, 0x4F, 0xFF, 0x3F, 0x80, 0x00, 0x00, 0x43, 0xA0, 0x00, 0x00, 0x43, 0xDC, 0x00, 0x00,
    0xC7, 0xC3, 0x4F, 0xFF, 0x3E, 0x19, 0x99, 0x9A, 0xC7, 0xC3, 0x4F, 0xFF, 0x41, 0xA0, 0x00, 0x00,
    0xC0, 0xA0, 0x00, 0x00, 0xC7, 0xC3, 0x4F, 0xFF, 0xC7, 0xC3, 0x4F, 0xFF, 0xC7, 0xC3, 0x4F, 0xFF,
    0x42, 0x68, 0x00, 0x00, 0x42, 0x58, 0x00, 0x00, 0x3D, 0x4C, 0xCC, 0xCD, 0x42, 0xA0, 0x00, 0x00,
    0x41, 0xF0, 0x00, 0x00, 0xC2, 0xA0, 0x00, 0x00, 0xC2, 0x70, 0x00, 0x00, 0x3C, 0xA3, 0xD7, 0x0A,
    0x4C, 0x4C, 0x30, 0x32, 0x00, 0x02, 0x40, 0x02, 0xC7, 0xC3, 0x4F, 0xFF, 0x3F, 0x40, 0x00, 0x00,
    0xC7, 0xC3, 0x4F, 0xFF, 0xC7, 0xC3, 0x4F, 0xFF, 0x3F, 0x00, 0x00, 0x00, 0x3E, 0x4C, 0xCC, 0xCD,
    0x3E, 0xCC, 0xCC, 0xCD, 0xC7, 0xC3, 0x4F, 0xFF, 0xC7, 0xC3, 0x4F, 0xFF, 0x3F, 0x80, 0x00, 0x00,
    0x43, 0xE1, 0x00, 0x00, 0x43, 0xFA, 0x00, 0x00, 0xC7, 0xC3, 0x4F, 0xFF, 0x3E, 0x80, 0x00, 0x00,
    0xC7, 0xC3, 0x4F, 0xFF, 0x41, 0x70, 0x00, 0x00, 0x00, 0x00, 0x00, 0x00, 0xC7, 0xC3, 0x4F, 0xFF,
    0xC7, 0xC3, 0x4F, 0xFF, 0xC7, 0xC3, 0x4F, 0xFF, 0x42, 0x48, 0x00, 0x00, 0x42, 0x70, 0x00, 0x00,
    0x3D, 0xA3, 0xD7, 0x0A, 0x42, 0x48, 0x00, 0x00, 0x41, 0x70, 0x00, 0x00, 0xC2, 0x20, 0x00, 0x00,
    0xC1, 0xA0, 0x00, 0x00, 0x3D, 0x23, 0xD7, 0x0A, 0x4C, 0x4C, 0x30, 0x33, 0x00, 0x02, 0x40, 0x02,
    0xC7, 0xC3, 0x4F, 0xFF, 0x3F, 0x80, 0x00, 0x00, 0xC7, 0xC3, 0x4F, 0xFF, 0xC7, 0xC3, 0x4F, 0xFF,
    0x3F, 0x00, 0x00, 0x00, 0x3E, 0x4C, 0xCC, 0xCD, 0x3F, 0x00, 0x00, 0x00, 0xC7, 0xC3, 0x4F, 0xFF,
    0xC7, 0xC3, 0x4F, 0xFF, 0x3F, 0x80, 0x00, 0x00, 0x43, 0xD2, 0x00, 0x00, 0x43, 0xFA, 0x00, 0x00,
    0xC7, 0xC3, 0x4F, 0xFF, 0x3D, 0xCC, 0xCC, 0xCD, 0xC7, 0xC3, 0x4F, 0xFF, 0x41, 0xC8, 0x00, 0x00,
    0x41, 0x70, 0x00, 0x00, 0xC7, 0xC3, 0x4F, 0xFF, 0xC7, 0xC3, 0x4F, 0xFF, 0xC7, 0xC3, 0x4F, 0xFF,
    0x42, 0x70, 0x00, 0x00, 0x42, 0x5C, 0x00, 0x00, 0x3E, 0x19, 0x99, 0x9A, 0x42, 0xA0, 0x00, 0x00,
    0x41, 0xA0, 0x00, 0x00, 0xC2, 0x20, 0x00, 0x00, 0xC1, 0xA0, 0x00, 0x00, 0x3D, 0xA3, 0xD7, 0x0A,
    0x4C, 0x4C, 0x30, 0x34, 0x00, 0x02, 0x40, 0x02, 0xC7, 0xC3, 0x4F, 0xFF, 0x3F, 0x80, 0x00, 0x00,
    0xC7, 0xC3, 0x4F, 0xFF, 0xC7, 0xC3, 0x4F, 0xFF, 0x3F, 0x00, 0x00, 0x00, 0x3E, 0xCC, 0xCC, 0xCD,
    0x3D, 0xCC, 0xCC, 0xCD, 0xC7, 0xC3, 0x4F, 0xFF, 0xC7, 0xC3, 0x4F, 0xFF, 0x3F, 0x80, 0x00, 0x00,
    0x43, 0x96, 0x00, 0x00, 0x43, 0xC8, 0x00, 0x00, 0xC7, 0xC3, 0x4F, 0xFF, 0x00, 0x00, 0x00, 0x00,
    0xC7, 0xC3, 0x4F, 0xFF, 0x00, 0x00, 0x00, 0x00, 0x00, 0x00, 0x00, 0x00, 0xC7, 0xC3, 0x4F, 0xFF,
    0xC7, 0xC3, 0x4F, 0xFF, 0xC7, 0xC3, 0x4F, 0xFF, 0x42, 0x3C, 0x00, 0x00, 0x42, 0x3C, 0x00, 0x00,
    0x3D, 0x75, 0xC2, 0x8F, 0x42, 0xA0, 0x00, 0x00, 0x41, 0x20, 0x00, 0x00, 0xC1, 0x48, 0x00, 0x00,
    0xC1, 0x48, 0x00, 0x00, 0x3C, 0xA3, 0xD7, 0x0A, 0x4C, 0x4C, 0x30, 0x35, 0x00, 0x02, 0x40, 0x02,
    0xC7, 0xC3, 0x4F, 0xFF, 0x3F, 0x80, 0x00, 0x00, 0xC7, 0xC3, 0x4F, 0xFF, 0xC7, 0xC3, 0x4F, 0xFF,
    0x3F, 0x00, 0x00, 0x00, 0x3E, 0x4C, 0xCC, 0xCD, 0x3E, 0xCC, 0xCC, 0xCD, 0xC7, 0xC3, 0x4F, 0xFF,
    0xC7, 0xC3, 0x4F, 0xFF, 0x3F, 0x80, 0x00, 0x00, 0x43, 0x48, 0x00, 0x00, 0x43, 0x52, 0x00, 0x00,
    0xC7, 0xC3, 0x4F, 0xFF, 0x00, 0x00, 0x00, 0x00, 0xC7, 0xC3, 0x4F, 0xFF, 0x41, 0x70, 0x00, 0x00,
    0x41, 0x70, 0x00, 0x00, 0xC7, 0xC3, 0x4F, 0xFF, 0xC7, 0xC3, 0x4F, 0xFF, 0xC7, 0xC3, 0x4F, 0xFF,
    0x42, 0x48, 0x00, 0x00, 0x42, 0x48, 0x00, 0x00, 0x3F, 0x19, 0x99, 0x9A, 0x41, 0xA0, 0x00, 0x00,
    0x41, 0xA0, 0x00, 0x00, 0xC1, 0xF0, 0x00, 0x00, 0xC1, 0xF0, 0x00, 0x00, 0x3F, 0x19, 0x99, 0x9A,
    0x4C, 0x4C, 0x31, 0x30, 0x00, 0x02, 0x40, 0x02, 0xC7, 0xC3, 0x4F, 0xFF, 0x3E, 0xCC, 0xCC, 0xCD,
    0xC7, 0xC3, 0x4F, 0xFF, 0xC7, 0xC3, 0x4F, 0xFF, 0x3F, 0x00, 0x00, 0x00, 0x3D, 0x23, 0xD7, 0x0A,
    0x3D, 0xCC, 0xCC, 0xCD, 0xC7, 0xC3, 0x4F, 0xFF, 0xC7, 0xC3, 0x4F, 0xFF, 0x3F, 0x80, 0x00, 0x00,
    0x44, 0x2F, 0x00, 0x00, 0x44, 0x96, 0x00, 0x00, 0xC7, 0xC3, 0x4F, 0xFF, 0x3E, 0xCC, 0xCC, 0xCD,
    0xC7, 0xC3, 0x4F, 0xFF, 0x41, 0x70, 0x00, 0x00, 0x41, 0x20, 0x00, 0x00, 0xC7, 0xC3, 0x4F, 0xFF,
    0xC7, 0xC3, 0x4F, 0xFF, 0xC7, 0xC3, 0x4F, 0xFF, 0x42, 0x5C, 0x00, 0x00, 0x42, 0x82, 0x00, 0x00,
    0x3D, 0x23, 0xD7, 0x0A, 0x41, 0xF0, 0x00, 0x00, 0x42, 0xB4, 0x00, 0x00, 0xC1, 0xF0, 0x00, 0x00,
    0xC1, 0xA0, 0x00, 0x00, 0x3C, 0xA3, 0xD7, 0x0A, 0x4C, 0x4C, 0x30, 0x39, 0x00, 0x02, 0x00, 0x02,
    0xC7, 0xC3, 0x4F, 0xFF, 0x3F, 0x80, 0x00, 0x00, 0xC7, 0xC3, 0x4F, 0xFF, 0xC7, 0xC3, 0x4F, 0xFF,
    0x3F, 0x00, 0x00, 0x00, 0x3E, 0x4C, 0xCC, 0xCD, 0x3E, 0xCC, 0xCC, 0xCD, 0xC7, 0xC3, 0x4F, 0xFF,
    0xC7, 0xC3, 0x4F, 0xFF, 0x3F, 0x80, 0x00, 0x00, 0x44, 0x96, 0x00, 0x00, 0x44, 0xA2, 0x80, 0x00,
    0xC7, 0xC3, 0x4F, 0xFF, 0x00, 0x00, 0x00, 0x00, 0xC7, 0xC3, 0x4F, 0xFF, 0x42, 0x5C, 0x00, 0x00,
    0x42, 0x20, 0x00, 0x00, 0xC7, 0xC3, 0x4F, 0xFF, 0xC7, 0xC3, 0x4F, 0xFF, 0xC7, 0xC3, 0x4F, 0xFF,
    0x42, 0x5C, 0x00, 0x00, 0x42, 0x78, 0x00, 0x00, 0x3C, 0xA3, 0xD7, 0x0A, 0x41, 0xA0, 0x00, 0x00,
    0x41, 0xA0, 0x00, 0x00, 0xC1, 0xB4, 0x00, 0x00, 0x40, 0xA0, 0x00, 0x00, 0x3C, 0x23, 0xD7, 0x0A,
    0x4C, 0x4C, 0x31, 0x32, 0x00, 0x02, 0x40, 0x02, 0xC7, 0xC3, 0x4F, 0xFF, 0x3F, 0x80, 0x00, 0x00,
    0xC7, 0xC3, 0x4F, 0xFF, 0xC7, 0xC3, 0x4F, 0xFF, 0x3F, 0x00, 0x00, 0x00, 0x3E, 0x4C, 0xCC, 0xCD,
    0x3E, 0xCC, 0xCC, 0xCD, 0xC7, 0xC3, 0x4F, 0xFF, 0xC7, 0xC3, 0x4F, 0xFF, 0x3F, 0x80, 0x00, 0x00,
    0x44, 0x16, 0x00, 0x00, 0x44, 0x2F, 0x00, 0x00, 0xC7, 0xC3, 0x4F, 0xFF, 0x3E, 0xCC, 0xCC, 0xCD,
    0xC7, 0xC3, 0x4F, 0xFF, 0x00, 0x00, 0x00, 0x00, 0x41, 0x20, 0x00, 0x00, 0xC7, 0xC3, 0x4F, 0xFF,
    0xC7, 0xC3, 0x4F, 0xFF, 0xC7, 0xC3, 0x4F, 0xFF, 0x42, 0x70, 0x00, 0x00, 0x42, 0x82, 0x00, 0x00,
    0x3D, 0x4C, 0xCC, 0xCD, 0x41, 0x20, 0x00, 0x00, 0x40, 0xA0, 0x00, 0x00, 0xC1, 0xB4, 0x00, 0x00,
    0xC0, 0x20, 0x00, 0x00, 0x3C, 0xF5, 0xC2, 0x8F, 0x4C, 0x4C, 0x31, 0x33, 0x00, 0x02, 0x00, 0x02,
    0xC7, 0xC3, 0x4F, 0xFF, 0x3F, 0x80, 0x00, 0x00, 0xC7, 0xC3, 0x4F, 0xFF, 0xC7, 0xC3, 0x4F, 0xFF,
    0x3F, 0x00, 0x00, 0x00, 0x3E, 0x4C, 0xCC, 0xCD, 0x3E, 0x4C, 0xCC, 0xCD, 0xC7, 0xC3, 0x4F, 0xFF,
    0xC7, 0xC3, 0x4F, 0xFF, 0x3F, 0x80, 0x00, 0x00, 0x43, 0xC8, 0x00, 0x00, 0x44, 0x16, 0x00, 0x00,
    0xC7, 0xC3, 0x4F, 0xFF, 0x00, 0x00, 0x00, 0x00, 0xC7, 0xC3, 0x4F, 0xFF, 0x42, 0x0C, 0x00, 0x00,
    0x42, 0x34, 0x00, 0x00, 0xC7, 0xC3, 0x4F, 0xFF, 0xC7, 0xC3, 0x4F, 0xFF, 0xC7, 0xC3, 0x4F, 0xFF,
    0x42, 0x34, 0x00, 0x00, 0x42, 0x48, 0x00, 0x00, 0x3D, 0xCC, 0xCC, 0xCD, 0x42, 0x8C, 0x00, 0x00,
    0x41, 0x20, 0x00, 0x00, 0x41, 0xA0, 0x00, 0x00, 0x42, 0x0C, 0x00, 0x00, 0x3D, 0x4C, 0xCC, 0xCD,
    0x4C, 0x4C, 0x31, 0x34, 0x00, 0x02, 0x00, 0x02, 0xC7, 0xC3, 0x4F, 0xFF, 0x3F, 0x40, 0x00, 0x00,
    0xC7, 0xC3, 0x4F, 0xFF, 0xC7, 0xC3, 0x4F, 0xFF, 0x3F, 0x00, 0x00, 0x00, 0x3E, 0x4C, 0xCC, 0xCD,
    0x3E, 0xCC, 0xCC, 0xCD, 0xC7, 0xC3, 0x4F, 0xFF, 0xC7, 0xC3, 0x4F, 0xFF, 0xC7, 0xC3, 0x4F, 0xFF,
    0x43, 0xE1, 0x00, 0x00, 0x43, 0xFA, 0x00, 0x00, 0xC7, 0xC3, 0x4F, 0xFF, 0x3E, 0x80, 0x00, 0x00,
    0xC7, 0xC3, 0x4F, 0xFF, 0x41, 0x70, 0x00, 0x00, 0x41, 0xA0, 0x00, 0x00, 0xC7, 0xC3, 0x4F, 0xFF,
    0xC7, 0xC3, 0x4F, 0xFF, 0xC7, 0xC3, 0x4F, 0xFF, 0x42, 0x5C, 0x00, 0x00, 0x42, 0x70, 0x00, 0x00,
    0x3D, 0xA3, 0xD7, 0x0A, 0x42, 0x48, 0x00, 0x00, 0x41, 0x70, 0x00, 0x00, 0xC1, 0x20, 0x00, 0x00,
    0xC1, 0xA0, 0x00, 0x00, 0x3D, 0x23, 0xD7, 0x0A, 0x4C, 0x4C, 0x31, 0x35, 0x00, 0x02, 0x00, 0x02,
    0xC7, 0xC3, 0x4F, 0xFF, 0x3F, 0x80, 0x00, 0x00, 0xC7, 0xC3, 0x4F, 0xFF, 0xC7, 0xC3, 0x4F, 0xFF,
    0x3F, 0x00, 0x00, 0x00, 0x3E, 0x4C, 0xCC, 0xCD, 0x3E, 0xCC, 0xCC, 0xCD, 0xC7, 0xC3, 0x4F, 0xFF,
    0xC7, 0xC3, 0x4F, 0xFF, 0xC7, 0xC3, 0x4F, 0xFF, 0x43, 0x48, 0x00, 0x00, 0x43, 0xC8, 0x00, 0x00,
    0xC7, 0xC3, 0x4F, 0xFF, 0x3F, 0x19, 0x99, 0x9A, 0xC7, 0xC3, 0x4F, 0xFF, 0xC0, 0xA0, 0x00, 0x00,
    0x41, 0x20, 0x00, 0x00, 0xC7, 0xC3, 0x4F, 0xFF, 0xC7, 0xC3, 0x4F, 0xFF, 0xC7, 0xC3, 0x4F, 0xFF,
    0x42, 0xA0, 0x00, 0x00, 0x41, 0xA0, 0x00, 0x00, 0x3D, 0x4C, 0xCC, 0xCD, 0x42, 0x82, 0x00, 0x00,
    0x41, 0xC8, 0x00, 0x00, 0xC2, 0x48, 0x00, 0x00, 0xC2, 0x20, 0x00, 0x00, 0x3C, 0xF5, 0xC2, 0x8F,
    0x4C, 0x4C, 0x31, 0x36, 0x00, 0x02, 0x00, 0x02, 0xC7, 0xC3, 0x4F, 0xFF, 0x3F, 0x80, 0x00, 0x00,
    0xC7, 0xC3, 0x4F, 0xFF, 0xC7, 0xC3, 0x4F, 0xFF, 0x3F, 0x00, 0x00, 0x00, 0x3E, 0x4C, 0xCC, 0xCD,
    0x3E, 0xCC, 0xCC, 0xCD, 0xC7, 0xC3, 0x4F, 0xFF, 0xC7, 0xC3, 0x4F, 0xFF, 0xC7, 0xC3, 0x4F, 0xFF,
    0x43, 0xFA, 0x00, 0x00, 0x44, 0x16, 0x00, 0x00, 0xC7, 0xC3, 0x4F, 0xFF, 0xBE, 0xCC, 0xCC, 0xCD,
    0xC7, 0xC3, 0x4F, 0xFF, 0x00, 0x00, 0x00, 0x00, 0x41, 0x20, 0x00, 0x00, 0xC7, 0xC3, 0x4F, 0xFF,
    0xC7, 0xC3, 0x4F, 0xFF, 0xC7, 0xC3, 0x4F, 0xFF, 0x42, 0x48, 0x00, 0x00, 0x42, 0x5C, 0x00, 0x00,
    0x3D, 0x4C, 0xCC, 0xCD, 0x41, 0x20, 0x00, 0x00, 0x40, 0xA0, 0x00, 0x00, 0xC1, 0xB4, 0x00, 0x00,
    0xC0, 0x20, 0x00, 0x00, 0x3C, 0xF5, 0xC2, 0x8F, 0x4C, 0x4C, 0x38, 0x32, 0x00, 0x02, 0x00, 0x02,
    0xC7, 0xC3, 0x4F, 0xFF, 0x3F, 0x80, 0x00, 0x00, 0xC7, 0xC3, 0x4F, 0xFF, 0xC7, 0xC3, 0x4F, 0xFF,
    0x3F, 0x00, 0x00, 0x00, 0x3E, 0x4C, 0xCC, 0xCD, 0x3E, 0xCC, 0xCC, 0xCD, 0xC7, 0xC3, 0x4F, 0xFF,
    0xC7, 0xC3, 0x4F, 0xFF, 0x3F, 0x80, 0x00, 0x00, 0x43, 0x7A, 0x00, 0x00, 0x44, 0x2F, 0x00, 0x00,
    0xC7, 0xC3, 0x4F, 0xFF, 0x3D, 0xCC, 0xCC, 0xCD, 0xC7, 0xC3, 0x4F, 0xFF, 0x41, 0x20, 0x00, 0x00,
    0xC1, 0x70, 0x00, 0x00, 0xC7, 0xC3, 0x4F, 0xFF, 0xC7, 0xC3, 0x4F, 0xFF, 0xC7, 0xC3, 0x4F, 0xFF,
    0x42, 0x34, 0x00, 0x00, 0x42, 0x82, 0x00, 0x00, 0x3D, 0x4C, 0xCC, 0xCD, 0x41, 0xA0, 0x00, 0x00,
    0x41, 0x20, 0x00, 0x00, 0x00, 0x00, 0x00, 0x00, 0xC2, 0x48, 0x00, 0x00, 0x3C, 0xA3, 0xD7, 0x0A,
    0x46, 0x4E, 0x30, 0x31, 0x00, 0x01, 0x40, 0xC9, 0x00, 0x00, 0x00, 0x00, 0x3F, 0x80, 0x00, 0x00,
    0x00, 0x00, 0x00, 0x00, 0x00, 0x00, 0x00, 0x00, 0x00, 0x00, 0x00, 0x00, 0x3E, 0x80, 0x00, 0x00,
    0x3F, 0x40, 0x00, 0x00, 0x44, 0x16, 0x00, 0x00, 0x43, 0xAF, 0x00, 0x00, 0x44, 0x7A, 0x00, 0x00,
    0x3F, 0x28, 0xF5, 0xC3, 0x3D, 0xB8, 0x51, 0xEC, 0x41, 0xC8, 0x00, 0x00, 0x41, 0xC8, 0x00, 0x00,
    0x42, 0x20, 0x00, 0x00, 0x40, 0x00, 0x00, 0x00, 0x3D, 0x4C, 0xCC, 0xCD, 0x42, 0x70, 0x00, 0x00,
    0x42, 0x70, 0x00, 0x00, 0x42, 0x70, 0x00, 0x00, 0xC7, 0xC3, 0x4F, 0xFF, 0x3D, 0x4C, 0xCC, 0xCD,
    0x3E, 0x4C, 0xCC, 0xCD, 0x3F, 0x80, 0x00, 0x00, 0x3E, 0x99, 0x99, 0x9A, 0xC7, 0xC3, 0x4F, 0xFF,
    0xC7, 0xC3, 0x4F, 0xFF, 0xC7, 0xC3, 0x4F, 0xFF, 0x46, 0x4E, 0x30, 0x32, 0x00, 0x01, 0x40, 0xC9,
    0x00, 0x00, 0x00, 0x00, 0x3F, 0x80, 0x00, 0x00, 0x00, 0x00, 0x00, 0x00, 0x00, 0x00, 0x00, 0x00,
    0x00, 0x00, 0x00, 0x00, 0x3E, 0x80, 0x00, 0x00, 0x3E, 0xE6, 0x66, 0x66, 0x43, 0xB4, 0x00, 0x00,
    0x43, 0x70, 0x00, 0x00, 0x44, 0x7A, 0x00, 0x00, 0x3F, 0x28, 0xF5, 0xC3, 0x3D, 0xCC, 0xCC, 0xCD,
    0x41, 0x20, 0x00, 0x00, 0xC2, 0x20, 0x00, 0x00, 0x42, 0x70, 0x00, 0x00, 0x40, 0x00, 0x00, 0x00,
    0x3D, 0x4C, 0xCC, 0xCD, 0x42, 0x68, 0x00, 0x00, 0x42, 0x68, 0x00, 0x00, 0x42, 0x70, 0x00, 0x00,
    0xC7, 0xC3, 0x4F, 0xFF, 0x3D, 0x4C, 0xCC, 0xCD, 0x3E, 0x4C, 0xCC, 0xCD, 0x40, 0x80, 0x00, 0x00,
    0x3E, 0x4C, 0xCC, 0xCD, 0xC7, 0xC3, 0x4F, 0xFF, 0x3D, 0xCC, 0xCC, 0xCD, 0xC7, 0xC3, 0x4F, 0xFF,
    0x46, 0x4E, 0x30, 0x33, 0x00, 0x01, 0x40, 0xC9, 0x00, 0x00, 0x00, 0x00, 0x3F, 0x80, 0x00, 0x00,
    0x00, 0x00, 0x00, 0x00, 0x00, 0x00, 0x00, 0x00, 0x00, 0x00, 0x00, 0x00, 0x3E, 0x80, 0x00, 0x00,
    0x3F, 0x40, 0x00, 0x00, 0x44, 0x16, 0x00, 0x00, 0x43, 0xAF, 0x00, 0x00, 0x44, 0x7A, 0x00, 0x00,
    0x3F, 0x28, 0xF5, 0xC3, 0x3D, 0xB8, 0x51, 0xEC, 0x41, 0xC8, 0x00, 0x00, 0x41, 0xC8, 0x00, 0x00,
    0x42, 0x20, 0x00, 0x00, 0x40, 0x00, 0x00, 0x00, 0x3D, 0x4C, 0xCC, 0xCD, 0x42, 0x70, 0x00, 0x00,
    0x42, 0x70, 0x00, 0x00, 0x42, 0x70, 0x00, 0x00, 0xC7, 0xC3, 0x4F, 0xFF, 0x3D, 0x4C, 0xCC, 0xCD,
    0x3E, 0x4C, 0xCC, 0xCD, 0x3F, 0x80, 0x00, 0x00, 0x3E, 0x99, 0x99, 0x9A, 0xC7, 0xC3, 0x4F, 0xFF,
    0xC7, 0xC3, 0x4F, 0xFF, 0xC7, 0xC3, 0x4F, 0xFF, 0x46, 0x4E, 0x30, 0x34, 0x00, 0x01, 0x40, 0xC9,
    0x00, 0x00, 0x00, 0x00, 0x3F, 0x80, 0x00, 0x00, 0x00, 0x00, 0x00, 0x00, 0x00, 0x00, 0x00, 0x00,
    0x00, 0x00, 0x00, 0x00, 0x3E, 0x80, 0x00, 0x00, 0x3F, 0x40, 0x00, 0x00, 0x44, 0x16, 0x00, 0x00,
    0x43, 0xAF, 0x00, 0x00, 0x44, 0x7A, 0x00, 0x00, 0x3F, 0x28, 0xF5, 0xC3, 0x3D, 0xB8, 0x51, 0xEC,
    0x41, 0xC8, 0x00, 0x00, 0x41, 0xC8, 0x00, 0x00, 0x42, 0x20, 0x00, 0x00, 0x40, 0x00, 0x00, 0x00,
    0x3D, 0x4C, 0xCC, 0xCD, 0x42, 0x70, 0x00, 0x00, 0x42, 0x70, 0x00, 0x00, 0x42, 0x70, 0x00, 0x00,
    0xC7, 0xC3, 0x4F, 0xFF, 0x3D, 0x4C, 0xCC, 0xCD, 0x3E, 0x4C, 0xCC, 0xCD, 0x3F, 0x80, 0x00, 0x00,
    0x3E, 0x99, 0x99, 0x9A, 0xC7, 0xC3, 0x4F, 0xFF, 0xC7, 0xC3, 0x4F, 0xFF, 0xC7, 0xC3, 0x4F, 0xFF,
    0x46, 0x4E, 0x30, 0x36, 0x00, 0x01, 0x40, 0xC9, 0x00, 0x00, 0x00, 0x00, 0x3F, 0x80, 0x00, 0x00,
    0x00, 0x00, 0x00, 0x00, 0x00, 0x00, 0x00, 0x00, 0x00, 0x00, 0x00, 0x00, 0x3E, 0x80, 0x00, 0x00,
    0x3F, 0x40, 0x00, 0x00, 0x44, 0x16, 0x00, 0x00, 0x43, 0xAF, 0x00, 0x00, 0x44, 0x7A, 0x00, 0x00,
    0x3F, 0x28, 0xF5, 0xC3, 0x3D, 0xB8, 0x51, 0xEC, 0x41, 0xC8, 0x00, 0x00, 0x41, 0xC8, 0x00, 0x00,
    0x42, 0x20, 0x00, 0x00, 0x40, 0x00, 0x00, 0x00, 0x3D, 0x4C, 0xCC, 0xCD, 0x42, 0x70, 0x00, 0x00,
    0x42, 0x70, 0x00, 0x00, 0x42, 0x70, 0x00, 0x00, 0xC7, 0xC3, 0x4F, 0xFF, 0x3D, 0x4C, 0xCC, 0xCD,
    0x3E, 0x4C, 0xCC, 0xCD, 0x3F, 0x80, 0x00, 0x00, 0x3E, 0x99, 0x99, 0x9A, 0xC7, 0xC3, 0x4F, 0xFF,
    0xC7, 0xC3, 0x4F, 0xFF, 0xC7, 0xC3, 0x4F, 0xFF, 0x46, 0x4E, 0x30, 0x39, 0x00, 0x01, 0x40, 0xC9,
    0x00, 0x00, 0x00, 0x00, 0x3F, 0x80, 0x00, 0x00, 0x00, 0x00, 0x00, 0x00, 0x00, 0x00, 0x00, 0x00,
    0x00, 0x00, 0x00, 0x00, 0x3E, 0x80, 0x00, 0x00, 0x3F, 0x40, 0x00, 0x00, 0x44, 0x16, 0x00, 0x00,
    0x43, 0xAF, 0x00, 0x00, 0x44, 0x7A, 0x00, 0x00, 0x3F, 0x28, 0xF5, 0xC3, 0x3D, 0xB8, 0x51, 0xEC,
    0x41, 0xC8, 0x00, 0x00, 0x41, 0xC8, 0x00, 0x00, 0x42, 0x20, 0x00, 0x00, 0x40, 0x00, 0x00, 0x00,
    0x3D, 0x4C, 0xCC, 0xCD, 0x42, 0x70, 0x00, 0x00, 0x42, 0x70, 0x00, 0x00, 0x42, 0x70, 0x00, 0x00,
    0xC7, 0xC3, 0x4F, 0xFF, 0x3D, 0x4C, 0xCC, 0xCD, 0x3E, 0x4C, 0xCC, 0xCD, 0x3F, 0x80, 0x00, 0x00,
    0x3E, 0x99, 0x99, 0x9A, 0xC7, 0xC3, 0x4F, 0xFF, 0xC7, 0xC3, 0x4F, 0xFF, 0xC7, 0xC3, 0x4F, 0xFF,
    0x46, 0x4E, 0x30, 0x37, 0x00, 0x01, 0x40, 0xC9, 0x00, 0x00, 0x00, 0x00, 0x3F, 0x80, 0x00, 0x00,
    0x00, 0x00, 0x00, 0x00, 0x00, 0x00, 0x00, 0x00, 0x00, 0x00, 0x00, 0x00, 0x3E, 0x80, 0x00, 0x00,
    0x3F, 0x40, 0x00, 0x00, 0x44, 0x16, 0x00, 0x00, 0x43, 0xAF, 0x00, 0x00, 0x44, 0x7A, 0x00, 0x00,
    0x3F, 0x28, 0xF5, 0xC3, 0x3D, 0xB8, 0x51, 0xEC, 0x41, 0xC8, 0x00, 0x00, 0x41, 0xC8, 0x00, 0x00,
    0x42, 0x20, 0x00, 0x00, 0x40, 0x00, 0x00, 0x00, 0x3D, 0x4C, 0xCC, 0xCD, 0x42, 0x70, 0x00, 0x00,
    0x42, 0x70, 0x00, 0x00, 0x42, 0x70, 0x00, 0x00, 0xC7, 0xC3, 0x4F, 0xFF, 0x3D, 0x4C, 0xCC, 0xCD,
    0x3E, 0x4C, 0xCC, 0xCD, 0x3F, 0x80, 0x00, 0x00, 0x3E, 0x99, 0x99, 0x9A, 0xC7, 0xC3, 0x4F, 0xFF,
    0xC7, 0xC3, 0x4F, 0xFF, 0xC7, 0xC3, 0x4F, 0xFF, 0x46, 0x4E, 0x31, 0x30, 0x00, 0x01, 0x40, 0xC9,
    0x00, 0x00, 0x00, 0x00, 0x3F, 0x80, 0x00, 0x00, 0x00, 0x00, 0x00, 0x00, 0x00, 0x00, 0x00, 0x00,
    0x00, 0x00, 0x00, 0x00, 0x3E, 0x80, 0x00, 0x00, 0x3F, 0x40, 0x00, 0x00, 0x44, 0x16, 0x00, 0x00,
    0x43, 0xAF, 0x00, 0x00, 0x44, 0x7A, 0x00, 0x00, 0x3F, 0x28, 0xF5, 0xC3, 0x3D, 0xB8, 0x51, 0xEC,
    0x41, 0xC8, 0x00, 0x00, 0x41, 0xC8, 0x00, 0x00, 0x42, 0x20, 0x00, 0x00, 0x40, 0x00, 0x00, 0x00,
    0x3D, 0x4C, 0xCC, 0xCD, 0x42, 0x70, 0x00, 0x00, 0x42, 0x70, 0x00, 0x00, 0x42, 0x70, 0x00, 0x00,
    0xC7, 0xC3, 0x4F, 0xFF, 0x3D, 0x4C, 0xCC, 0xCD, 0x3E, 0x4C, 0xCC, 0xCD, 0x3F, 0x80, 0x00, 0x00,
    0x3E, 0x99, 0x99, 0x9A, 0xC7, 0xC3, 0x4F, 0xFF, 0xC7, 0xC3, 0x4F, 0xFF, 0xC7, 0xC3, 0x4F, 0xFF,
    0x46, 0x4E, 0x31, 0x34, 0x00, 0x01, 0x40, 0xC9, 0x00, 0x00, 0x00, 0x00, 0x3F, 0x80, 0x00, 0x00,
    0x00, 0x00, 0x00, 0x00, 0x00, 0x00, 0x00, 0x00, 0x00, 0x00, 0x00, 0x00, 0x3E, 0x80, 0x00, 0x00,
    0x3F, 0x40, 0x00, 0x00, 0x44, 0x16, 0x00, 0x00, 0x43, 0xAF, 0x00, 0x00, 0x44, 0x7A, 0x00, 0x00,
    0x3F, 0x28, 0xF5, 0xC3, 0x3D, 0xB8, 0x51, 0xEC, 0x41, 0xC8, 0x00, 0x00, 0x41, 0xC8, 0x00, 0x00,
    0x42, 0x20, 0x00, 0x00, 0x40, 0x00, 0x00, 0x00, 0x3D, 0x4C, 0xCC, 0xCD, 0x42, 0x70, 0x00, 0x00,
    0x42, 0x70, 0x00, 0x00, 0x42, 0x70, 0x00, 0x00, 0xC7, 0xC3, 0x4F, 0xFF, 0x3D, 0x4C, 0xCC, 0xCD,
    0x3E, 0x4C, 0xCC, 0xCD, 0x3F, 0x80, 0x00, 0x00, 0x3E, 0x99, 0x99, 0x9A, 0xC7, 0xC3, 0x4F, 0xFF,
    0xC7, 0xC3, 0x4F, 0xFF, 0xC7, 0xC3, 0x4F, 0xFF, 0x46, 0x4E, 0x31, 0x35, 0x00, 0x01, 0x40, 0x0B,
    0x00, 0x00, 0x00, 0x00, 0x42, 0x48, 0x00, 0x00, 0xC1, 0xA0, 0x00, 0x00, 0xC1, 0xA0, 0x00, 0x00,
    0x41, 0xA0, 0x00, 0x00, 0x3E, 0x4C, 0xCC, 0xCD, 0x3E, 0x80, 0x00, 0x00, 0x43, 0xD2, 0x00, 0x00,
    0x43, 0xA0, 0x00, 0x00, 0x44, 0x48, 0x00, 0x00, 0x3F, 0x28, 0xF5, 0xC3, 0x3D, 0xA3, 0xD7, 0x0A,
    0x41, 0xD0, 0x00, 0x00, 0x41, 0xD0, 0x00, 0x00, 0x42, 0x0C, 0x00, 0x00, 0x40, 0x00, 0x00, 0x00,
    0x3D, 0x4C, 0xCC, 0xCD, 0x42, 0x68, 0x00, 0x00, 0x42, 0x68, 0x00, 0x00, 0x42, 0x40, 0x00, 0x00,
    0xC7, 0xC3, 0x4F, 0xFF, 0x3D, 0x4C, 0xCC, 0xCD, 0x3D, 0xCC, 0xCC, 0xCD, 0x3E, 0x80, 0x00, 0x00,
    0x3E, 0x99, 0x99, 0x9A, 0xC7, 0xC3, 0x4F, 0xFF, 0xC7, 0xC3, 0x4F, 0xFF, 0xC7, 0xC3, 0x4F, 0xFF,
    0x46, 0x4E, 0x31, 0x37, 0x00, 0x01, 0x40, 0xC9, 0x00, 0x00, 0x00, 0x00, 0x3F, 0x80, 0x00, 0x00,
    0x00, 0x00, 0x00, 0x00, 0x00, 0x00, 0x00, 0x00, 0x00, 0x00, 0x00, 0x00, 0x3E, 0x80, 0x00, 0x00,
    0x3E, 0xE6, 0x66, 0x66, 0x43, 0xB4, 0x00, 0x00, 0x43, 0x70, 0x00, 0x00, 0x44, 0x7A, 0x00, 0x00,
    0x3F, 0x28, 0xF5, 0xC3, 0x3D, 0xCC, 0xCC, 0xCD, 0x41, 0x20, 0x00, 0x00, 0xC2, 0x20, 0x00, 0x00,
    0x42, 0x70, 0x00, 0x00, 0x40, 0x00, 0x00, 0x00, 0x3D, 0x4C, 0xCC, 0xCD, 0x42, 0x68, 0x00, 0x00,
    0x42, 0x68, 0x00, 0x00, 0x42, 0x70, 0x00, 0x00, 0xC7, 0xC3, 0x4F, 0xFF, 0x3D, 0x4C, 0xCC, 0xCD,
    0x3E, 0x4C, 0xCC, 0xCD, 0x40, 0x80, 0x00, 0x00, 0x3E, 0x4C, 0xCC, 0xCD, 0xC7, 0xC3, 0x4F, 0xFF,
    0x3D, 0xCC, 0xCC, 0xCD, 0xC7, 0xC3, 0x4F, 0xFF, 0x46, 0x4E, 0x32, 0x30, 0x00, 0x01, 0x40, 0xC9,
    0x00, 0x00, 0x00, 0x00, 0x3F, 0x80, 0x00, 0x00, 0x00, 0x00, 0x00, 0x00, 0x00, 0x00, 0x00, 0x00,
    0x00, 0x00, 0x00, 0x00, 0x3E, 0x80, 0x00, 0x00, 0x3F, 0x40, 0x00, 0x00, 0x44, 0x16, 0x00, 0x00,
    0x43, 0xAF, 0x00, 0x00, 0x44, 0x7A, 0x00, 0x00, 0x3F, 0x28, 0xF5, 0xC3, 0x3D, 0xB8, 0x51, 0xEC,
    0x41, 0xC8, 0x00, 0x00, 0x41, 0xC8, 0x00, 0x00, 0x42, 0x20, 0x00, 0x00, 0x40, 0x00, 0x00, 0x00,
    0x3D, 0x4C, 0xCC, 0xCD, 0x42, 0x70, 0x00, 0x00, 0x42, 0x70, 0x00, 0x00, 0x42, 0x70, 0x00, 0x00,
    0xC7, 0xC3, 0x4F, 0xFF, 0x3D, 0x4C, 0xCC, 0xCD, 0x3E, 0x4C, 0xCC, 0xCD, 0x3F, 0x80, 0x00, 0x00,
    0x3E, 0x99, 0x99, 0x9A, 0xC7, 0xC3, 0x4F, 0xFF, 0xC7, 0xC3, 0x4F, 0xFF, 0xC7, 0xC3, 0x4F, 0xFF,
    0x46, 0x4E, 0x32, 0x31, 0x00, 0x01, 0x40, 0xC9, 0x00, 0x00, 0x00, 0x00, 0x3F, 0x80, 0x00, 0x00,
    0x00, 0x00, 0x00, 0x00, 0x00, 0x00, 0x00, 0x00, 0x00, 0x00, 0x00, 0x00, 0x3E, 0x80, 0x00, 0x00,
    0x3F, 0x40, 0x00, 0x00, 0x44, 0x16, 0x00, 0x00, 0x43, 0xAF, 0x00, 0x00, 0x44, 0x7A, 0x00, 0x00,
    0x3F, 0x28, 0xF5, 0xC3, 0x3D, 0xB8, 0x51, 0xEC, 0x41, 0xC8, 0x00, 0x00, 0x41, 0xC8, 0x00, 0x00,
    0x42, 0x20, 0x00, 0x00, 0x40, 0x00, 0x00, 0x00, 0x3D, 0x4C, 0xCC, 0xCD, 0x42, 0x70, 0x00, 0x00,
    0x42, 0x70, 0x00, 0x00, 0x42, 0x70, 0x00, 0x00, 0xC7, 0xC3, 0x4F, 0xFF, 0x3D, 0x4C, 0xCC, 0xCD,
    0x3E, 0x4C, 0xCC, 0xCD, 0x3F, 0x80, 0x00, 0x00, 0x3E, 0x99, 0x99, 0x9A, 0xC7, 0xC3, 0x4F, 0xFF,
    0xC7, 0xC3, 0x4F, 0xFF, 0xC7, 0xC3, 0x4F, 0xFF, 0x46, 0x4E, 0x32, 0x32, 0x00, 0x01, 0x40, 0xC9,
    0x00, 0x00, 0x00, 0x00, 0x3F, 0x80, 0x00, 0x00, 0x00, 0x00, 0x00, 0x00, 0x00, 0x00, 0x00, 0x00,
    0x00, 0x00, 0x00, 0x00, 0x3E, 0x80, 0x00, 0x00, 0x3E, 0xE6, 0x66, 0x66, 0x43, 0xB4, 0x00, 0x00,
    0x43, 0x70, 0x00, 0x00, 0x44, 0x7A, 0x00, 0x00, 0x3F, 0x28, 0xF5, 0xC3, 0x3D, 0xCC, 0xCC, 0xCD,
    0x41, 0x20, 0x00, 0x00, 0xC2, 0x20, 0x00, 0x00, 0x42, 0x70, 0x00, 0x00, 0x40, 0x00, 0x00, 0x00,
    0x3D, 0x4C, 0xCC, 0xCD, 0x42, 0x68, 0x00, 0x00, 0x42, 0x68, 0x00, 0x00, 0x42, 0x70, 0x00, 0x00,
    0xC7, 0xC3, 0x4F, 0xFF, 0x3D, 0x4C, 0xCC, 0xCD, 0x3E, 0x4C, 0xCC, 0xCD, 0x40, 0x80, 0x00, 0x00,
    0x3E, 0x4C, 0xCC, 0xCD, 0xC7, 0xC3, 0x4F, 0xFF, 0x3D, 0xCC, 0xCC, 0xCD, 0xC7, 0xC3, 0x4F, 0xFF,
    0x46, 0x4E, 0x32, 0x33, 0x00, 0x01, 0x40, 0xC9, 0x00, 0x00, 0x00, 0x00, 0x3F, 0x80, 0x00, 0x00,
    0x00, 0x00, 0x00, 0x00, 0x00, 0x00, 0x00, 0x00, 0x00, 0x00, 0x00, 0x00, 0x3E, 0x80, 0x00, 0x00,
    0x3E, 0xE6, 0x66, 0x66, 0x43, 0xB4, 0x00, 0x00, 0x43, 0x70, 0x00, 0x00, 0x44, 0x7A, 0x00, 0x00,
    0x3F, 0x28, 0xF5, 0xC3, 0x3D, 0xCC, 0xCC, 0xCD, 0x41, 0x20, 0x00, 0x00, 0xC2, 0x20, 0x00, 0x00,
    0x42, 0x70, 0x00, 0x00, 0x40, 0x00, 0x00, 0x00, 0x3D, 0x4C, 0xCC, 0xCD, 0x42, 0x68, 0x00, 0x00,
    0x42, 0x68, 0x00, 0x00, 0x42, 0x70, 0x00, 0x00, 0xC7, 0xC3, 0x4F, 0xFF, 0x3D, 0x4C, 0xCC, 0xCD,
    0x3E, 0x4C, 0xCC, 0xCD, 0x40, 0x80, 0x00, 0x00, 0x3E, 0x4C, 0xCC, 0xCD, 0xC7, 0xC3, 0x4F, 0xFF,
    0x3D, 0xCC, 0xCC, 0xCD, 0xC7, 0xC3, 0x4F, 0xFF, 0x46, 0x4E, 0x32, 0x34, 0x00, 0x01, 0x40, 0xC9,
    0x00, 0x00, 0x00, 0x00, 0x3F, 0x80, 0x00, 0x00, 0x00, 0x00, 0x00, 0x00, 0x00, 0x00, 0x00, 0x00,
    0x00, 0x00, 0x00, 0x00, 0x3E, 0x80, 0x00, 0x00, 0x3F, 0x40, 0x00, 0x00, 0x44, 0x16, 0x00, 0x00,
    0x43, 0xAF, 0x00, 0x00, 0x44, 0x7A, 0x00, 0x00, 0x3F, 0x28, 0xF5, 0xC3, 0x3D, 0xB8, 0x51, 0xEC,
    0x41, 0xC8, 0x00, 0x00, 0x41, 0xC8, 0x00, 0x00, 0x42, 0x20, 0x00, 0x00, 0x40, 0x00, 0x00, 0x00,
    0x3D, 0x4C, 0xCC, 0xCD, 0x42, 0x70, 0x00, 0x00, 0x42, 0x70, 0x00, 0x00, 0x42, 0x70, 0x00, 0x00,
    0xC7, 0xC3, 0x4F, 0xFF, 0x3D, 0x4C, 0xCC, 0xCD, 0x3E, 0x4C, 0xCC, 0xCD, 0x3F, 0x80, 0x00, 0x00,
    0x3E, 0x99, 0x99, 0x9A, 0xC7, 0xC3, 0x4F, 0xFF, 0xC7, 0xC3, 0x4F, 0xFF, 0xC7, 0xC3, 0x4F, 0xFF,
    0x46, 0x4E, 0x32, 0x36, 0x00, 0x01, 0x40, 0xC9, 0x00, 0x00, 0x00, 0x00, 0x3F, 0x80, 0x00, 0x00,
    0x00, 0x00, 0x00, 0x00, 0x00, 0x00, 0x00, 0x00, 0x00, 0x00, 0x00, 0x00, 0x3E, 0x80, 0x00, 0x00,
    0x3E, 0xE6, 0x66, 0x66, 0x43, 0xB4, 0x00, 0x00, 0x43, 0x70, 0x00, 0x00, 0x44, 0x7A, 0x00, 0x00,
    0x3F, 0x28, 0xF5, 0xC3, 0x3D, 0xCC, 0xCC, 0xCD, 0x41, 0x20, 0x00, 0x00, 0xC2, 0x20, 0x00, 0x00,
    0x42, 0x70, 0x00, 0x00, 0x40, 0x00, 0x00, 0x00, 0x3D, 0x4C, 0xCC, 0xCD, 0x42, 0x68, 0x00, 0x00,
    0x42, 0x68, 0x00, 0x00, 0x42, 0x70, 0x00, 0x00, 0xC7, 0xC3, 0x4F, 0xFF, 0x3D, 0x4C, 0xCC, 0xCD,
    0x3E, 0x4C, 0xCC, 0xCD, 0x40, 0x80, 0x00, 0x00, 0x3E, 0x4C, 0xCC, 0xCD, 0xC7, 0xC3, 0x4F, 0xFF,
    0x3D, 0xCC, 0xCC, 0xCD, 0xC7, 0xC3, 0x4F, 0xFF, 0x46, 0x4E, 0x32, 0x37, 0x00, 0x01, 0x40, 0xC9,
    0x00, 0x00, 0x00, 0x00, 0x3F, 0x80, 0x00, 0x00, 0x00, 0x00, 0x00, 0x00, 0x00, 0x00, 0x00, 0x00,
    0x00, 0x00, 0x00, 0x00, 0x3E, 0x80, 0x00, 0x00, 0x3E, 0xE6, 0x66, 0x66, 0x43, 0xB4, 0x00, 0x00,
    0x43, 0x70, 0x00, 0x00, 0x44, 0x7A, 0x00, 0x00, 0x3F, 0x28, 0xF5, 0xC3, 0x3D, 0xCC, 0xCC, 0xCD,
    0x41, 0x20, 0x00, 0x00, 0xC2, 0x20, 0x00, 0x00, 0x42, 0x70, 0x00, 0x00, 0x40, 0x00, 0x00, 0x00,
    0x3D, 0x4C, 0xCC, 0xCD, 0x42, 0x68, 0x00, 0x00, 0x42, 0x68, 0x00, 0x00, 0x42, 0x70, 0x00, 0x00,
    0xC7, 0xC3, 0x4F, 0xFF, 0x3D, 0x4C, 0xCC, 0xCD, 0x3E, 0x4C, 0xCC, 0xCD, 0x40, 0x80, 0x00, 0x00,
    0x3E, 0x4C, 0xCC, 0xCD, 0xC7, 0xC3, 0x4F, 0xFF, 0x3D, 0xCC, 0xCC, 0xCD, 0xC7, 0xC3, 0x4F, 0xFF,
    0x46, 0x4E, 0x32, 0x38, 0x00, 0x01, 0x40, 0xC9, 0x00, 0x00, 0x00, 0x00, 0x3F, 0x80, 0x00, 0x00,
    0x00, 0x00, 0x00, 0x00, 0x00, 0x00, 0x00, 0x00, 0x00, 0x00, 0x00, 0x00, 0x3E, 0x80, 0x00, 0x00,
    0x3F, 0x40, 0x00, 0x00, 0x44, 0x16, 0x00, 0x00, 0x43, 0xAF, 0x00, 0x00, 0x44, 0x7A, 0x00, 0x00,
    0x3F, 0x28, 0xF5, 0xC3, 0x3D, 0xB8, 0x51, 0xEC, 0x41, 0xC8, 0x00, 0x00, 0x41, 0xC8, 0x00, 0x00,
    0x42, 0x20, 0x00, 0x00, 0x40, 0x00, 0x00, 0x00, 0x3D, 0x4C, 0xCC, 0xCD, 0x42, 0x70, 0x00, 0x00,
    0x42, 0x70, 0x00, 0x00, 0x42, 0x70, 0x00, 0x00, 0xC7, 0xC3, 0x4F, 0xFF, 0x3D, 0x4C, 0xCC, 0xCD,
    0x3E, 0x4C, 0xCC, 0xCD, 0x3F, 0x80, 0x00, 0x00, 0x3E, 0x99, 0x99, 0x9A, 0xC7, 0xC3, 0x4F, 0xFF,
    0xC7, 0xC3, 0x4F, 0xFF, 0xC7, 0xC3, 0x4F, 0xFF, 0x46, 0x4E, 0x33, 0x30, 0x00, 0x01, 0x40, 0x0B,
    0x00, 0x00, 0x00, 0x00, 0x42, 0x48, 0x00, 0x00, 0xC1, 0xA0, 0x00, 0x00, 0xC1, 0xA0, 0x00, 0x00,
    0x41, 0xA0, 0x00, 0x00, 0x3E, 0x4C, 0xCC, 0xCD, 0x3E, 0x80, 0x00, 0x00, 0x43, 0xD2, 0x00, 0x00,
    0x43, 0xA0, 0x00, 0x00, 0x44, 0x48, 0x00, 0x00, 0x3F, 0x28, 0xF5, 0xC3, 0x3D, 0xA3, 0xD7, 0x0A,
    0x41, 0xD0, 0x00, 0x00, 0x41, 0xD0, 0x00, 0x00, 0x42, 0x0C, 0x00, 0x00, 0x40, 0x00, 0x00, 0x00,
    0x3D, 0x4C, 0xCC, 0xCD, 0x42, 0x68, 0x00, 0x00, 0x42, 0x68, 0x00, 0x00, 0x42, 0x40, 0x00, 0x00,
    0xC7, 0xC3, 0x4F, 0xFF, 0x3D, 0x4C, 0xCC, 0xCD, 0x3D, 0xCC, 0xCC, 0xCD, 0x3E, 0x80, 0x00, 0x00,
    0x3E, 0x99, 0x99, 0x9A, 0xC7, 0xC3, 0x4F, 0xFF, 0xC7, 0xC3, 0x4F, 0xFF, 0xC7, 0xC3, 0x4F, 0xFF,
    0x46, 0x4E, 0x33, 0x31, 0x00, 0x01, 0x40, 0x0B, 0x00, 0x00, 0x00, 0x00, 0xC1, 0xA0, 0x00, 0x00,
    0xC1, 0xA0, 0x00, 0x00, 0xC1, 0xA0, 0x00, 0x00, 0x41, 0xA0, 0x00, 0x00, 0x3E, 0x4C, 0xCC, 0xCD,
    0x3E, 0x80, 0x00, 0x00, 0x43, 0xD2, 0x00, 0x00, 0x43, 0xA0, 0x00, 0x00, 0x44, 0x48, 0x00, 0x00,
    0x3F, 0x28, 0xF5, 0xC3, 0x3D, 0xA3, 0xD7, 0x0A, 0x41, 0xD0, 0x00, 0x00, 0x41, 0xD0, 0x00, 0x00,
    0x42, 0x0C, 0x00, 0x00, 0x40, 0x00, 0x00, 0x00, 0x3D, 0x4C, 0xCC, 0xCD, 0x42, 0x68, 0x00, 0x00,
    0x42, 0x68, 0x00, 0x00, 0x42, 0x40, 0x00, 0x00, 0xC7, 0xC3, 0x4F, 0xFF, 0x3D, 0x4C, 0xCC, 0xCD,
    0x3D, 0xCC, 0xCC, 0xCD, 0x3E, 0x80, 0x00, 0x00, 0x3E, 0x99, 0x99, 0x9A, 0xC7, 0xC3, 0x4F, 0xFF,
    0xC7, 0xC3, 0x4F, 0xFF, 0xC7, 0xC3, 0x4F, 0xFF, 0x46, 0x4E, 0x33, 0x32, 0x00, 0x01, 0x40, 0x0B,
    0x00, 0x00, 0x00, 0x00, 0xC1, 0xA0, 0x00, 0x00, 0xC1, 0xA0, 0x00, 0x00, 0xC1, 0xA0, 0x00, 0x00,
    0x41, 0xA0, 0x00, 0x00, 0x3E, 0x4C, 0xCC, 0xCD, 0x3E, 0x80, 0x00, 0x00, 0x43, 0xD2, 0x00, 0x00,
    0x43, 0xA0, 0x00, 0x00, 0x44, 0x48, 0x00, 0x00, 0x3F, 0x28, 0xF5, 0xC3, 0x3D, 0xA3, 0xD7, 0x0A,
    0x41, 0xD0, 0x00, 0x00, 0x41, 0xD0, 0x00, 0x00, 0x42, 0x0C, 0x00, 0x00, 0x40, 0x00, 0x00, 0x00,
    0x3D, 0x4C, 0xCC, 0xCD, 0x42, 0x68, 0x00, 0x00, 0x42, 0x68, 0x00, 0x00, 0x42, 0x40, 0x00, 0x00,
    0xC7, 0xC3, 0x4F, 0xFF, 0x3D, 0x4C, 0xCC, 0xCD, 0x3D, 0xCC, 0xCC, 0xCD, 0x3E, 0x80, 0x00, 0x00,
    0x3E, 0x99, 0x99, 0x9A, 0xC7, 0xC3, 0x4F, 0xFF, 0xC7, 0xC3, 0x4F, 0xFF, 0xC7, 0xC3, 0x4F, 0xFF,
    0x46, 0x4E, 0x33, 0x33, 0x00, 0x01, 0x40, 0xC9, 0x00, 0x00, 0x00, 0x00, 0x3F, 0x80, 0x00, 0x00,
    0x00, 0x00, 0x00, 0x00, 0x00, 0x00, 0x00, 0x00, 0x00, 0x00, 0x00, 0x00, 0x3E, 0x80, 0x00, 0x00,
    0x3E, 0xE6, 0x66, 0x66, 0x43, 0xB4, 0x00, 0x00, 0x43, 0x70, 0x00, 0x00, 0x44, 0x7A, 0x00, 0x00,
    0x3F, 0x28, 0xF5, 0xC3, 0x3D, 0xCC, 0xCC, 0xCD, 0x41, 0x20, 0x00, 0x00, 0xC2, 0x20, 0x00, 0x00,
    0x42, 0x70, 0x00, 0x00, 0x40, 0x00, 0x00, 0x00, 0x3D, 0x4C, 0xCC, 0xCD, 0x42, 0x68, 0x00, 0x00,
    0x42, 0x68, 0x00, 0x00, 0x42, 0x70, 0x00, 0x00, 0xC7, 0xC3, 0x4F, 0xFF, 0x3D, 0x4C, 0xCC, 0xCD,
    0x3E, 0x4C, 0xCC, 0xCD, 0x40, 0x80, 0x00, 0x00, 0x3E, 0x4C, 0xCC, 0xCD, 0xC7, 0xC3, 0x4F, 0xFF,
    0x3D, 0xCC, 0xCC, 0xCD, 0xC7, 0xC3, 0x4F, 0xFF, 0x46, 0x4E, 0x33, 0x34, 0x00, 0x01, 0x40, 0x0B,
    0x00, 0x00, 0x00, 0x00, 0xC1, 0xA0, 0x00, 0x00, 0xC1, 0xA0, 0x00, 0x00, 0xC1, 0xA0, 0x00, 0x00,
    0x41, 0xA0, 0x00, 0x00, 0x3E, 0x4C, 0xCC, 0xCD, 0x3E, 0x80, 0x00, 0x00, 0x43, 0xD2, 0x00, 0x00,
    0x43, 0xA0, 0x00, 0x00, 0x44, 0x48, 0x00, 0x00, 0x3F, 0x28, 0xF5, 0xC3, 0x3D, 0xA3, 0xD7, 0x0A,
    0x41, 0xD0, 0x00, 0x00, 0x41, 0xD0, 0x00, 0x00, 0x42, 0x0C, 0x00, 0x00, 0x40, 0x00, 0x00, 0x00,
    0x3D, 0x4C, 0xCC, 0xCD, 0x42, 0x68, 0x00, 0x00, 0x42, 0x68, 0x00, 0x00, 0x42, 0x40, 0x00, 0x00,
    0xC7, 0xC3, 0x4F, 0xFF, 0x3D, 0x4C, 0xCC, 0xCD, 0x3D, 0xCC, 0xCC, 0xCD, 0x3E, 0x80, 0x00, 0x00,
    0x3E, 0x99, 0x99, 0x9A, 0xC7, 0xC3, 0x4F, 0xFF, 0xC7, 0xC3, 0x4F, 0xFF, 0xC7, 0xC3, 0x4F, 0xFF,
    0x46, 0x4E, 0x33, 0x35, 0x00, 0x01, 0x40, 0xC9, 0x00, 0x00, 0x00, 0x00, 0x3F, 0x80, 0x00, 0x00,
    0x00, 0x00, 0x00, 0x00, 0x00, 0x00, 0x00, 0x00, 0x00, 0x00, 0x00, 0x00, 0x3E, 0x80, 0x00, 0x00,
    0x3E, 0xE6, 0x66, 0x66, 0x43, 0xB4, 0x00, 0x00, 0x43, 0x70, 0x00, 0x00, 0x44, 0x7A, 0x00, 0x00,
    0x3F, 0x28, 0xF5, 0xC3, 0x3D, 0xCC, 0xCC, 0xCD, 0x41, 0x20, 0x00, 0x00, 0xC2, 0x20, 0x00, 0x00,
    0x42, 0x70, 0x00, 0x00, 0x40, 0x00, 0x00, 0x00, 0x3D, 0x4C, 0xCC, 0xCD, 0x42, 0x68, 0x00, 0x00,
    0x42, 0x68, 0x00, 0x00, 0x42, 0x70, 0x00, 0x00, 0xC7, 0xC3, 0x4F, 0xFF, 0x3D, 0x4C, 0xCC, 0xCD,
    0x3E, 0x4C, 0xCC, 0xCD, 0x40, 0x80, 0x00, 0x00, 0x3E, 0x4C, 0xCC, 0xCD, 0xC7, 0xC3, 0x4F, 0xFF,
    0x3D, 0xCC, 0xCC, 0xCD, 0xC7, 0xC3, 0x4F, 0xFF, 0x4C, 0x4C, 0x31, 0x37, 0x00, 0x02, 0x00, 0x01,
    0xC7, 0xC3, 0x4F, 0xFF, 0x3F, 0x40, 0x00, 0x00, 0xC7, 0xC3, 0x4F, 0xFF, 0xC7, 0xC3, 0x4F, 0xFF,
    0x3F, 0x00, 0x00, 0x00, 0x3E, 0x4C, 0xCC, 0xCD, 0x3E, 0xCC, 0xCC, 0xCD, 0xC7, 0xC3, 0x4F, 0xFF,
    0xC7, 0xC3, 0x4F, 0xFF, 0xC7, 0xC3, 0x4F, 0xFF, 0x43, 0xE1, 0x00, 0x00, 0x43, 0xFA, 0x00, 0x00,
    0xC7, 0xC3, 0x4F, 0xFF, 0x3E, 0x80, 0x00, 0x00, 0xC7, 0xC3, 0x4F, 0xFF, 0x41, 0xC8, 0x00, 0x00,
    0x41, 0xF0, 0x00, 0x00, 0xC7, 0xC3, 0x4F, 0xFF, 0xC7, 0xC3, 0x4F, 0xFF, 0xC7, 0xC3, 0x4F, 0xFF,
    0x42, 0x5C, 0x00, 0x00, 0x42, 0x70, 0x00, 0x00, 0x3D, 0xA3, 0xD7, 0x0A, 0x42, 0x48, 0x00, 0x00,
    0x41, 0x70, 0x00, 0x00, 0x00, 0x00, 0x00, 0x00, 0xC1, 0x20, 0x00, 0x00, 0x3D, 0x23, 0xD7, 0x0A,
    0x46, 0x4E, 0x33, 0x37, 0x00, 0x01, 0x40, 0xC9, 0x00, 0x00, 0x00, 0x00, 0x3F, 0x80, 0x00, 0x00,
    0x00, 0x00, 0x00, 0x00, 0x00, 0x00, 0x00, 0x00, 0x00, 0x00, 0x00, 0x00, 0x3E, 0x80, 0x00, 0x00,
    0x3F, 0x40, 0x00, 0x00, 0x44, 0x16, 0x00, 0x00, 0x43, 0xAF, 0x00, 0x00, 0x44, 0x7A, 0x00, 0x00,
    0x3F, 0x28, 0xF5, 0xC3, 0x3D, 0xB8, 0x51, 0xEC, 0x41, 0xC8, 0x00, 0x00, 0x41, 0xC8, 0x00, 0x00,
    0x42, 0x20, 0x00, 0x00, 0x40, 0x00, 0x00, 0x00, 0x3D, 0x4C, 0xCC, 0xCD, 0x42, 0x70, 0x00, 0x00,
    0x42, 0x70, 0x00, 0x00, 0x42, 0x70, 0x00, 0x00, 0xC7, 0xC3, 0x4F, 0xFF, 0x3D, 0x4C, 0xCC, 0xCD,
    0x3E, 0x4C, 0xCC, 0xCD, 0x3F, 0x80, 0x00, 0x00, 0x3E, 0x99, 0x99, 0x9A, 0xC7, 0xC3, 0x4F, 0xFF,
    0xC7, 0xC3, 0x4F, 0xFF, 0xC7, 0xC3, 0x4F, 0xFF, 0x42, 0x45, 0x30, 0x38, 0x00, 0x08, 0x00, 0x03,
    0x00, 0x00, 0x00, 0x00, 0x42, 0x20, 0x00, 0x00, 0x42, 0x8C, 0x00, 0x00, 0xC7, 0xC3, 0x4F, 0xFF,
    0xC1, 0x20, 0x00, 0x00, 0x3D, 0x23, 0xD7, 0x0A, 0x3E, 0xCC, 0xCC, 0xCD, 0x44, 0x7A, 0x00, 0x00,
    0xC7, 0xC3, 0x4F, 0xFF, 0x44, 0xE1, 0x00, 0x00, 0xC4, 0x96, 0x00, 0x00, 0x42, 0x82, 0x00, 0x00,
    0x42, 0x34, 0x00, 0x00, 0x42, 0x20, 0x00, 0x00, 0x42, 0x48, 0x00, 0x00, 0xC1, 0x20, 0x00, 0x00,
    0x41, 0xF0, 0x00, 0x00, 0x42, 0x78, 0x00, 0x00, 0xC7, 0xC3, 0x4F, 0xFF, 0x42, 0x8C, 0x00, 0x00,
    0x41, 0xB0, 0x00, 0x00, 0x3F, 0x40, 0x00, 0x00, 0x3D, 0xF5, 0xC2, 0x8F, 0xC0, 0xA0, 0x00, 0x00,
    0x3C, 0xF5, 0xC2, 0x8F, 0xC2, 0xC8, 0x00, 0x00, 0x3F, 0x00, 0x00, 0x00, 0x3D, 0xA3, 0xD7, 0x0A,
    0x42, 0x45, 0x30, 0x37, 0x00, 0x08, 0x00, 0x03, 0x00, 0x00, 0x00, 0x00, 0x42, 0x20, 0x00, 0x00,
    0x42, 0x8C, 0x00, 0x00, 0xC7, 0xC3, 0x4F, 0xFF, 0xC1, 0x20, 0x00, 0x00, 0x3D, 0x23, 0xD7, 0x0A,
    0x3E, 0xCC, 0xCC, 0xCD, 0x44, 0x7A, 0x00, 0x00, 0xC7, 0xC3, 0x4F, 0xFF, 0x44, 0xE1, 0x00, 0x00,
    0xC4, 0x96, 0x00, 0x00, 0x42, 0x82, 0x00, 0x00, 0x42, 0x34, 0x00, 0x00, 0x42, 0x20, 0x00, 0x00,
    0x42, 0x48, 0x00, 0x00, 0xC1, 0x20, 0x00, 0x00, 0x41, 0xF0, 0x00, 0x00, 0x42, 0x78, 0x00, 0x00,
    0xC7, 0xC3, 0x4F, 0xFF, 0x42, 0x8C, 0x00, 0x00, 0x41, 0xB0, 0x00, 0x00, 0x3F, 0x40, 0x00, 0x00,
    0x3D, 0xF5, 0xC2, 0x8F, 0xC0, 0xA0, 0x00, 0x00, 0x3C, 0xF5, 0xC2, 0x8F, 0xC2, 0xC8, 0x00, 0x00,
    0x3F, 0x00, 0x00, 0x00, 0x3D, 0xA3, 0xD7, 0x0A, 0x54, 0x54, 0x30, 0x34, 0x00, 0x03, 0x00, 0x02,
    0x00, 0x00, 0x00, 0x00, 0x00, 0x00, 0x00, 0x00, 0xC2, 0x48, 0x00, 0x00, 0xC1, 0xF0, 0x00, 0x00,
    0xC7, 0xC3, 0x4F, 0xFF, 0xC7, 0xC3, 0x4F, 0xFF, 0x3E, 0xCC, 0xCC, 0xCD, 0x43, 0xF0, 0x00, 0x00,
    0x43, 0x96, 0x00, 0x00, 0xC7, 0xC3, 0x4F, 0xFF, 0xC7, 0xC3, 0x4F, 0xFF, 0xC7, 0xC3, 0x4F, 0xFF,
    0x41, 0x20, 0x00, 0x00, 0xC7, 0xC3, 0x4F, 0xFF, 0xC7, 0xC3, 0x4F, 0xFF, 0xC1, 0x70, 0x00, 0x00,
    0x42, 0x0C, 0x00, 0x00, 0x42, 0x30, 0x00, 0x00, 0x42, 0x20, 0x00, 0x00, 0xC7, 0xC3, 0x4F, 0xFF,
    0xC7, 0xC3, 0x4F, 0xFF, 0xC7, 0xC3, 0x4F, 0xFF, 0xC7, 0xC3, 0x4F, 0xFF, 0x41, 0xC8, 0x00, 0x00,
    0x42, 0x96, 0x00, 0x00, 0xC7, 0xC3, 0x4F, 0xFF, 0xC7, 0xC3, 0x4F, 0xFF, 0xC7, 0xC3, 0x4F, 0xFF,
    0x46, 0x50, 0x33, 0x38, 0x00, 0x01, 0x40, 0xC9, 0x00, 0x00, 0x00, 0x00, 0x3F, 0x80, 0x00, 0x00,
    0x00, 0x00, 0x00, 0x00, 0x00, 0x00, 0x00, 0x00, 0x00, 0x00, 0x00, 0x00, 0x3E, 0x80, 0x00, 0x00,
    0x3E, 0xE6, 0x66, 0x66, 0x43, 0xB4, 0x00, 0x00, 0x43, 0x70, 0x00, 0x00, 0x44, 0x7A, 0x00, 0x00,
    0x3F, 0x28, 0xF5, 0xC3, 0x3D, 0xCC, 0xCC, 0xCD, 0x41, 0x20, 0x00, 0x00, 0xC2, 0x20, 0x00, 0x00,
    0x42, 0x70, 0x00, 0x00, 0x40, 0x00, 0x00, 0x00, 0x3D, 0x4C, 0xCC, 0xCD, 0x42, 0x68, 0x00, 0x00,
    0x42, 0x68, 0x00, 0x00, 0x42, 0x70, 0x00, 0x00, 0xC7, 0xC3, 0x4F, 0xFF, 0x3D, 0x4C, 0xCC, 0xCD,
    0x3E, 0x4C, 0xCC, 0xCD, 0x40, 0x80, 0x00, 0x00, 0x3E, 0x4C, 0xCC, 0xCD, 0xC7, 0xC3, 0x4F, 0xFF,
    0x3D, 0xCC, 0xCC, 0xCD, 0xC7, 0xC3, 0x4F, 0xFF, 0x46, 0x4E, 0x33, 0x39, 0x00, 0x01, 0x40, 0xC9,
    0x00, 0x00, 0x00, 0x00, 0x3F, 0x80, 0x00, 0x00, 0x00, 0x00, 0x00, 0x00, 0x00, 0x00, 0x00, 0x00,
    0x00, 0x00, 0x00, 0x00, 0x3E, 0x80, 0x00, 0x00, 0x3F, 0x40, 0x00, 0x00, 0x44, 0x16, 0x00, 0x00,
    0x43, 0xAF, 0x00, 0x00, 0x44, 0x7A, 0x00, 0x00, 0x3F, 0x28, 0xF5, 0xC3, 0x3D, 0xB8, 0x51, 0xEC,
    0x41, 0xC8, 0x00, 0x00, 0x41, 0xC8, 0x00, 0x00, 0x42, 0x20, 0x00, 0x00, 0x40, 0x00, 0x00, 0x00,
    0x3D, 0x4C, 0xCC, 0xCD, 0x42, 0x70, 0x00, 0x00, 0x42, 0x70, 0x00, 0x00, 0x42, 0x70, 0x00, 0x00,
    0xC7, 0xC3, 0x4F, 0xFF, 0x3D, 0x4C, 0xCC, 0xCD, 0x3E, 0x4C, 0xCC, 0xCD, 0x3F, 0x80, 0x00, 0x00,
    0x3E, 0x99, 0x99, 0x9A, 0xC7, 0xC3, 0x4F, 0xFF, 0xC7, 0xC3, 0x4F, 0xFF, 0xC7, 0xC3, 0x4F, 0xFF,
    0x4D, 0x4D, 0x31, 0x36, 0x00, 0x09, 0x00, 0x00, 0x00, 0x00, 0x00, 0x00, 0x00, 0x00, 0x00, 0x00,
    0x00, 0x00, 0x00, 0x00, 0x00, 0x00, 0x00, 0x00, 0x41, 0xF0, 0x00, 0x00, 0x3E, 0x80, 0x00, 0x00,
    0x3F, 0x33, 0x33, 0x33, 0x43, 0xA0, 0x00, 0x00, 0x43, 0x96, 0x00, 0x00, 0x44, 0x2F, 0x00, 0x00,
    0x00, 0x00, 0x00, 0x00, 0x41, 0xA0, 0x00, 0x00, 0x00, 0x00, 0x00, 0x00, 0xC2, 0xA0, 0x00, 0x00,
    0x42, 0xA0, 0x00, 0x00, 0x00, 0x00, 0x00, 0x00, 0x3F, 0x80, 0x00, 0x00, 0x42, 0x48, 0x00, 0x00,
    0x42, 0x48, 0x00, 0x00, 0x42, 0x48, 0x00, 0x00, 0x00, 0x00, 0x00, 0x00, 0x3E, 0xCC, 0xCC, 0xCD,
    0x3E, 0xA8, 0xF5, 0xC3, 0x00, 0x00, 0x00, 0x00, 0x41, 0x00, 0x00, 0x00, 0x00, 0x00, 0x00, 0x00,
    0x3F, 0x80, 0x00, 0x00, 0x3F, 0x28, 0xF5, 0xC3, 0x4D, 0x4D, 0x31, 0x34, 0x00, 0x09, 0x00, 0x00,
    0x00, 0x00, 0x00, 0x00, 0x00, 0x00, 0x00, 0x00, 0x00, 0x00, 0x00, 0x00, 0x00, 0x00, 0x00, 0x00,
    0x41, 0xF0, 0x00, 0x00, 0x3E, 0x80, 0x00, 0x00, 0x3F, 0x33, 0x33, 0x33, 0x43, 0xA0, 0x00, 0x00,
    0x43, 0x96, 0x00, 0x00, 0x44, 0x2F, 0x00, 0x00, 0x00, 0x00, 0x00, 0x00, 0x41, 0xA0, 0x00, 0x00,
    0x00, 0x00, 0x00, 0x00, 0xC2, 0xA0, 0x00, 0x00, 0x42, 0xA0, 0x00, 0x00, 0x00, 0x00, 0x00, 0x00,
    0x3F, 0x80, 0x00, 0x00, 0x42, 0x48, 0x00, 0x00, 0x42, 0x48, 0x00, 0x00, 0x42, 0x48, 0x00, 0x00,
    0x00, 0x00, 0x00, 0x00, 0x3E, 0xCC, 0xCC, 0xCD, 0x3E, 0xA8, 0xF5, 0xC3, 0x00, 0x00, 0x00, 0x00,
    0x41, 0x00, 0x00, 0x00, 0x00, 0x00, 0x00, 0x00, 0x3F, 0x80, 0x00, 0x00, 0x3F, 0x28, 0xF5, 0xC3,
    0x4D, 0x4D, 0x31, 0x35, 0x00, 0x09, 0x00, 0x00, 0x00, 0x00, 0x00, 0x00, 0x00, 0x00, 0x00, 0x00,
    0x00, 0x00, 0x00, 0x00, 0x00, 0x00, 0x00, 0x00, 0x41, 0xF0, 0x00, 0x00, 0x3E, 0x80, 0x00, 0x00,
    0x3F, 0x33, 0x33, 0x33, 0x43, 0xA0, 0x00, 0x00, 0x43, 0x96, 0x00, 0x00, 0x44, 0x2F, 0x00, 0x00,
    0x00, 0x00, 0x00, 0x00, 0x41, 0xA0, 0x00, 0x00, 0x00, 0x00, 0x00, 0x00, 0xC2, 0xA0, 0x00, 0x00,
    0x42, 0xA0, 0x00, 0x00, 0x00, 0x00, 0x00, 0x00, 0x3F, 0x80, 0x00, 0x00, 0x42, 0x48, 0x00, 0x00,
    0x42, 0x48, 0x00, 0x00, 0x42, 0x48, 0x00, 0x00, 0x00, 0x00, 0x00, 0x00, 0x3E, 0xCC, 0xCC, 0xCD,
    0x3E, 0xA8, 0xF5, 0xC3, 0x00, 0x00, 0x00, 0x00, 0x41, 0x00, 0x00, 0x00, 0x00, 0x00, 0x00, 0x00,
    0x3F, 0x80, 0x00, 0x00, 0x3F, 0x28, 0xF5, 0xC3, 0x4D, 0x4D, 0x30, 0x37, 0x00, 0x09, 0x00, 0x00,
    0x00, 0x00, 0x00, 0x00, 0x00, 0x00, 0x00, 0x00, 0x00, 0x00, 0x00, 0x00, 0x00, 0x00, 0x00, 0x00,
    0x41, 0xF0, 0x00, 0x00, 0x3E, 0x80, 0x00, 0x00, 0x3F, 0x33, 0x33, 0x33, 0x43, 0xA0, 0x00, 0x00,
    0x43, 0x96, 0x00, 0x00, 0x44, 0x2F, 0x00, 0x00, 0x00, 0x00, 0x00, 0x00, 0x41, 0xA0, 0x00, 0x00,
    0x00, 0x00, 0x00, 0x00, 0xC2, 0xA0, 0x00, 0x00, 0x42, 0xA0, 0x00, 0x00, 0x00, 0x00, 0x00, 0x00,
    0x3F, 0x80, 0x00, 0x00, 0x42, 0x48, 0x00, 0x00, 0x42, 0x48, 0x00, 0x00, 0x42, 0x48, 0x00, 0x00,
    0x00, 0x00, 0x00, 0x00, 0x3E, 0xCC, 0xCC, 0xCD, 0x3E, 0xA8, 0xF5, 0xC3, 0x00, 0x00, 0x00, 0x00,
    0x41, 0x00, 0x00, 0x00, 0x00, 0x00, 0x00, 0x00, 0x3F, 0x80, 0x00, 0x00, 0x3F, 0x28, 0xF5, 0xC3,
    0x46, 0x4E, 0x38, 0x31, 0x00, 0x01, 0x40, 0xC9, 0x00, 0x00, 0x00, 0x00, 0x3F, 0x80, 0x00, 0x00,
    0x00, 0x00, 0x00, 0x00, 0x00, 0x00, 0x00, 0x00, 0x00, 0x00, 0x00, 0x00, 0x3E, 0x80, 0x00, 0x00,
    0x3F, 0x40, 0x00, 0x00, 0x44, 0x16, 0x00, 0x00, 0x43, 0xAF, 0x00, 0x00, 0x44, 0x7A, 0x00, 0x00,
    0x3F, 0x28, 0xF5, 0xC3, 0x3D, 0xB8, 0x51, 0xEC, 0x41, 0xC8, 0x00, 0x00, 0x41, 0xC8, 0x00, 0x00,
    0x42, 0x20, 0x00, 0x00, 0x40, 0x00, 0x00, 0x00, 0x3D, 0x4C, 0xCC, 0xCD, 0x42, 0x70, 0x00, 0x00,
    0x42, 0x70, 0x00, 0x00, 0x42, 0x70, 0x00, 0x00, 0xC7, 0xC3, 0x4F, 0xFF, 0x3D, 0x4C, 0xCC, 0xCD,
    0x3E, 0x4C, 0xCC, 0xCD, 0x3F, 0x80, 0x00, 0x00, 0x3E, 0x99, 0x99, 0x9A, 0xC7, 0xC3, 0x4F, 0xFF,
    0xC7, 0xC3, 0x4F, 0xFF, 0xC7, 0xC3, 0x4F, 0xFF, 0x46, 0x4E, 0x34, 0x30, 0x00, 0x01, 0x40, 0x0B,
    0x00, 0x00, 0x00, 0x00, 0x42, 0x48, 0x00, 0x00, 0xC1, 0xA0, 0x00, 0x00, 0xC1, 0xA0, 0x00, 0x00,
    0x41, 0xA0, 0x00, 0x00, 0x3E, 0x4C, 0xCC, 0xCD, 0x3E, 0x80, 0x00, 0x00, 0x43, 0xD2, 0x00, 0x00,
    0x43, 0xA0, 0x00, 0x00, 0x44, 0x48, 0x00, 0x00, 0x3F, 0x28, 0xF5, 0xC3, 0x3D, 0xA3, 0xD7, 0x0A,
    0x41, 0xD0, 0x00, 0x00, 0x41, 0xD0, 0x00, 0x00, 0x42, 0x0C, 0x00, 0x00, 0x40, 0x00, 0x00, 0x00,
    0x3D, 0x4C, 0xCC, 0xCD, 0x42, 0x68, 0x00, 0x00, 0x42, 0x68, 0x00, 0x00, 0x42, 0x40, 0x00, 0x00,
    0xC7, 0xC3, 0x4F, 0xFF, 0x3D, 0x4C, 0xCC, 0xCD, 0x3D, 0xCC, 0xCC, 0xCD, 0x3E, 0x80, 0x00, 0x00,
    0x3E, 0x99, 0x99, 0x9A, 0xC7, 0xC3, 0x4F, 0xFF, 0xC7, 0xC3, 0x4F, 0xFF, 0xC7, 0xC3, 0x4F, 0xFF,
    0x46, 0x4E, 0x34, 0x31, 0x00, 0x01, 0x40, 0xC9, 0x00, 0x00, 0x00, 0x00, 0x3F, 0x80, 0x00, 0x00,
    0x00, 0x00, 0x00, 0x00, 0x00, 0x00, 0x00, 0x00, 0x00, 0x00, 0x00, 0x00, 0x3E, 0x80, 0x00, 0x00,
    0x3F, 0x40, 0x00, 0x00, 0x44, 0x16, 0x00, 0x00, 0x43, 0xAF, 0x00, 0x00, 0x44, 0x7A, 0x00, 0x00,
    0x3F, 0x28, 0xF5, 0xC3, 0x3D, 0xB8, 0x51, 0xEC, 0x41, 0xC8, 0x00, 0x00, 0x41, 0xC8, 0x00, 0x00,
    0x42, 0x20, 0x00, 0x00, 0x40, 0x00, 0x00, 0x00, 0x3D, 0x4C, 0xCC, 0xCD, 0x42, 0x70, 0x00, 0x00,
    0x42, 0x70, 0x00, 0x00, 0x42, 0x70, 0x00, 0x00, 0xC7, 0xC3, 0x4F, 0xFF, 0x3D, 0x4C, 0xCC, 0xCD,
    0x3E, 0x4C, 0xCC, 0xCD, 0x3F, 0x80, 0x00, 0x00, 0x3E, 0x99, 0x99, 0x9A, 0xC7, 0xC3, 0x4F, 0xFF,
    0xC7, 0xC3, 0x4F, 0xFF, 0xC7, 0xC3, 0x4F, 0xFF, 0x46, 0x4E, 0x31, 0x39, 0x00, 0x01, 0x40, 0xC9,
    0x00, 0x00, 0x00, 0x00, 0x3F, 0x80, 0x00, 0x00, 0x00, 0x00, 0x00, 0x00, 0x00, 0x00, 0x00, 0x00,
    0x00, 0x00, 0x00, 0x00, 0x3E, 0x80, 0x00, 0x00, 0x3F, 0x40, 0x00, 0x00, 0x44, 0x16, 0x00, 0x00,
    0x43, 0xAF, 0x00, 0x00, 0x44, 0x7A, 0x00, 0x00, 0x3F, 0x28, 0xF5, 0xC3, 0x3D, 0xB8, 0x51, 0xEC,
    0x41, 0xC8, 0x00, 0x00, 0x41, 0xC8, 0x00, 0x00, 0x42, 0x20, 0x00, 0x00, 0x40, 0x00, 0x00, 0x00,
    0x3D, 0x4C, 0xCC, 0xCD, 0x42, 0x70, 0x00, 0x00, 0x42, 0x70, 0x00, 0x00, 0x42, 0x70, 0x00, 0x00,
    0xC7, 0xC3, 0x4F, 0xFF, 0x3D, 0x4C, 0xCC, 0xCD, 0x3E, 0x4C, 0xCC, 0xCD, 0x3F, 0x80, 0x00, 0x00,
    0x3E, 0x99, 0x99, 0x9A, 0xC7, 0xC3, 0x4F, 0xFF, 0xC7, 0xC3, 0x4F, 0xFF, 0xC7, 0xC3, 0x4F, 0xFF,
    0x4C, 0x4C, 0x38, 0x31, 0x00, 0x02, 0x00, 0x02, 0xC7, 0xC3, 0x4F, 0xFF, 0x3F, 0x80, 0x00, 0x00,
    0xC7, 0xC3, 0x4F, 0xFF, 0xC7, 0xC3, 0x4F, 0xFF, 0x3F, 0x00, 0x00, 0x00, 0x3E, 0x4C, 0xCC, 0xCD,
    0x3E, 0xCC, 0xCC, 0xCD, 0xC7, 0xC3, 0x4F, 0xFF, 0xC7, 0xC3, 0x4F, 0xFF, 0x3F, 0x80, 0x00, 0x00,
    0x43, 0x96, 0x00, 0x00, 0x44, 0x09, 0x80, 0x00, 0xC7, 0xC3, 0x4F, 0xFF, 0x3D, 0xCC, 0xCC, 0xCD,
    0xC7, 0xC3, 0x4F, 0xFF, 0x41, 0x20, 0x00, 0x00, 0xC1, 0x70, 0x00, 0x00, 0xC7, 0xC3, 0x4F, 0xFF,
    0xC7, 0xC3, 0x4F, 0xFF, 0xC7, 0xC3, 0x4F, 0xFF, 0x42, 0x34, 0x00, 0x00, 0x42, 0x5C, 0x00, 0x00,
    0x3D, 0x4C, 0xCC, 0xCD, 0x41, 0xA0, 0x00, 0x00, 0x41, 0x20, 0x00, 0x00, 0x00, 0x00, 0x00, 0x00,
    0xC2, 0xC8, 0x00, 0x00, 0x3C, 0xA3, 0xD7, 0x0A, 0x44, 0x44, 0x30, 0x31, 0x00, 0x18, 0x00, 0x02,
    0x42, 0x70, 0x00, 0x00, 0x00, 0x00, 0x00, 0x00, 0xC7, 0xC3, 0x4F, 0xFF, 0x3C, 0xF5, 0xC2, 0x8F,
    0x3C, 0xF5, 0xC2, 0x8F, 0x42, 0x48, 0x00, 0x00, 0xC7, 0xC3, 0x4F, 0xFF, 0xC7, 0xC3, 0x4F, 0xFF,
    0xC7, 0xC3, 0x4F, 0xFF, 0xC7, 0xC3, 0x4F, 0xFF, 0x44, 0x09, 0x80, 0x00, 0x43, 0xE1, 0x00, 0x00,
    0xC7, 0xC3, 0x4F, 0xFF, 0xC7, 0xC3, 0x4F, 0xFF, 0xC7, 0xC3, 0x4F, 0xFF, 0x40, 0xA0, 0x00, 0x00,
    0xC7, 0xC3, 0x4F, 0xFF, 0xC7, 0xC3, 0x4F, 0xFF, 0x3E, 0x4C, 0xCC, 0xCD, 0xC7, 0xC3, 0x4F, 0xFF,
    0x3E, 0x19, 0x99, 0x9A, 0xC7, 0xC3, 0x4F, 0xFF, 0xC7, 0xC3, 0x4F, 0xFF, 0x3E, 0xA8, 0xF5, 0xC3,
    0xC7, 0xC3, 0x4F, 0xFF, 0x42, 0x5C, 0x00, 0x00, 0xC7, 0xC3, 0x4F, 0xFF, 0xC7, 0xC3, 0x4F, 0xFF,
    0x4D, 0x4D, 0x31, 0x39, 0x00, 0x09, 0x00, 0x00, 0x00, 0x00, 0x00, 0x00, 0x00, 0x00, 0x00, 0x00,
    0x00, 0x00, 0x00, 0x00, 0x00, 0x00, 0x00, 0x00, 0x41, 0xF0, 0x00, 0x00, 0x3E, 0x80, 0x00, 0x00,
    0x3F, 0x33, 0x33, 0x33, 0x43, 0xA0, 0x00, 0x00, 0x43, 0x96, 0x00, 0x00, 0x44, 0x2F, 0x00, 0x00,
    0x00, 0x00, 0x00, 0x00, 0x41, 0xA0, 0x00, 0x00, 0x00, 0x00, 0x00, 0x00, 0xC2, 0xA0, 0x00, 0x00,
    0x42, 0xA0, 0x00, 0x00, 0x00, 0x00, 0x00, 0x00, 0x3F, 0x80, 0x00, 0x00, 0x42, 0x48, 0x00, 0x00,
    0x42, 0x48, 0x00, 0x00, 0x42, 0x48, 0x00, 0x00, 0x00, 0x00, 0x00, 0x00, 0x3E, 0xCC, 0xCC, 0xCD,
    0x3E, 0xA8, 0xF5, 0xC3, 0x00, 0x00, 0x00, 0x00, 0x41, 0x00, 0x00, 0x00, 0x00, 0x00, 0x00, 0x00,
    0x3F, 0x80, 0x00, 0x00, 0x3F, 0x28, 0xF5, 0xC3, 0x44, 0x44, 0x30, 0x32, 0x00, 0x18, 0x00, 0x02,
    0x42, 0xA0, 0x00, 0x00, 0x00, 0x00, 0x00, 0x00, 0xC7, 0xC3, 0x4F, 0xFF, 0x3C, 0xF5, 0xC2, 0x8F,
    0x3C, 0xF5, 0xC2, 0x8F, 0x42, 0x48, 0x00, 0x00, 0xC7, 0xC3, 0x4F, 0xFF, 0xC7, 0xC3, 0x4F, 0xFF,
    0xC7, 0xC3, 0x4F, 0xFF, 0xC7, 0xC3, 0x4F, 0xFF, 0x44, 0x09, 0x80, 0x00, 0x43, 0xE1, 0x00, 0x00,
    0xC7, 0xC3, 0x4F, 0xFF, 0xC7, 0xC3, 0x4F, 0xFF, 0xC7, 0xC3, 0x4F, 0xFF, 0x40, 0xA0, 0x00, 0x00,
    0xC7, 0xC3, 0x4F, 0xFF, 0xC7, 0xC3, 0x4F, 0xFF, 0x3E, 0xA8, 0xF5, 0xC3, 0xC7, 0xC3, 0x4F, 0xFF,
    0x3E, 0x19, 0x99, 0x9A, 0xC7, 0xC3, 0x4F, 0xFF, 0xC7, 0xC3, 0x4F, 0xFF, 0x3F, 0x00, 0x00, 0x00,
    0xC7, 0xC3, 0x4F, 0xFF, 0x42, 0x5C, 0x00, 0x00, 0xC7, 0xC3, 0x4F, 0xFF, 0xC7, 0xC3, 0x4F, 0xFF,
    0x46, 0x4E, 0x34, 0x32, 0x00, 0x01, 0x40, 0xC9, 0x00, 0x00, 0x00, 0x00, 0x3F, 0x80, 0x00, 0x00,
    0x00, 0x00, 0x00, 0x00, 0x00, 0x00, 0x00, 0x00, 0x00, 0x00, 0x00, 0x00, 0x3E, 0x80, 0x00, 0x00,
    0x3F, 0x40, 0x00, 0x00, 0x44, 0x16, 0x00, 0x00, 0x43, 0xAF, 0x00, 0x00, 0x44, 0x7A, 0x00, 0x00,
    0x3F, 0x28, 0xF5, 0xC3, 0x3D, 0xB8, 0x51, 0xEC, 0x41, 0xC8, 0x00, 0x00, 0x41, 0xC8, 0x00, 0x00,
    0x42, 0x20, 0x00, 0x00, 0x40, 0x00, 0x00, 0x00, 0x3D, 0x4C, 0xCC, 0xCD, 0x42, 0x70, 0x00, 0x00,
    0x42, 0x70, 0x00, 0x00, 0x42, 0x70, 0x00, 0x00, 0xC7, 0xC3, 0x4F, 0xFF, 0x3D, 0x4C, 0xCC, 0xCD,
    0x3E, 0x4C, 0xCC, 0xCD, 0x3F, 0x80, 0x00, 0x00, 0x3E, 0x99, 0x99, 0x9A, 0xC7, 0xC3, 0x4F, 0xFF,
    0xC7, 0xC3, 0x4F, 0xFF, 0xC7, 0xC3, 0x4F, 0xFF, 0x49, 0x4E, 0x30, 0x33, 0x00, 0x07, 0x18, 0xC1,
    0x00, 0x00, 0x00, 0x00, 0x42, 0x48, 0x00, 0x00, 0x41, 0xA0, 0x00, 0x00, 0x41, 0xA0, 0x00, 0x00,
    0x41, 0xA0, 0x00, 0x00, 0x3E, 0x4C, 0xCC, 0xCD, 0x3E, 0xCC, 0xCC, 0xCD, 0x44, 0x48, 0x00, 0x00,
    0x44, 0x43, 0x00, 0x00, 0x44, 0x48, 0x00, 0x00, 0x3F, 0x28, 0xF5, 0xC3, 0x3D, 0x4C, 0xCC, 0xCD,
    0x41, 0xC8, 0x00, 0x00, 0x41, 0xC8, 0x00, 0x00, 0x41, 0xC8, 0x00, 0x00, 0xC7, 0xC3, 0x4F, 0xFF,
    0x3D, 0x4C, 0xCC, 0xCD, 0x42, 0x8C, 0x00, 0x00, 0x42, 0x8C, 0x00, 0x00, 0x42, 0xA0, 0x00, 0x00,
    0x40, 0x20, 0x00, 0x00, 0x3D, 0x4C, 0xCC, 0xCD, 0x3D, 0xF5, 0xC2, 0x8F, 0x42, 0xFA, 0x00, 0x00,
    0x43, 0x07, 0x00, 0x00, 0xC7, 0xC3, 0x4F, 0xFF, 0x3E, 0xE6, 0x66, 0x66, 0x3D, 0x75, 0xC2, 0x8F,
    0x46, 0x4E, 0x34, 0x33, 0x00, 0x01, 0x40, 0x0B, 0x00, 0x00, 0x00, 0x00, 0x42, 0x48, 0x00, 0x00,
    0xC1, 0xA0, 0x00, 0x00, 0xC1, 0xA0, 0x00, 0x00, 0x41, 0xA0, 0x00, 0x00, 0x3E, 0x4C, 0xCC, 0xCD,
    0x3E, 0x80, 0x00, 0x00, 0x43, 0xD2, 0x00, 0x00, 0x43, 0xA0, 0x00, 0x00, 0x44, 0x48, 0x00, 0x00,
    0x3F, 0x28, 0xF5, 0xC3, 0x3D, 0xA3, 0xD7, 0x0A, 0x41, 0xD0, 0x00, 0x00, 0x41, 0xD0, 0x00, 0x00,
    0x42, 0x0C, 0x00, 0x00, 0x40, 0x00, 0x00, 0x00, 0x3D, 0x4C, 0xCC, 0xCD, 0x42, 0x68, 0x00, 0x00,
    0x42, 0x68, 0x00, 0x00, 0x42, 0x40, 0x00, 0x00, 0xC7, 0xC3, 0x4F, 0xFF, 0x3D, 0x4C, 0xCC, 0xCD,
    0x3D, 0xCC, 0xCC, 0xCD, 0x3E, 0x80, 0x00, 0x00, 0x3E, 0x99, 0x99, 0x9A, 0xC7, 0xC3, 0x4F, 0xFF,
    0xC7, 0xC3, 0x4F, 0xFF, 0xC7, 0xC3, 0x4F, 0xFF, 0x46, 0x4E, 0x31, 0x31, 0x00, 0x01, 0x40, 0xC9,
    0x00, 0x00, 0x00, 0x00, 0x3F, 0x80, 0x00, 0x00, 0x00, 0x00, 0x00, 0x00, 0x00, 0x00, 0x00, 0x00,
    0x00, 0x00, 0x00, 0x00, 0x3E, 0x80, 0x00, 0x00, 0x3F, 0x40, 0x00, 0x00, 0x44, 0x16, 0x00, 0x00,
    0x43, 0xAF, 0x00, 0x00, 0x44, 0x7A, 0x00, 0x00, 0x3F, 0x28, 0xF5, 0xC3, 0x3D, 0xB8, 0x51, 0xEC,
    0x41, 0xC8, 0x00, 0x00, 0x41, 0xC8, 0x00, 0x00, 0x42, 0x20, 0x00, 0x00, 0x40, 0x00, 0x00, 0x00,
    0x3D, 0x4C, 0xCC, 0xCD, 0x42, 0x70, 0x00, 0x00, 0x42, 0x70, 0x00, 0x00, 0x42, 0x70, 0x00, 0x00,
    0xC7, 0xC3, 0x4F, 0xFF, 0x3D, 0x4C, 0xCC, 0xCD, 0x3E, 0x4C, 0xCC, 0xCD, 0x3F, 0x80, 0x00, 0x00,
    0x3E, 0x99, 0x99, 0x9A, 0xC7, 0xC3, 0x4F, 0xFF, 0xC7, 0xC3, 0x4F, 0xFF, 0xC7, 0xC3, 0x4F, 0xFF,
    0x4D, 0x4D, 0x32, 0x31, 0x00, 0x09, 0x00, 0x00, 0x00, 0x00, 0x00, 0x00, 0x00, 0x00, 0x00, 0x00,
    0x00, 0x00, 0x00, 0x00, 0x00, 0x00, 0x00, 0x00, 0x41, 0xF0, 0x00, 0x00, 0x3E, 0x80, 0x00, 0x00,
    0x3F, 0x33, 0x33, 0x33, 0x43, 0xA0, 0x00, 0x00, 0x43, 0x96, 0x00, 0x00, 0x44, 0x2F, 0x00, 0x00,
    0x00, 0x00, 0x00, 0x00, 0x41, 0xA0, 0x00, 0x00, 0x00, 0x00, 0x00, 0x00, 0xC2, 0xA0, 0x00, 0x00,
    0x42, 0xA0, 0x00, 0x00, 0x00, 0x00, 0x00, 0x00, 0x3F, 0x80, 0x00, 0x00, 0x42, 0x48, 0x00, 0x00,
    0x42, 0x48, 0x00, 0x00, 0x42, 0x48, 0x00, 0x00, 0x00, 0x00, 0x00, 0x00, 0x3E, 0xCC, 0xCC, 0xCD,
    0x3E, 0xA8, 0xF5, 0xC3, 0x00, 0x00, 0x00, 0x00, 0x41, 0x00, 0x00, 0x00, 0x00, 0x00, 0x00, 0x00,
    0x3F, 0x80, 0x00, 0x00, 0x3F, 0x28, 0xF5, 0xC3, 0x4D, 0x4D, 0x32, 0x30, 0x00, 0x09, 0x00, 0x00,
    0x00, 0x00, 0x00, 0x00, 0x00, 0x00, 0x00, 0x00, 0x00, 0x00, 0x00, 0x00, 0x00, 0x00, 0x00, 0x00,
    0x41, 0xF0, 0x00, 0x00, 0x3E, 0x80, 0x00, 0x00, 0x3F, 0x33, 0x33, 0x33, 0x43, 0xA0, 0x00, 0x00,
    0x43, 0x96, 0x00, 0x00, 0x44, 0x2F, 0x00, 0x00, 0x00, 0x00, 0x00, 0x00, 0x41, 0xA0, 0x00, 0x00,
    0x00, 0x00, 0x00, 0x00, 0xC2, 0xA0, 0x00, 0x00, 0x42, 0xA0, 0x00, 0x00, 0x00, 0x00, 0x00, 0x00,
    0x3F, 0x80, 0x00, 0x00, 0x42, 0x48, 0x00, 0x00, 0x42, 0x48, 0x00, 0x00, 0x42, 0x48, 0x00, 0x00,
    0x00, 0x00, 0x00, 0x00, 0x3E, 0xCC, 0xCC, 0xCD, 0x3E, 0xA8, 0xF5, 0xC3, 0x00, 0x00, 0x00, 0x00,
    0x41, 0x00, 0x00, 0x00, 0x00, 0x00, 0x00, 0x00, 0x3F, 0x80, 0x00, 0x00, 0x3F, 0x28, 0xF5, 0xC3,
    0x46, 0x4E, 0x30, 0x35, 0x00, 0x01, 0x40, 0xC9, 0x00, 0x00, 0x00, 0x00, 0x3F, 0x80, 0x00, 0x00,
    0x00, 0x00, 0x00, 0x00, 0x00, 0x00, 0x00, 0x00, 0x00, 0x00, 0x00, 0x00, 0x3E, 0x80, 0x00, 0x00,
    0x3F, 0x40, 0x00, 0x00, 0x44, 0x16, 0x00, 0x00, 0x43, 0xAF, 0x00, 0x00, 0x44, 0x7A, 0x00, 0x00,
    0x3F, 0x28, 0xF5, 0xC3, 0x3D, 0xB8, 0x51, 0xEC, 0x41, 0xC8, 0x00, 0x00, 0x41, 0xC8, 0x00, 0x00,
    0x42, 0x20, 0x00, 0x00, 0x40, 0x00, 0x00, 0x00, 0x3D, 0x4C, 0xCC, 0xCD, 0x42, 0x70, 0x00, 0x00,
    0x42, 0x70, 0x00, 0x00, 0x42, 0x70, 0x00, 0x00, 0xC7, 0xC3, 0x4F, 0xFF, 0x3D, 0x4C, 0xCC, 0xCD,
    0x3E, 0x4C, 0xCC, 0xCD, 0x3F, 0x80, 0x00, 0x00, 0x3E, 0x99, 0x99, 0x9A, 0xC7, 0xC3, 0x4F, 0xFF,
    0xC7, 0xC3, 0x4F, 0xFF, 0xC7, 0xC3, 0x4F, 0xFF, 0x46, 0x4E, 0x33, 0x36, 0x00, 0x01, 0x40, 0xC9,
    0x00, 0x00, 0x00, 0x00, 0x3F, 0x80, 0x00, 0x00, 0x00, 0x00, 0x00, 0x00, 0x00, 0x00, 0x00, 0x00,
    0x00, 0x00, 0x00, 0x00, 0x3E, 0x80, 0x00, 0x00, 0x3F, 0x40, 0x00, 0x00, 0x44, 0x16, 0x00, 0x00,
    0x43, 0xAF, 0x00, 0x00, 0x44, 0x7A, 0x00, 0x00, 0x3F, 0x28, 0xF5, 0xC3, 0x3D, 0xB8, 0x51, 0xEC,
    0x41, 0xC8, 0x00, 0x00, 0x41, 0xC8, 0x00, 0x00, 0x42, 0x20, 0x00, 0x00, 0x40, 0x00, 0x00, 0x00,
    0x3D, 0x4C, 0xCC, 0xCD, 0x42, 0x70, 0x00, 0x00, 0x42, 0x70, 0x00, 0x00, 0x42, 0x70, 0x00, 0x00,
    0xC7, 0xC3, 0x4F, 0xFF, 0x3D, 0x4C, 0xCC, 0xCD, 0x3E, 0x4C, 0xCC, 0xCD, 0x3F, 0x80, 0x00, 0x00,
    0x3E, 0x99, 0x99, 0x9A, 0xC7, 0xC3, 0x4F, 0xFF, 0xC7, 0xC3, 0x4F, 0xFF, 0xC7, 0xC3, 0x4F, 0xFF,
    0x4D, 0x4D, 0x38, 0x31, 0x00, 0x09, 0x00, 0x00, 0x00, 0x00, 0x00, 0x00, 0x00, 0x00, 0x00, 0x00,
    0x00, 0x00, 0x00, 0x00, 0x00, 0x00, 0x00, 0x00, 0x41, 0xF0, 0x00, 0x00, 0x3E, 0x80, 0x00, 0x00,
    0x3F, 0x33, 0x33, 0x33, 0x43, 0xA0, 0x00, 0x00, 0x43, 0x96, 0x00, 0x00, 0x44, 0x2F, 0x00, 0x00,
    0x00, 0x00, 0x00, 0x00, 0x41, 0xA0, 0x00, 0x00, 0x00, 0x00, 0x00, 0x00, 0xC2, 0xA0, 0x00, 0x00,
    0x42, 0xA0, 0x00, 0x00, 0x00, 0x00, 0x00, 0x00, 0x3F, 0x80, 0x00, 0x00, 0x42, 0x48, 0x00, 0x00,
    0x42, 0x48, 0x00, 0x00, 0x42, 0x48, 0x00, 0x00, 0x00, 0x00, 0x00, 0x00, 0x3E, 0xCC, 0xCC, 0xCD,
    0x3E, 0xA8, 0xF5, 0xC3, 0x00, 0x00, 0x00, 0x00, 0x41, 0x00, 0x00, 0x00, 0x00, 0x00, 0x00, 0x00,
    0x3F, 0x80, 0x00, 0x00, 0x3F, 0x28, 0xF5, 0xC3, 0x53, 0x53, 0x30, 0x31, 0x00, 0x04, 0x40, 0x02,
    0x00, 0x00, 0x00, 0x00, 0x41, 0xA0, 0x00, 0x00, 0x40, 0xA0, 0x00, 0x00, 0xC7, 0xC3, 0x4F, 0xFF,
    0x40, 0xA0, 0x00, 0x00, 0xC7, 0xC3, 0x4F, 0xFF, 0xC7, 0xC3, 0x4F, 0xFF, 0x41, 0xA0, 0x00, 0x00,
    0xC7, 0xC3, 0x4F, 0xFF, 0xC7, 0xC3, 0x4F, 0xFF, 0x41, 0xA0, 0x00, 0x00, 0xC7, 0xC3, 0x4F, 0xFF,
    0xC7, 0xC3, 0x4F, 0xFF, 0xC7, 0xC3, 0x4F, 0xFF, 0xC7, 0xC3, 0x4F, 0xFF, 0xC7, 0xC3, 0x4F, 0xFF,
    0x42, 0xA0, 0x00, 0x00, 0x42, 0x48, 0x00, 0x00, 0x3E, 0x4C, 0xCC, 0xCD, 0x40, 0xA0, 0x00, 0x00,
    0x00, 0x00, 0x00, 0x00, 0x41, 0xA0, 0x00, 0x00, 0x3E, 0xE6, 0x66, 0x66, 0xC7, 0xC3, 0x4F, 0xFF,
    0x42, 0xB4, 0x00, 0x00, 0x00, 0x00, 0x00, 0x00, 0x41, 0xA0, 0x00, 0x00, 0x3D, 0x23, 0xD7, 0x0A,
    0x4C, 0x4C, 0x31, 0x38, 0x00, 0x02, 0x20, 0x02, 0xC7, 0xC3, 0x4F, 0xFF, 0x3F, 0x00, 0x00, 0x00,
    0xC7, 0xC3, 0x4F, 0xFF, 0xC7, 0xC3, 0x4F, 0xFF, 0x3F, 0x00, 0x00, 0x00, 0x3E, 0x4C, 0xCC, 0xCD,
    0x3E, 0xCC, 0xCC, 0xCD, 0xC7, 0xC3, 0x4F, 0xFF, 0xC7, 0xC3, 0x4F, 0xFF, 0xC7, 0xC3, 0x4F, 0xFF,
    0x43, 0xA0, 0x00, 0x00, 0x43, 0xDC, 0x00, 0x00, 0xC7, 0xC3, 0x4F, 0xFF, 0x3E, 0x19, 0x99, 0x9A,
    0xC7, 0xC3, 0x4F, 0xFF, 0x41, 0xA0, 0x00, 0x00, 0xC0, 0xA0, 0x00, 0x00, 0xC7, 0xC3, 0x4F, 0xFF,
    0xC7, 0xC3, 0x4F, 0xFF, 0xC7, 0xC3, 0x4F, 0xFF, 0x42, 0x68, 0x00, 0x00, 0x42, 0x58, 0x00, 0x00,
    0x3D, 0x4C, 0xCC, 0xCD, 0x42, 0xA0, 0x00, 0x00, 0x41, 0xF0, 0x00, 0x00, 0xC2, 0xA0, 0x00, 0x00,
    0xC2, 0x70, 0x00, 0x00, 0x3C, 0xA3, 0xD7, 0x0A, 0x44, 0x44, 0x30, 0x34, 0x00, 0x18, 0x00, 0x02,
    0x42, 0xA0, 0x00, 0x00, 0x00, 0x00, 0x00, 0x00, 0xC7, 0xC3, 0x4F, 0xFF, 0x3C, 0xF5, 0xC2, 0x8F,
    0x3C, 0xF5, 0xC2, 0x8F, 0x42, 0x70, 0x00, 0x00, 0xC7, 0xC3, 0x4F, 0xFF, 0xC7, 0xC3, 0x4F, 0xFF,
    0xC7, 0xC3, 0x4F, 0xFF, 0xC7, 0xC3, 0x4F, 0xFF, 0x43, 0xE1, 0x00, 0x00, 0x43, 0xC8, 0x00, 0x00,
    0xC7, 0xC3, 0x4F, 0xFF, 0xC7, 0xC3, 0x4F, 0xFF, 0xC7, 0xC3, 0x4F, 0xFF, 0xC0, 0x80, 0x00, 0x00,
    0xC7, 0xC3, 0x4F, 0xFF, 0xC7, 0xC3, 0x4F, 0xFF, 0x3E, 0xA8, 0xF5, 0xC3, 0xC7, 0xC3, 0x4F, 0xFF,
    0x00, 0x00, 0x00, 0x00, 0xC7, 0xC3, 0x4F, 0xFF, 0xC7, 0xC3, 0x4F, 0xFF, 0xC2, 0x34, 0x00, 0x00,
    0xC7, 0xC3, 0x4F, 0xFF, 0x42, 0x34, 0x00, 0x00, 0xC7, 0xC3, 0x4F, 0xFF, 0xC7, 0xC3, 0x4F, 0xFF,
    0x4D, 0x4D, 0x32, 0x32, 0x00, 0x09, 0x00, 0x02, 0x00, 0x00, 0x00, 0x00, 0x00, 0x00, 0x00, 0x00,
    0x00, 0x00, 0x00, 0x00, 0x00, 0x00, 0x00, 0x00, 0x41, 0xF0, 0x00, 0x00, 0x3E, 0x80, 0x00, 0x00,
    0x3F, 0x33, 0x33, 0x33, 0x43, 0xA0, 0x00, 0x00, 0x43, 0x70, 0x00, 0x00, 0x44, 0x2F, 0x00, 0x00,
    0x00, 0x00, 0x00, 0x00, 0x41, 0xA0, 0x00, 0x00, 0x00, 0x00, 0x00, 0x00, 0x00, 0x00, 0x00, 0x00,
    0x41, 0xF0, 0x00, 0x00, 0x00, 0x00, 0x00, 0x00, 0x3F, 0x19, 0x99, 0x9A, 0x42, 0x5C, 0x00, 0x00,
    0x42, 0x48, 0x00, 0x00, 0x42, 0x70, 0x00, 0x00, 0x00, 0x00, 0x00, 0x00, 0x3E, 0xCC, 0xCC, 0xCD,
    0x3E, 0xA8, 0xF5, 0xC3, 0x00, 0x00, 0x00, 0x00, 0x41, 0x00, 0x00, 0x00, 0x00, 0x00, 0x00, 0x00,
    0x3F, 0x80, 0x00, 0x00, 0x3F, 0x28, 0xF5, 0xC3, 0x4D, 0x4D, 0x31, 0x38, 0x00, 0x09, 0x00, 0x02,
    0x00, 0x00, 0x00, 0x00, 0x00, 0x00, 0x00, 0x00, 0x00, 0x00, 0x00, 0x00, 0x00, 0x00, 0x00, 0x00,
    0x41, 0xF0, 0x00, 0x00, 0x3E, 0x80, 0x00, 0x00, 0x3F, 0x33, 0x33, 0x33, 0x43, 0xA0, 0x00, 0x00,
    0x43, 0x70, 0x00, 0x00, 0x44, 0x2F, 0x00, 0x00, 0x00, 0x00, 0x00, 0x00, 0x41, 0xA0, 0x00, 0x00,
    0x00, 0x00, 0x00, 0x00, 0x00, 0x00, 0x00, 0x00, 0x41, 0xF0, 0x00, 0x00, 0x00, 0x00, 0x00, 0x00,
    0x3F, 0x19, 0x99, 0x9A, 0x42, 0x5C, 0x00, 0x00, 0x42, 0x48, 0x00, 0x00, 0x42, 0x70, 0x00, 0x00,
    0x00, 0x00, 0x00, 0x00, 0x3E, 0xCC, 0xCC, 0xCD, 0x3E, 0xA8, 0xF5, 0xC3, 0x00, 0x00, 0x00, 0x00,
    0x41, 0x00, 0x00, 0x00, 0x00, 0x00, 0x00, 0x00, 0x3F, 0x80, 0x00, 0x00, 0x3F, 0x28, 0xF5, 0xC3,
    0x4D, 0x4D, 0x31, 0x37, 0x00, 0x09, 0x00, 0x00, 0x00, 0x00, 0x00, 0x00, 0x00, 0x00, 0x00, 0x00,
    0x00, 0x00, 0x00, 0x00, 0x00, 0x00, 0x00, 0x00, 0x41, 0xF0, 0x00, 0x00, 0x3E, 0x80, 0x00, 0x00,
    0x3F, 0x33, 0x33, 0x33, 0x43, 0xA0, 0x00, 0x00, 0x43, 0x96, 0x00, 0x00, 0x44, 0x2F, 0x00, 0x00,
    0x00, 0x00, 0x00, 0x00, 0x41, 0xA0, 0x00, 0x00, 0x00, 0x00, 0x00, 0x00, 0xC2, 0xA0, 0x00, 0x00,
    0x42, 0xA0, 0x00, 0x00, 0x00, 0x00, 0x00, 0x00, 0x3F, 0x80, 0x00, 0x00, 0x42, 0x48, 0x00, 0x00,
    0x42, 0x48, 0x00, 0x00, 0x42, 0x48, 0x00, 0x00, 0x00, 0x00, 0x00, 0x00, 0x3E, 0xCC, 0xCC, 0xCD,
    0x3E, 0xA8, 0xF5, 0xC3, 0x00, 0x00, 0x00, 0x00, 0x41, 0x00, 0x00, 0x00, 0x00, 0x00, 0x00, 0x00,
    0x3F, 0x80, 0x00, 0x00, 0x3F, 0x28, 0xF5, 0xC3, 0x4D, 0x4D, 0x30, 0x33, 0x00, 0x09, 0x00, 0x02,
    0x00, 0x00, 0x00, 0x00, 0x00, 0x00, 0x00, 0x00, 0x00, 0x00, 0x00, 0x00, 0x00, 0x00, 0x00, 0x00,
    0x41, 0xF0, 0x00, 0x00, 0x3E, 0x80, 0x00, 0x00, 0x3F, 0x33, 0x33, 0x33, 0x43, 0xA0, 0x00, 0x00,
    0x43, 0x70, 0x00, 0x00, 0x44, 0x2F, 0x00, 0x00, 0x00, 0x00, 0x00, 0x00, 0x41, 0xA0, 0x00, 0x00,
    0x00, 0x00, 0x00, 0x00, 0x00, 0x00, 0x00, 0x00, 0x41, 0xF0, 0x00, 0x00, 0x00, 0x00, 0x00, 0x00,
    0x3F, 0x19, 0x99, 0x9A, 0x42, 0x5C, 0x00, 0x00, 0x42, 0x48, 0x00, 0x00, 0x42, 0x70, 0x00, 0x00,
    0x00, 0x00, 0x00, 0x00, 0x3E, 0xCC, 0xCC, 0xCD, 0x3E, 0xA8, 0xF5, 0xC3, 0x00, 0x00, 0x00, 0x00,
    0x41, 0x00, 0x00, 0x00, 0x00, 0x00, 0x00, 0x00, 0x3F, 0x80, 0x00, 0x00, 0x3F, 0x28, 0xF5, 0xC3,
    0x4D, 0x4D, 0x32, 0x33, 0x00, 0x09, 0x00, 0x00, 0x00, 0x00, 0x00, 0x00, 0x00, 0x00, 0x00, 0x00,
    0x00, 0x00, 0x00, 0x00, 0x00, 0x00, 0x00, 0x00, 0x41, 0xF0, 0x00, 0x00, 0x3E, 0x80, 0x00, 0x00,
    0x3F, 0x33, 0x33, 0x33, 0x43, 0xA0, 0x00, 0x00, 0x43, 0x96, 0x00, 0x00, 0x44, 0x2F, 0x00, 0x00,
    0x00, 0x00, 0x00, 0x00, 0x41, 0xA0, 0x00, 0x00, 0x00, 0x00, 0x00, 0x00, 0xC2, 0xA0, 0x00, 0x00,
    0x42, 0xA0, 0x00, 0x00, 0x00, 0x00, 0x00, 0x00, 0x3F, 0x80, 0x00, 0x00, 0x42, 0x48, 0x00, 0x00,
    0x42, 0x48, 0x00, 0x00, 0x42, 0x48, 0x00, 0x00, 0x00, 0x00, 0x00, 0x00, 0x3E, 0xCC, 0xCC, 0xCD,
    0x3E, 0xA8, 0xF5, 0xC3, 0x00, 0x00, 0x00, 0x00, 0x41, 0x00, 0x00, 0x00, 0x00, 0x00, 0x00, 0x00,
    0x3F, 0x80, 0x00, 0x00, 0x3F, 0x28, 0xF5, 0xC3, 0x46, 0x4E, 0x33, 0x38, 0x00, 0x01, 0x40, 0xC9,
    0x00, 0x00, 0x00, 0x00, 0x3F, 0x80, 0x00, 0x00, 0x00, 0x00, 0x00, 0x00, 0x00, 0x00, 0x00, 0x00,
    0x00, 0x00, 0x00, 0x00, 0x3E, 0x80, 0x00, 0x00, 0x3E, 0xE6, 0x66, 0x66, 0x43, 0xB4, 0x00, 0x00,
    0x43, 0x70, 0x00, 0x00, 0x44, 0x7A, 0x00, 0x00, 0x3F, 0x28, 0xF5, 0xC3, 0x3D, 0xCC, 0xCC, 0xCD,
    0x41, 0x20, 0x00, 0x00, 0xC2, 0x20, 0x00, 0x00, 0x42, 0x70, 0x00, 0x00, 0x40, 0x00, 0x00, 0x00,
    0x3D, 0x4C, 0xCC, 0xCD, 0x42, 0x68, 0x00, 0x00, 0x42, 0x68, 0x00, 0x00, 0x42, 0x70, 0x00, 0x00,
    0xC7, 0xC3, 0x4F, 0xFF, 0x3D, 0x4C, 0xCC, 0xCD, 0x3E, 0x4C, 0xCC, 0xCD, 0x40, 0x80, 0x00, 0x00,
    0x3E, 0x4C, 0xCC, 0xCD, 0xC7, 0xC3, 0x4F, 0xFF, 0x3D, 0xCC, 0xCC, 0xCD, 0xC7, 0xC3, 0x4F, 0xFF,
};

// Receiver-shaped SHADOW type rows (camtype.dat-shaped, big-endian) — see
// the generator for the r<-d slot correspondence. Compatibility view only;
// kWwCamTypes (donor axis) is the authority.
alignas(4) static const unsigned char kWwCamTypeShadowBE[4292] = {
    0x57, 0x57, 0x43, 0x54, 0x00, 0x00, 0x00, 0x3F, 0x45, 0x6D, 0x70, 0x74, 0x79, 0x00, 0x00, 0x00,
    0x00, 0x00, 0x00, 0x00, 0x00, 0x00, 0x00, 0x00, 0x00, 0x00, 0x00, 0x00, 0x00, 0x00, 0x00, 0x00,
    0xFF, 0xFF, 0xFF, 0xFF, 0xFF, 0xFF, 0xFF, 0xFF, 0xFF, 0xFF, 0xFF, 0xFF, 0xFF, 0xFF, 0xFF, 0xFF,
    0xFF, 0xFF, 0xFF, 0xFF, 0xFF, 0xFF, 0xFF, 0xFF, 0xFF, 0xFF, 0xFF, 0xFF, 0xFF, 0xFF, 0xFF, 0xFF,
    0xFF, 0xFF, 0xFF, 0xFF, 0xFF, 0xFF, 0xFF, 0xFF, 0xFF, 0xFF, 0xFF, 0xFF, 0x50, 0x6C, 0x61, 0x69,
    0x6E, 0x00, 0x00, 0x00, 0x00, 0x00, 0x00, 0x00, 0x00, 0x00, 0x00, 0x00, 0x00, 0x00, 0x00, 0x00,
    0x00, 0x00, 0x00, 0x00, 0x00, 0x55, 0x00, 0x55, 0x00, 0x48, 0x00, 0x08, 0x00, 0x88, 0x00, 0x37,
    0x00, 0x35, 0x00, 0x2C, 0x00, 0x2D, 0x00, 0x1C, 0x00, 0x35, 0x00, 0x55, 0x00, 0x55, 0x00, 0x48,
    0x00, 0x08, 0x00, 0x88, 0x00, 0x37, 0x00, 0x35, 0x00, 0x2C, 0x00, 0x2D, 0x00, 0x1C, 0x00, 0x35,
    0x4B, 0x65, 0x65, 0x70, 0x00, 0x00, 0x00, 0x00, 0x00, 0x00, 0x00, 0x00, 0x00, 0x00, 0x00, 0x00,
    0x00, 0x00, 0x00, 0x00, 0x00, 0x00, 0x00, 0x00, 0xFF, 0xFF, 0xFF, 0xFF, 0xFF, 0xFF, 0xFF, 0xFF,
    0xFF, 0xFF, 0xFF, 0xFF, 0xFF, 0xFF, 0xFF, 0xFF, 0xFF, 0xFF, 0xFF, 0xFF, 0xFF, 0xFF, 0xFF, 0xFF,
    0xFF, 0xFF, 0xFF, 0xFF, 0xFF, 0xFF, 0xFF, 0xFF, 0xFF, 0xFF, 0xFF, 0xFF, 0xFF, 0xFF, 0xFF, 0xFF,
    0xFF, 0xFF, 0xFF, 0xFF, 0x45, 0x76, 0x65, 0x6E, 0x74, 0x00, 0x00, 0x00, 0x00, 0x00, 0x00, 0x00,
    0x00, 0x00, 0x00, 0x00, 0x00, 0x00, 0x00, 0x00, 0x00, 0x00, 0x00, 0x00, 0x00, 0x04, 0xFF, 0xFF,
    0xFF, 0xFF, 0xFF, 0xFF, 0xFF, 0xFF, 0xFF, 0xFF, 0xFF, 0xFF, 0xFF, 0xFF, 0xFF, 0xFF, 0xFF, 0xFF,
    0xFF, 0xFF, 0x00, 0x04, 0xFF, 0xFF, 0xFF, 0xFF, 0xFF, 0xFF, 0xFF, 0xFF, 0xFF, 0xFF, 0xFF, 0xFF,
    0xFF, 0xFF, 0xFF, 0xFF, 0xFF, 0xFF, 0xFF, 0xFF, 0x42, 0x6F, 0x73, 0x73, 0x30, 0x31, 0x00, 0x00,
    0x00, 0x00, 0x00, 0x00, 0x00, 0x00, 0x00, 0x00, 0x00, 0x00, 0x00, 0x00, 0x00, 0x00, 0x00, 0x00,
    0x00, 0x5C, 0x00, 0x5C, 0x00, 0x4A, 0x00, 0x07, 0x00, 0x88, 0x00, 0x37, 0x00, 0x35, 0x00, 0x2E,
    0x00, 0x2D, 0x00, 0x1C, 0x00, 0x35, 0x00, 0x5C, 0x00, 0x5C, 0x00, 0x4A, 0x00, 0x07, 0x00, 0x88,
    0x00, 0x37, 0x00, 0x35, 0x00, 0x2E, 0x00, 0x2D, 0x00, 0x1C, 0x00, 0x35, 0x43, 0x6C, 0x69, 0x66,
    0x66, 0x00, 0x00, 0x00, 0x00, 0x00, 0x00, 0x00, 0x00, 0x00, 0x00, 0x00, 0x00, 0x00, 0x00, 0x00,
    0x00, 0x00, 0x00, 0x00, 0x00, 0x7A, 0x00, 0x7A, 0x00, 0x15, 0x00, 0x07, 0x00, 0x88, 0x00, 0x21,
    0x00, 0x35, 0x00, 0x2C, 0x00, 0x2D, 0x00, 0x1C, 0x00, 0x35, 0x00, 0x7A, 0x00, 0x7A, 0x00, 0x15,
    0x00, 0x07, 0x00, 0x88, 0x00, 0x21, 0x00, 0x35, 0x00, 0x2C, 0x00, 0x2D, 0x00, 0x1C, 0x00, 0x35,
    0x50, 0x6C, 0x61, 0x79, 0x53, 0x6C, 0x69, 0x64, 0x65, 0x00, 0x00, 0x00, 0x00, 0x00, 0x00, 0x00,
    0x00, 0x00, 0x00, 0x00, 0x00, 0x00, 0x00, 0x00, 0x00, 0x5E, 0x00, 0x5E, 0x00, 0x46, 0x00, 0x06,
    0x00, 0x88, 0x00, 0x37, 0x00, 0x35, 0x00, 0x2C, 0x00, 0x2D, 0x00, 0x1C, 0x00, 0x35, 0x00, 0x5E,
    0x00, 0x5E, 0x00, 0x46, 0x00, 0x06, 0x00, 0x88, 0x00, 0x37, 0x00, 0x35, 0x00, 0x2C, 0x00, 0x2D,
    0x00, 0x1C, 0x00, 0x35, 0x46, 0x69, 0x65, 0x6C, 0x64, 0x00, 0x00, 0x00, 0x00, 0x00, 0x00, 0x00,
    0x00, 0x00, 0x00, 0x00, 0x00, 0x00, 0x00, 0x00, 0x00, 0x00, 0x00, 0x00, 0x00, 0x53, 0x00, 0x53,
    0x00, 0x46, 0x00, 0x06, 0x00, 0x88, 0x00, 0x37, 0x00, 0x35, 0x00, 0x2C, 0x00, 0x2D, 0x00, 0x1C,
    0x00, 0x35, 0x00, 0x53, 0x00, 0x53, 0x00, 0x46, 0x00, 0x06, 0x00, 0x88, 0x00, 0x37, 0x00, 0x35,
    0x00, 0x2C, 0x00, 0x2D, 0x00, 0x1C, 0x00, 0x35, 0x54, 0x68, 0x72, 0x6F, 0x77, 0x55, 0x70, 0x00,
    0x00, 0x00, 0x00, 0x00, 0x00, 0x00, 0x00, 0x00, 0x00, 0x00, 0x00, 0x00, 0x00, 0x00, 0x00, 0x00,
    0x00, 0x5F, 0x00, 0x5F, 0x00, 0x46, 0x00, 0x06, 0x00, 0x88, 0x00, 0x37, 0x00, 0x35, 0x00, 0x2C,
    0x00, 0x2D, 0x00, 0x1C, 0x00, 0x35, 0x00, 0x5F, 0x00, 0x5F, 0x00, 0x46, 0x00, 0x06, 0x00, 0x88,
    0x00, 0x37, 0x00, 0x35, 0x00, 0x2C, 0x00, 0x2D, 0x00, 0x1C, 0x00, 0x35, 0x47, 0x61, 0x6D, 0x6F,
    0x73, 0x73, 0x00, 0x00, 0x00, 0x00, 0x00, 0x00, 0x00, 0x00, 0x00, 0x00, 0x00, 0x00, 0x00, 0x00,
    0x00, 0x00, 0x00, 0x00, 0x00, 0x61, 0x00, 0x61, 0x00, 0x4C, 0x00, 0x07, 0x00, 0x88, 0x00, 0x37,
    0x00, 0x35, 0x00, 0x2C, 0x00, 0x2D, 0x00, 0x1C, 0x00, 0x35, 0x00, 0x61, 0x00, 0x61, 0x00, 0x4C,
    0x00, 0x07, 0x00, 0x88, 0x00, 0x37, 0x00, 0x35, 0x00, 0x2C, 0x00, 0x2D, 0x00, 0x1C, 0x00, 0x35,
    0x4D, 0x69, 0x6E, 0x69, 0x49, 0x73, 0x6C, 0x61, 0x6E, 0x64, 0x00, 0x00, 0x00, 0x00, 0x00, 0x00,
    0x00, 0x00, 0x00, 0x00, 0x00, 0x00, 0x00, 0x00, 0x00, 0x62, 0x00, 0x62, 0x00, 0x46, 0x00, 0x06,
    0x00, 0x88, 0x00, 0x37, 0x00, 0x35, 0x00, 0x2C, 0x00, 0x2D, 0x00, 0x1C, 0x00, 0x35, 0x00, 0x62,
    0x00, 0x62, 0x00, 0x46, 0x00, 0x06, 0x00, 0x88, 0x00, 0x37, 0x00, 0x35, 0x00, 0x2C, 0x00, 0x2D,
    0x00, 0x1C, 0x00, 0x35, 0x43, 0x6C, 0x69, 0x66, 0x66, 0x32, 0x00, 0x00, 0x00, 0x00, 0x00, 0x00,
    0x00, 0x00, 0x00, 0x00, 0x00, 0x00, 0x00, 0x00, 0x00, 0x00, 0x00, 0x00, 0x00, 0x63, 0x00, 0x59,
    0x00, 0x17, 0x00, 0x07, 0x00, 0x88, 0x00, 0x37, 0x00, 0x35, 0x00, 0x2C, 0x00, 0x2D, 0x00, 0x1C,
    0x00, 0x35, 0x00, 0x63, 0x00, 0x59, 0x00, 0x17, 0x00, 0x07, 0x00, 0x88, 0x00, 0x37, 0x00, 0x35,
    0x00, 0x2C, 0x00, 0x2D, 0x00, 0x1C, 0x00, 0x35, 0x46, 0x69, 0x65, 0x6C, 0x64, 0x43, 0x75, 0x73,
    0x68, 0x69, 0x6F, 0x6E, 0x00, 0x00, 0x00, 0x00, 0x00, 0x00, 0x00, 0x00, 0x00, 0x00, 0x00, 0x00,
    0x00, 0x5A, 0x00, 0x5A, 0x00, 0x46, 0x00, 0x06, 0x00, 0x88, 0x00, 0x37, 0x00, 0x35, 0x00, 0x2C,
    0x00, 0x2D, 0x00, 0x1C, 0x00, 0x35, 0x00, 0x5A, 0x00, 0x5A, 0x00, 0x46, 0x00, 0x06, 0x00, 0x88,
    0x00, 0x37, 0x00, 0x35, 0x00, 0x2C, 0x00, 0x2D, 0x00, 0x1C, 0x00, 0x35, 0x46, 0x69, 0x78, 0x64,
    0x50, 0x6F, 0x73, 0x00, 0x00, 0x00, 0x00, 0x00, 0x00, 0x00, 0x00, 0x00, 0x00, 0x00, 0x00, 0x00,
    0x00, 0x00, 0x00, 0x00, 0x00, 0x02, 0x00, 0x54, 0x00, 0x47, 0x00, 0x07, 0x00, 0x88, 0xFF, 0xFF,
    0xFF, 0xFF, 0x00, 0x2C, 0x00, 0x2D, 0x00, 0x1C, 0xFF, 0xFF, 0x00, 0x02, 0x00, 0x54, 0x00, 0x47,
    0x00, 0x07, 0x00, 0x88, 0xFF, 0xFF, 0xFF, 0xFF, 0x00, 0x2C, 0x00, 0x2D, 0x00, 0x1C, 0xFF, 0xFF,
    0x53, 0x6D, 0x6F, 0x6F, 0x74, 0x68, 0x46, 0x69, 0x78, 0x64, 0x50, 0x6F, 0x73, 0x00, 0x00, 0x00,
    0x00, 0x00, 0x00, 0x00, 0x00, 0x00, 0x00, 0x00, 0x00, 0x03, 0x00, 0x54, 0x00, 0x47, 0x00, 0x07,
    0x00, 0x88, 0xFF, 0xFF, 0xFF, 0xFF, 0x00, 0x2C, 0x00, 0x2D, 0x00, 0x1C, 0xFF, 0xFF, 0x00, 0x03,
    0x00, 0x54, 0x00, 0x47, 0x00, 0x07, 0x00, 0x88, 0xFF, 0xFF, 0xFF, 0xFF, 0x00, 0x2C, 0x00, 0x2D,
    0x00, 0x1C, 0xFF, 0xFF, 0x57, 0x61, 0x74, 0x65, 0x72, 0x42, 0x61, 0x74, 0x74, 0x6C, 0x65, 0x00,
    0x00, 0x00, 0x00, 0x00, 0x00, 0x00, 0x00, 0x00, 0x00, 0x00, 0x00, 0x00, 0x00, 0x28, 0x00, 0x28,
    0x00, 0x45, 0x00, 0x07, 0xFF, 0xFF, 0xFF, 0xFF, 0xFF, 0xFF, 0xFF, 0xFF, 0xFF, 0xFF, 0x00, 0x1C,
    0xFF, 0xFF, 0x00, 0x28, 0x00, 0x28, 0x00, 0x45, 0x00, 0x07, 0xFF, 0xFF, 0xFF, 0xFF, 0xFF, 0xFF,
    0xFF, 0xFF, 0xFF, 0xFF, 0x00, 0x1C, 0xFF, 0xFF, 0x53, 0x6D, 0x6F, 0x6F, 0x74, 0x68, 0x46, 0x69,
    0x78, 0x64, 0x50, 0x6F, 0x73, 0x43, 0x00, 0x00, 0x00, 0x00, 0x00, 0x00, 0x00, 0x00, 0x00, 0x00,
    0x00, 0x40, 0x00, 0x54, 0x00, 0x47, 0x00, 0x07, 0x00, 0x88, 0xFF, 0xFF, 0xFF, 0xFF, 0x00, 0x2C,
    0x00, 0x2D, 0x00, 0x1C, 0xFF, 0xFF, 0x00, 0x40, 0x00, 0x54, 0x00, 0x47, 0x00, 0x07, 0x00, 0x88,
    0xFF, 0xFF, 0xFF, 0xFF, 0x00, 0x2C, 0x00, 0x2D, 0x00, 0x1C, 0xFF, 0xFF, 0x54, 0x68, 0x72, 0x6F,
    0x77, 0x49, 0x6E, 0x74, 0x6F, 0x00, 0x00, 0x00, 0x00, 0x00, 0x00, 0x00, 0x00, 0x00, 0x00, 0x00,
    0x00, 0x00, 0x00, 0x00, 0x00, 0x2B, 0x00, 0x2B, 0x00, 0x46, 0x00, 0x06, 0x00, 0x88, 0x00, 0x37,
    0x00, 0x35, 0x00, 0x2C, 0x00, 0x2D, 0x00, 0x1C, 0x00, 0x35, 0x00, 0x2B, 0x00, 0x2B, 0x00, 0x46,
    0x00, 0x06, 0x00, 0x88, 0x00, 0x37, 0x00, 0x35, 0x00, 0x2C, 0x00, 0x2D, 0x00, 0x1C, 0x00, 0x35,
    0x42, 0x6F, 0x73, 0x73, 0x30, 0x33, 0x00, 0x00, 0x00, 0x00, 0x00, 0x00, 0x00, 0x00, 0x00, 0x00,
    0x00, 0x00, 0x00, 0x00, 0x00, 0x00, 0x00, 0x00, 0x00, 0x66, 0x00, 0x66, 0x00, 0x4D, 0x00, 0x07,
    0x00, 0x88, 0x00, 0x37, 0x00, 0x35, 0x00, 0x2E, 0x00, 0x2D, 0x00, 0x1C, 0x00, 0x35, 0x00, 0x66,
    0x00, 0x66, 0x00, 0x4D, 0x00, 0x07, 0x00, 0x88, 0x00, 0x37, 0x00, 0x35, 0x00, 0x2E, 0x00, 0x2D,
    0x00, 0x1C, 0x00, 0x35, 0x50, 0x5F, 0x47, 0x61, 0x6E, 0x6F, 0x6E, 0x31, 0x00, 0x00, 0x00, 0x00,
    0x00, 0x00, 0x00, 0x00, 0x00, 0x00, 0x00, 0x00, 0x00, 0x00, 0x00, 0x00, 0x00, 0x67, 0x00, 0x67,
    0x00, 0x4E, 0x00, 0x07, 0x00, 0x88, 0x00, 0x37, 0x00, 0x35, 0x00, 0x2E, 0x00, 0x2D, 0x00, 0x1C,
    0x00, 0x35, 0x00, 0x67, 0x00, 0x67, 0x00, 0x4E, 0x00, 0x07, 0x00, 0x88, 0x00, 0x37, 0x00, 0x35,
    0x00, 0x2E, 0x00, 0x2D, 0x00, 0x1C, 0x00, 0x35, 0x50, 0x5F, 0x47, 0x61, 0x6E, 0x6F, 0x6E, 0x32,
    0x00, 0x00, 0x00, 0x00, 0x00, 0x00, 0x00, 0x00, 0x00, 0x00, 0x00, 0x00, 0x00, 0x00, 0x00, 0x00,
    0x00, 0x68, 0x00, 0x68, 0x00, 0x4F, 0x00, 0x07, 0x00, 0x88, 0x00, 0x37, 0x00, 0x35, 0x00, 0x2E,
    0x00, 0x2D, 0x00, 0x1C, 0x00, 0x35, 0x00, 0x68, 0x00, 0x68, 0x00, 0x4F, 0x00, 0x07, 0x00, 0x88,
    0x00, 0x37, 0x00, 0x35, 0x00, 0x2E, 0x00, 0x2D, 0x00, 0x1C, 0x00, 0x35, 0x57, 0x69, 0x6E, 0x64,
    0x42, 0x6F, 0x73, 0x73, 0x00, 0x00, 0x00, 0x00, 0x00, 0x00, 0x00, 0x00, 0x00, 0x00, 0x00, 0x00,
    0x00, 0x00, 0x00, 0x00, 0x00, 0x69, 0x00, 0x69, 0x00, 0x50, 0x00, 0x07, 0x00, 0x88, 0x00, 0x37,
    0x00, 0x35, 0x00, 0x2C, 0x00, 0x2D, 0x00, 0x1C, 0x00, 0x35, 0x00, 0x69, 0x00, 0x69, 0x00, 0x50,
    0x00, 0x07, 0x00, 0x88, 0x00, 0x37, 0x00, 0x35, 0x00, 0x2C, 0x00, 0x2D, 0x00, 0x1C, 0x00, 0x35,
    0x50, 0x5F, 0x47, 0x61, 0x6E, 0x6F, 0x6E, 0x33, 0x00, 0x00, 0x00, 0x00, 0x00, 0x00, 0x00, 0x00,
    0x00, 0x00, 0x00, 0x00, 0x00, 0x00, 0x00, 0x00, 0x00, 0x6A, 0x00, 0x6A, 0x00, 0x4F, 0x00, 0x07,
    0x00, 0x88, 0x00, 0x37, 0x00, 0x35, 0x00, 0x2E, 0x00, 0x2D, 0x00, 0x1C, 0x00, 0x35, 0x00, 0x6A,
    0x00, 0x6A, 0x00, 0x4F, 0x00, 0x07, 0x00, 0x88, 0x00, 0x37, 0x00, 0x35, 0x00, 0x2E, 0x00, 0x2D,
    0x00, 0x1C, 0x00, 0x35, 0x54, 0x65, 0x73, 0x74, 0x30, 0x31, 0x00, 0x00, 0x00, 0x00, 0x00, 0x00,
    0x00, 0x00, 0x00, 0x00, 0x00, 0x00, 0x00, 0x00, 0x00, 0x00, 0x00, 0x00, 0x00, 0x64, 0x00, 0x64,
    0x00, 0x4B, 0x00, 0x07, 0x00, 0x88, 0x00, 0x37, 0x00, 0x35, 0x00, 0x2E, 0x00, 0x2D, 0x00, 0x1C,
    0x00, 0x35, 0x00, 0x64, 0x00, 0x64, 0x00, 0x4B, 0x00, 0x07, 0x00, 0x88, 0x00, 0x37, 0x00, 0x35,
    0x00, 0x2E, 0x00, 0x2D, 0x00, 0x1C, 0x00, 0x35, 0x41, 0x6D, 0x6F, 0x73, 0x73, 0x00, 0x00, 0x00,
    0x00, 0x00, 0x00, 0x00, 0x00, 0x00, 0x00, 0x00, 0x00, 0x00, 0x00, 0x00, 0x00, 0x00, 0x00, 0x00,
    0x00, 0x6B, 0x00, 0x6B, 0x00, 0x51, 0x00, 0x07, 0x00, 0x88, 0x00, 0x37, 0x00, 0x35, 0x00, 0x2E,
    0x00, 0x2D, 0x00, 0x1C, 0x00, 0x35, 0x00, 0x6B, 0x00, 0x6B, 0x00, 0x51, 0x00, 0x07, 0x00, 0x88,
    0x00, 0x37, 0x00, 0x35, 0x00, 0x2E, 0x00, 0x2D, 0x00, 0x1C, 0x00, 0x35, 0x44, 0x75, 0x6E, 0x67,
    0x65, 0x6F, 0x6E, 0x00, 0x00, 0x00, 0x00, 0x00, 0x00, 0x00, 0x00, 0x00, 0x00, 0x00, 0x00, 0x00,
    0x00, 0x00, 0x00, 0x00, 0x00, 0x54, 0x00, 0x54, 0x00, 0x47, 0x00, 0x07, 0x00, 0x88, 0x00, 0x37,
    0x00, 0x35, 0x00, 0x2C, 0x00, 0x2D, 0x00, 0x1C, 0x00, 0x35, 0x00, 0x54, 0x00, 0x54, 0x00, 0x47,
    0x00, 0x07, 0x00, 0x88, 0x00, 0x37, 0x00, 0x35, 0x00, 0x2C, 0x00, 0x2D, 0x00, 0x1C, 0x00, 0x35,
    0x4A, 0x75, 0x6D, 0x70, 0x00, 0x00, 0x00, 0x00, 0x00, 0x00, 0x00, 0x00, 0x00, 0x00, 0x00, 0x00,
    0x00, 0x00, 0x00, 0x00, 0x00, 0x00, 0x00, 0x00, 0x00, 0x01, 0x00, 0x01, 0x00, 0x47, 0x00, 0x07,
    0x00, 0x88, 0x00, 0x37, 0x00, 0x35, 0x00, 0x2C, 0x00, 0x2D, 0x00, 0x1C, 0x00, 0x35, 0x00, 0x01,
    0x00, 0x01, 0x00, 0x47, 0x00, 0x07, 0x00, 0x88, 0x00, 0x37, 0x00, 0x35, 0x00, 0x2C, 0x00, 0x2D,
    0x00, 0x1C, 0x00, 0x35, 0x44, 0x75, 0x6E, 0x67, 0x65, 0x6F, 0x6E, 0x43, 0x6F, 0x72, 0x6E, 0x65,
    0x72, 0x00, 0x00, 0x00, 0x00, 0x00, 0x00, 0x00, 0x00, 0x00, 0x00, 0x00, 0x00, 0x57, 0x00, 0x57,
    0x00, 0x16, 0x00, 0x07, 0x00, 0x88, 0x00, 0x37, 0x00, 0x35, 0x00, 0x2C, 0x00, 0x2D, 0x00, 0x1C,
    0x00, 0x35, 0x00, 0x57, 0x00, 0x57, 0x00, 0x16, 0x00, 0x07, 0x00, 0x88, 0x00, 0x37, 0x00, 0x35,
    0x00, 0x2C, 0x00, 0x2D, 0x00, 0x1C, 0x00, 0x35, 0x44, 0x75, 0x6E, 0x67, 0x65, 0x6F, 0x6E, 0x57,
    0x69, 0x64, 0x65, 0x00, 0x00, 0x00, 0x00, 0x00, 0x00, 0x00, 0x00, 0x00, 0x00, 0x00, 0x00, 0x00,
    0x00, 0x59, 0x00, 0x59, 0x00, 0x17, 0x00, 0x07, 0x00, 0x88, 0x00, 0x37, 0x00, 0x35, 0x00, 0x2C,
    0x00, 0x2D, 0x00, 0x1C, 0x00, 0x35, 0x00, 0x59, 0x00, 0x59, 0x00, 0x17, 0x00, 0x07, 0x00, 0x88,
    0x00, 0x37, 0x00, 0x35, 0x00, 0x2C, 0x00, 0x2D, 0x00, 0x1C, 0x00, 0x35, 0x43, 0x61, 0x6E, 0x6E,
    0x6F, 0x6E, 0x47, 0x61, 0x6D, 0x65, 0x00, 0x00, 0x00, 0x00, 0x00, 0x00, 0x00, 0x00, 0x00, 0x00,
    0x00, 0x00, 0x00, 0x00, 0x00, 0x3F, 0xFF, 0xFF, 0xFF, 0xFF, 0xFF, 0xFF, 0xFF, 0xFF, 0xFF, 0xFF,
    0xFF, 0xFF, 0xFF, 0xFF, 0xFF, 0xFF, 0xFF, 0xFF, 0xFF, 0xFF, 0x00, 0x3F, 0xFF, 0xFF, 0xFF, 0xFF,
    0xFF, 0xFF, 0xFF, 0xFF, 0xFF, 0xFF, 0xFF, 0xFF, 0xFF, 0xFF, 0xFF, 0xFF, 0xFF, 0xFF, 0xFF, 0xFF,
    0x46, 0x69, 0x65, 0x6C, 0x64, 0x46, 0x4F, 0x58, 0x00, 0x00, 0x00, 0x00, 0x00, 0x00, 0x00, 0x00,
    0x00, 0x00, 0x00, 0x00, 0x00, 0x00, 0x00, 0x00, 0x00, 0x38, 0x00, 0x38, 0x00, 0x46, 0x00, 0x06,
    0x00, 0x88, 0x00, 0x37, 0x00, 0x35, 0x00, 0x2C, 0x00, 0x2D, 0x00, 0x1C, 0x00, 0x35, 0x00, 0x38,
    0x00, 0x38, 0x00, 0x46, 0x00, 0x06, 0x00, 0x88, 0x00, 0x37, 0x00, 0x35, 0x00, 0x2C, 0x00, 0x2D,
    0x00, 0x1C, 0x00, 0x35, 0x47, 0x5F, 0x52, 0x6F, 0x6F, 0x66, 0x00, 0x00, 0x00, 0x00, 0x00, 0x00,
    0x00, 0x00, 0x00, 0x00, 0x00, 0x00, 0x00, 0x00, 0x00, 0x00, 0x00, 0x00, 0x00, 0x41, 0x00, 0x41,
    0x00, 0x52, 0x00, 0x07, 0x00, 0x88, 0x00, 0x37, 0x00, 0x35, 0x00, 0x2E, 0x00, 0x2D, 0x00, 0x1C,
    0x00, 0x35, 0x00, 0x41, 0x00, 0x41, 0x00, 0x52, 0x00, 0x07, 0x00, 0x88, 0x00, 0x37, 0x00, 0x35,
    0x00, 0x2E, 0x00, 0x2D, 0x00, 0x1C, 0x00, 0x35, 0x47, 0x5F, 0x42, 0x65, 0x64, 0x52, 0x6F, 0x6F,
    0x6D, 0x00, 0x00, 0x00, 0x00, 0x00, 0x00, 0x00, 0x00, 0x00, 0x00, 0x00, 0x00, 0x00, 0x00, 0x00,
    0x00, 0x77, 0x00, 0x77, 0x00, 0x7B, 0x00, 0x07, 0x00, 0x88, 0x00, 0x37, 0x00, 0x35, 0x00, 0x2E,
    0x00, 0x2D, 0x00, 0x1C, 0x00, 0x35, 0x00, 0x77, 0x00, 0x77, 0x00, 0x7B, 0x00, 0x07, 0x00, 0x88,
    0x00, 0x37, 0x00, 0x35, 0x00, 0x2E, 0x00, 0x2D, 0x00, 0x1C, 0x00, 0x35, 0x47, 0x5F, 0x42, 0x65,
    0x64, 0x52, 0x6F, 0x6F, 0x6D, 0x32, 0x00, 0x00, 0x00, 0x00, 0x00, 0x00, 0x00, 0x00, 0x00, 0x00,
    0x00, 0x00, 0x00, 0x00, 0x00, 0x77, 0x00, 0x77, 0x00, 0x7B, 0x00, 0x07, 0x00, 0x88, 0x00, 0x37,
    0x00, 0x35, 0x00, 0x2E, 0x00, 0x2D, 0x00, 0x1C, 0x00, 0x35, 0x00, 0x77, 0x00, 0x77, 0x00, 0x7B,
    0x00, 0x07, 0x00, 0x88, 0x00, 0x37, 0x00, 0x35, 0x00, 0x2E, 0x00, 0x2D, 0x00, 0x1C, 0x00, 0x35,
    0x54, 0x6F, 0x77, 0x65, 0x72, 0x55, 0x70, 0x00, 0x00, 0x00, 0x00, 0x00, 0x00, 0x00, 0x00, 0x00,
    0x00, 0x00, 0x00, 0x00, 0x00, 0x00, 0x00, 0x00, 0x00, 0x43, 0x00, 0x62, 0x00, 0x46, 0x00, 0x06,
    0x00, 0x88, 0x00, 0x37, 0x00, 0x35, 0x00, 0x2C, 0x00, 0x2D, 0x00, 0x1C, 0x00, 0x35, 0x00, 0x43,
    0x00, 0x62, 0x00, 0x46, 0x00, 0x06, 0x00, 0x88, 0x00, 0x37, 0x00, 0x35, 0x00, 0x2C, 0x00, 0x2D,
    0x00, 0x1C, 0x00, 0x35, 0x4D, 0x61, 0x6A, 0x54, 0x6F, 0x77, 0x65, 0x72, 0x00, 0x00, 0x00, 0x00,
    0x00, 0x00, 0x00, 0x00, 0x00, 0x00, 0x00, 0x00, 0x00, 0x00, 0x00, 0x00, 0x00, 0x80, 0x00, 0x54,
    0x00, 0x80, 0x00, 0x07, 0x00, 0x88, 0x00, 0x37, 0x00, 0x35, 0x00, 0x2C, 0x00, 0x2D, 0x00, 0x1C,
    0x00, 0x35, 0x00, 0x80, 0x00, 0x54, 0x00, 0x80, 0x00, 0x07, 0x00, 0x88, 0x00, 0x37, 0x00, 0x35,
    0x00, 0x2C, 0x00, 0x2D, 0x00, 0x1C, 0x00, 0x35, 0x54, 0x6F, 0x77, 0x65, 0x72, 0x00, 0x00, 0x00,
    0x00, 0x00, 0x00, 0x00, 0x00, 0x00, 0x00, 0x00, 0x00, 0x00, 0x00, 0x00, 0x00, 0x00, 0x00, 0x00,
    0x00, 0x42, 0x00, 0x62, 0x00, 0x43, 0x00, 0x06, 0x00, 0x88, 0x00, 0x37, 0x00, 0x35, 0x00, 0x2C,
    0x00, 0x2D, 0x00, 0x1C, 0x00, 0x35, 0x00, 0x42, 0x00, 0x62, 0x00, 0x43, 0x00, 0x06, 0x00, 0x88,
    0x00, 0x37, 0x00, 0x35, 0x00, 0x2C, 0x00, 0x2D, 0x00, 0x1C, 0x00, 0x35, 0x42, 0x6F, 0x61, 0x74,
    0x00, 0x00, 0x00, 0x00, 0x00, 0x00, 0x00, 0x00, 0x00, 0x00, 0x00, 0x00, 0x00, 0x00, 0x00, 0x00,
    0x00, 0x00, 0x00, 0x00, 0x00, 0x24, 0x00, 0x20, 0x00, 0x45, 0x00, 0x06, 0x00, 0x88, 0x00, 0x1A,
    0x00, 0x6F, 0x00, 0x2C, 0x00, 0x2D, 0x00, 0x1C, 0x00, 0x6F, 0x00, 0x24, 0x00, 0x20, 0x00, 0x45,
    0x00, 0x06, 0x00, 0x88, 0x00, 0x1A, 0x00, 0x6F, 0x00, 0x2C, 0x00, 0x2D, 0x00, 0x1C, 0x00, 0x6F,
    0x42, 0x6F, 0x61, 0x74, 0x42, 0x61, 0x74, 0x74, 0x6C, 0x65, 0x00, 0x00, 0x00, 0x00, 0x00, 0x00,
    0x00, 0x00, 0x00, 0x00, 0x00, 0x00, 0x00, 0x00, 0x00, 0x2A, 0x00, 0x29, 0x00, 0x6C, 0x00, 0x06,
    0x00, 0x88, 0x00, 0x1A, 0x00, 0x6F, 0x00, 0x2C, 0x00, 0x2D, 0x00, 0x1C, 0x00, 0x6F, 0x00, 0x2A,
    0x00, 0x29, 0x00, 0x6C, 0x00, 0x06, 0x00, 0x88, 0x00, 0x1A, 0x00, 0x6F, 0x00, 0x2C, 0x00, 0x2D,
    0x00, 0x1C, 0x00, 0x6F, 0x57, 0x69, 0x6E, 0x64, 0x48, 0x61, 0x6C, 0x6C, 0x00, 0x00, 0x00, 0x00,
    0x00, 0x00, 0x00, 0x00, 0x00, 0x00, 0x00, 0x00, 0x00, 0x00, 0x00, 0x00, 0x00, 0x90, 0x00, 0x71,
    0x00, 0x17, 0x00, 0x07, 0x00, 0x88, 0x00, 0x37, 0x00, 0x35, 0x00, 0x2C, 0x00, 0x2D, 0x00, 0x1C,
    0x00, 0x35, 0x00, 0x90, 0x00, 0x71, 0x00, 0x17, 0x00, 0x07, 0x00, 0x88, 0x00, 0x37, 0x00, 0x35,
    0x00, 0x2C, 0x00, 0x2D, 0x00, 0x1C, 0x00, 0x35, 0x54, 0x6F, 0x72, 0x6E, 0x61, 0x64, 0x6F, 0x00,
    0x00, 0x00, 0x00, 0x00, 0x00, 0x00, 0x00, 0x00, 0x00, 0x00, 0x00, 0x00, 0x00, 0x00, 0x00, 0x00,
    0x00, 0x34, 0x00, 0x20, 0x00, 0x45, 0x00, 0x06, 0x00, 0x88, 0x00, 0x1A, 0x00, 0x6E, 0x00, 0x2C,
    0x00, 0x2D, 0x00, 0x1C, 0x00, 0x6E, 0x00, 0x34, 0x00, 0x20, 0x00, 0x45, 0x00, 0x06, 0x00, 0x88,
    0x00, 0x1A, 0x00, 0x6E, 0x00, 0x2C, 0x00, 0x2D, 0x00, 0x1C, 0x00, 0x6E, 0x4F, 0x76, 0x65, 0x72,
    0x4C, 0x6F, 0x6F, 0x6B, 0x00, 0x00, 0x00, 0x00, 0x00, 0x00, 0x00, 0x00, 0x00, 0x00, 0x00, 0x00,
    0x00, 0x00, 0x00, 0x00, 0x00, 0x82, 0x00, 0x82, 0x00, 0x46, 0x00, 0x70, 0x00, 0x88, 0x00, 0x21,
    0x00, 0x35, 0x00, 0x2C, 0x00, 0x2D, 0x00, 0x1C, 0x00, 0x35, 0x00, 0x82, 0x00, 0x82, 0x00, 0x46,
    0x00, 0x70, 0x00, 0x88, 0x00, 0x21, 0x00, 0x35, 0x00, 0x2C, 0x00, 0x2D, 0x00, 0x1C, 0x00, 0x35,
    0x44, 0x6F, 0x6D, 0x65, 0x00, 0x00, 0x00, 0x00, 0x00, 0x00, 0x00, 0x00, 0x00, 0x00, 0x00, 0x00,
    0x00, 0x00, 0x00, 0x00, 0x00, 0x00, 0x00, 0x00, 0x00, 0x72, 0x00, 0x85, 0x00, 0x47, 0x00, 0x07,
    0x00, 0x88, 0x00, 0x37, 0x00, 0x35, 0x00, 0x2C, 0x00, 0x2D, 0x00, 0x1C, 0x00, 0x35, 0x00, 0x72,
    0x00, 0x85, 0x00, 0x47, 0x00, 0x07, 0x00, 0x88, 0x00, 0x37, 0x00, 0x35, 0x00, 0x2C, 0x00, 0x2D,
    0x00, 0x1C, 0x00, 0x35, 0x46, 0x6F, 0x72, 0x63, 0x65, 0x46, 0x69, 0x78, 0x64, 0x50, 0x6F, 0x73,
    0x00, 0x00, 0x00, 0x00, 0x00, 0x00, 0x00, 0x00, 0x00, 0x00, 0x00, 0x00, 0x00, 0x02, 0xFF, 0xFF,
    0xFF, 0xFF, 0xFF, 0xFF, 0x00, 0x88, 0xFF, 0xFF, 0xFF, 0xFF, 0x00, 0x2C, 0x00, 0x2D, 0xFF, 0xFF,
    0xFF, 0xFF, 0x00, 0x02, 0xFF, 0xFF, 0xFF, 0xFF, 0xFF, 0xFF, 0x00, 0x88, 0xFF, 0xFF, 0xFF, 0xFF,
    0x00, 0x2C, 0x00, 0x2D, 0xFF, 0xFF, 0xFF, 0xFF, 0x46, 0x69, 0x78, 0x64, 0x46, 0x72, 0x6D, 0x00,
    0x00, 0x00, 0x00, 0x00, 0x00, 0x00, 0x00, 0x00, 0x00, 0x00, 0x00, 0x00, 0x00, 0x00, 0x00, 0x00,
    0x00, 0x1D, 0xFF, 0xFF, 0xFF, 0xFF, 0xFF, 0xFF, 0x00, 0x88, 0xFF, 0xFF, 0xFF, 0xFF, 0x00, 0x2C,
    0x00, 0x2D, 0xFF, 0xFF, 0xFF, 0xFF, 0x00, 0x1D, 0xFF, 0xFF, 0xFF, 0xFF, 0xFF, 0xFF, 0x00, 0x88,
    0xFF, 0xFF, 0xFF, 0xFF, 0x00, 0x2C, 0x00, 0x2D, 0xFF, 0xFF, 0xFF, 0xFF, 0x44, 0x53, 0x74, 0x61,
    0x69, 0x72, 0x73, 0x00, 0x00, 0x00, 0x00, 0x00, 0x00, 0x00, 0x00, 0x00, 0x00, 0x00, 0x00, 0x00,
    0x00, 0x00, 0x00, 0x00, 0x00, 0x54, 0x00, 0x54, 0x00, 0x47, 0x00, 0x07, 0x00, 0x88, 0x00, 0x37,
    0x00, 0x35, 0x00, 0x2C, 0x00, 0x2D, 0x00, 0x1C, 0x00, 0x35, 0x00, 0x54, 0x00, 0x54, 0x00, 0x47,
    0x00, 0x07, 0x00, 0x88, 0x00, 0x37, 0x00, 0x35, 0x00, 0x2C, 0x00, 0x2D, 0x00, 0x1C, 0x00, 0x35,
    0x42, 0x6F, 0x73, 0x73, 0x30, 0x32, 0x00, 0x00, 0x00, 0x00, 0x00, 0x00, 0x00, 0x00, 0x00, 0x00,
    0x00, 0x00, 0x00, 0x00, 0x00, 0x00, 0x00, 0x00, 0x00, 0x78, 0x00, 0x78, 0x00, 0x4A, 0x00, 0x07,
    0x00, 0x88, 0x00, 0x37, 0x00, 0x35, 0x00, 0x2E, 0x00, 0x2D, 0x00, 0x1C, 0x00, 0x35, 0x00, 0x78,
    0x00, 0x78, 0x00, 0x4A, 0x00, 0x07, 0x00, 0x88, 0x00, 0x37, 0x00, 0x35, 0x00, 0x2E, 0x00, 0x2D,
    0x00, 0x1C, 0x00, 0x35, 0x53, 0x65, 0x61, 0x67, 0x61, 0x6C, 0x00, 0x00, 0x00, 0x00, 0x00, 0x00,
    0x00, 0x00, 0x00, 0x00, 0x00, 0x00, 0x00, 0x00, 0x00, 0x00, 0x00, 0x00, 0x00, 0x86, 0xFF, 0xFF,
    0xFF, 0xFF, 0xFF, 0xFF, 0xFF, 0xFF, 0xFF, 0xFF, 0xFF, 0xFF, 0xFF, 0xFF, 0xFF, 0xFF, 0xFF, 0xFF,
    0xFF, 0xFF, 0x00, 0x86, 0xFF, 0xFF, 0xFF, 0xFF, 0xFF, 0xFF, 0xFF, 0xFF, 0xFF, 0xFF, 0xFF, 0xFF,
    0xFF, 0xFF, 0xFF, 0xFF, 0xFF, 0xFF, 0xFF, 0xFF, 0x53, 0x6D, 0x61, 0x6C, 0x6C, 0x52, 0x6F, 0x6F,
    0x6D, 0x00, 0x00, 0x00, 0x00, 0x00, 0x00, 0x00, 0x00, 0x00, 0x00, 0x00, 0x00, 0x00, 0x00, 0x00,
    0x00, 0x79, 0x00, 0x79, 0x00, 0x49, 0x00, 0x07, 0x00, 0x88, 0x00, 0x37, 0x00, 0x35, 0x00, 0x2C,
    0x00, 0x2D, 0x00, 0x1C, 0x00, 0x35, 0x00, 0x79, 0x00, 0x79, 0x00, 0x49, 0x00, 0x07, 0x00, 0x88,
    0x00, 0x37, 0x00, 0x35, 0x00, 0x2C, 0x00, 0x2D, 0x00, 0x1C, 0x00, 0x35, 0x44, 0x61, 0x6E, 0x4D,
    0x61, 0x65, 0x00, 0x00, 0x00, 0x00, 0x00, 0x00, 0x00, 0x00, 0x00, 0x00, 0x00, 0x00, 0x00, 0x00,
    0x00, 0x00, 0x00, 0x00, 0x00, 0x7F, 0x00, 0x7F, 0x00, 0x47, 0x00, 0x07, 0x00, 0x88, 0x00, 0x37,
    0x00, 0x35, 0x00, 0x2C, 0x00, 0x2D, 0x00, 0x1C, 0x00, 0x35, 0x00, 0x7F, 0x00, 0x7F, 0x00, 0x47,
    0x00, 0x07, 0x00, 0x88, 0x00, 0x37, 0x00, 0x35, 0x00, 0x2C, 0x00, 0x2D, 0x00, 0x1C, 0x00, 0x35,
    0x43, 0x61, 0x66, 0x65, 0x00, 0x00, 0x00, 0x00, 0x00, 0x00, 0x00, 0x00, 0x00, 0x00, 0x00, 0x00,
    0x00, 0x00, 0x00, 0x00, 0x00, 0x00, 0x00, 0x00, 0x00, 0x65, 0x00, 0x65, 0x00, 0x49, 0x00, 0x07,
    0x00, 0x88, 0x00, 0x37, 0x00, 0x35, 0x00, 0x2C, 0x00, 0x2D, 0x00, 0x1C, 0x00, 0x35, 0x00, 0x65,
    0x00, 0x65, 0x00, 0x49, 0x00, 0x07, 0x00, 0x88, 0x00, 0x37, 0x00, 0x35, 0x00, 0x2C, 0x00, 0x2D,
    0x00, 0x1C, 0x00, 0x35, 0x44, 0x75, 0x6E, 0x67, 0x65, 0x6F, 0x6E, 0x50, 0x61, 0x73, 0x73, 0x61,
    0x67, 0x65, 0x00, 0x00, 0x00, 0x00, 0x00, 0x00, 0x00, 0x00, 0x00, 0x00, 0x00, 0x5D, 0x00, 0x5D,
    0x00, 0x16, 0x00, 0x07, 0x00, 0x88, 0x00, 0x37, 0x00, 0x35, 0x00, 0x2C, 0x00, 0x2D, 0x00, 0x1C,
    0x00, 0x35, 0x00, 0x5D, 0x00, 0x5D, 0x00, 0x16, 0x00, 0x07, 0x00, 0x88, 0x00, 0x37, 0x00, 0x35,
    0x00, 0x2C, 0x00, 0x2D, 0x00, 0x1C, 0x00, 0x35, 0x43, 0x6F, 0x72, 0x72, 0x69, 0x64, 0x6F, 0x72,
    0x00, 0x00, 0x00, 0x00, 0x00, 0x00, 0x00, 0x00, 0x00, 0x00, 0x00, 0x00, 0x00, 0x00, 0x00, 0x00,
    0x00, 0x05, 0x00, 0x05, 0x00, 0x17, 0x00, 0x07, 0x00, 0x88, 0x00, 0x37, 0x00, 0x35, 0x00, 0x2C,
    0x00, 0x2D, 0x00, 0x1C, 0x00, 0x35, 0x00, 0x05, 0x00, 0x05, 0x00, 0x17, 0x00, 0x07, 0x00, 0x88,
    0x00, 0x37, 0x00, 0x35, 0x00, 0x2C, 0x00, 0x2D, 0x00, 0x1C, 0x00, 0x35, 0x53, 0x75, 0x62, 0x6A,
    0x65, 0x63, 0x74, 0x00, 0x00, 0x00, 0x00, 0x00, 0x00, 0x00, 0x00, 0x00, 0x00, 0x00, 0x00, 0x00,
    0x00, 0x00, 0x00, 0x00, 0x00, 0x33, 0xFF, 0xFF, 0xFF, 0xFF, 0xFF, 0xFF, 0x00, 0x88, 0xFF, 0xFF,
    0xFF, 0xFF, 0x00, 0x2C, 0x00, 0x2D, 0xFF, 0xFF, 0xFF, 0xFF, 0x00, 0x33, 0xFF, 0xFF, 0xFF, 0xFF,
    0xFF, 0xFF, 0x00, 0x88, 0xFF, 0xFF, 0xFF, 0xFF, 0x00, 0x2C, 0x00, 0x2D, 0xFF, 0xFF, 0xFF, 0xFF,
    0x42, 0x69, 0x67, 0x42, 0x69, 0x72, 0x64, 0x00, 0x00, 0x00, 0x00, 0x00, 0x00, 0x00, 0x00, 0x00,
    0x00, 0x00, 0x00, 0x00, 0x00, 0x00, 0x00, 0x00, 0x00, 0x81, 0x00, 0x81, 0x00, 0x89, 0x00, 0x07,
    0x00, 0x88, 0x00, 0x37, 0x00, 0x35, 0x00, 0x2E, 0x00, 0x2D, 0x00, 0x1C, 0x00, 0x35, 0x00, 0x81,
    0x00, 0x81, 0x00, 0x89, 0x00, 0x07, 0x00, 0x88, 0x00, 0x37, 0x00, 0x35, 0x00, 0x2E, 0x00, 0x2D,
    0x00, 0x1C, 0x00, 0x35, 0x52, 0x6F, 0x6F, 0x6D, 0x00, 0x00, 0x00, 0x00, 0x00, 0x00, 0x00, 0x00,
    0x00, 0x00, 0x00, 0x00, 0x00, 0x00, 0x00, 0x00, 0x00, 0x00, 0x00, 0x00, 0x00, 0x58, 0x00, 0x58,
    0x00, 0x49, 0x00, 0x07, 0x00, 0x88, 0x00, 0x37, 0x00, 0x35, 0x00, 0x2C, 0x00, 0x2D, 0x00, 0x1C,
    0x00, 0x35, 0x00, 0x58, 0x00, 0x58, 0x00, 0x49, 0x00, 0x07, 0x00, 0x88, 0x00, 0x37, 0x00, 0x35,
    0x00, 0x2C, 0x00, 0x2D, 0x00, 0x1C, 0x00, 0x35, 0x44, 0x75, 0x6E, 0x67, 0x65, 0x6F, 0x6E, 0x44,
    0x6F, 0x77, 0x6E, 0x00, 0x00, 0x00, 0x00, 0x00, 0x00, 0x00, 0x00, 0x00, 0x00, 0x00, 0x00, 0x00,
    0x00, 0x85, 0x00, 0x85, 0x00, 0x47, 0x00, 0x07, 0x00, 0x88, 0x00, 0x37, 0x00, 0x35, 0x00, 0x2C,
    0x00, 0x2D, 0x00, 0x1C, 0x00, 0x35, 0x00, 0x85, 0x00, 0x85, 0x00, 0x47, 0x00, 0x07, 0x00, 0x88,
    0x00, 0x37, 0x00, 0x35, 0x00, 0x2C, 0x00, 0x2D, 0x00, 0x1C, 0x00, 0x35, 0x42, 0x6F, 0x73, 0x73,
    0x30, 0x34, 0x00, 0x00, 0x00, 0x00, 0x00, 0x00, 0x00, 0x00, 0x00, 0x00, 0x00, 0x00, 0x00, 0x00,
    0x00, 0x00, 0x00, 0x00, 0x00, 0x6D, 0x00, 0x85, 0x00, 0x47, 0x00, 0x07, 0x00, 0x88, 0x00, 0x37,
    0x00, 0x35, 0x00, 0x2C, 0x00, 0x2D, 0x00, 0x1C, 0x00, 0x35, 0x00, 0x6D, 0x00, 0x85, 0x00, 0x47,
    0x00, 0x07, 0x00, 0x88, 0x00, 0x37, 0x00, 0x35, 0x00, 0x2C, 0x00, 0x2D, 0x00, 0x1C, 0x00, 0x35,
    0x55, 0x6E, 0x64, 0x65, 0x72, 0x54, 0x68, 0x65, 0x45, 0x61, 0x76, 0x65, 0x73, 0x00, 0x00, 0x00,
    0x00, 0x00, 0x00, 0x00, 0x00, 0x00, 0x00, 0x00, 0x00, 0x53, 0x00, 0x53, 0x00, 0x46, 0x00, 0x06,
    0x00, 0x88, 0x00, 0x37, 0x00, 0x35, 0x00, 0x2C, 0x00, 0x2D, 0x00, 0x1C, 0x00, 0x35, 0x00, 0x53,
    0x00, 0x53, 0x00, 0x46, 0x00, 0x06, 0x00, 0x88, 0x00, 0x37, 0x00, 0x35, 0x00, 0x2C, 0x00, 0x2D,
    0x00, 0x1C, 0x00, 0x35, 0x52, 0x65, 0x73, 0x74, 0x72, 0x69, 0x63, 0x74, 0x00, 0x00, 0x00, 0x00,
    0x00, 0x00, 0x00, 0x00, 0x00, 0x00, 0x00, 0x00, 0x00, 0x00, 0x00, 0x00, 0x00, 0x36, 0xFF, 0xFF,
    0xFF, 0xFF, 0xFF, 0xFF, 0x00, 0x88, 0xFF, 0xFF, 0xFF, 0xFF, 0x00, 0x2C, 0x00, 0x2D, 0xFF, 0xFF,
    0xFF, 0xFF, 0x00, 0x36, 0xFF, 0xFF, 0xFF, 0xFF, 0xFF, 0xFF, 0x00, 0x88, 0xFF, 0xFF, 0xFF, 0xFF,
    0x00, 0x2C, 0x00, 0x2D, 0xFF, 0xFF, 0xFF, 0xFF, 0x44, 0x75, 0x6E, 0x67, 0x65, 0x6F, 0x6E, 0x55,
    0x70, 0x00, 0x00, 0x00, 0x00, 0x00, 0x00, 0x00, 0x00, 0x00, 0x00, 0x00, 0x00, 0x00, 0x00, 0x00,
    0x00, 0x56, 0x00, 0x56, 0x00, 0x15, 0x00, 0x07, 0x00, 0x88, 0x00, 0x21, 0x00, 0x35, 0x00, 0x2C,
    0x00, 0x2D, 0x00, 0x1C, 0x00, 0x35, 0x00, 0x56, 0x00, 0x56, 0x00, 0x15, 0x00, 0x07, 0x00, 0x88,
    0x00, 0x21, 0x00, 0x35, 0x00, 0x2C, 0x00, 0x2D, 0x00, 0x1C, 0x00, 0x35, 0x42, 0x6C, 0x6F, 0x63,
    0x6B, 0x00, 0x00, 0x00, 0x00, 0x00, 0x00, 0x00, 0x00, 0x00, 0x00, 0x00, 0x00, 0x00, 0x00, 0x00,
    0x00, 0x00, 0x00, 0x00, 0x00, 0x53, 0x00, 0x53, 0x00, 0x46, 0x00, 0x06, 0x00, 0x88, 0x00, 0x37,
    0x00, 0x35, 0x00, 0x2C, 0x00, 0x2D, 0x00, 0x1C, 0x00, 0x35, 0x00, 0x53, 0x00, 0x53, 0x00, 0x46,
    0x00, 0x06, 0x00, 0x88, 0x00, 0x37, 0x00, 0x35, 0x00, 0x2C, 0x00, 0x2D, 0x00, 0x1C, 0x00, 0x35,
    0x57, 0x61, 0x74, 0x65, 0x72, 0x00, 0x00, 0x00, 0x00, 0x00, 0x00, 0x00, 0x00, 0x00, 0x00, 0x00,
    0x00, 0x00, 0x00, 0x00, 0x00, 0x00, 0x00, 0x00, 0x00, 0x5B, 0x00, 0x5B, 0x00, 0x47, 0x00, 0x07,
    0x00, 0x88, 0xFF, 0xFF, 0xFF, 0xFF, 0x00, 0x2C, 0x00, 0x2D, 0x00, 0x1C, 0xFF, 0xFF, 0x00, 0x5B,
    0x00, 0x5B, 0x00, 0x47, 0x00, 0x07, 0x00, 0x88, 0xFF, 0xFF, 0xFF, 0xFF, 0x00, 0x2C, 0x00, 0x2D,
    0x00, 0x1C, 0xFF, 0xFF,
};

static const dExtWwCamType kWwCamTypes[] = {
    {"Empty", {-1, -1, -1, -1, -1, -1, -1, -1, -1, -1, -1, -1, -1, -1, -1, -1, -1, -1, -1, -1}},
    {"Plain", {85, 85, 72, 8, 136, 55, 53, 13, 31, 30, 44, 45, 57, 19, 25, 28, 4, 39, 35, 124}},
    {"Keep", {-1, -1, -1, -1, -1, -1, -1, -1, -1, -1, -1, -1, -1, -1, -1, -1, 4, -1, -1, -1}},
    {"Event", {4, -1, -1, -1, -1, -1, -1, -1, -1, -1, -1, -1, -1, -1, -1, -1, 4, -1, -1, -1}},
    {"Boss01", {92, 92, 74, 7, 136, 55, 53, 14, 31, 30, 46, 45, 48, 19, 25, 28, 4, 39, 35, 124}},
    {"Cliff", {122, 122, 21, 7, 136, 33, 53, 14, 11, 15, 44, 45, 50, 19, 25, 28, 4, 39, 35, 124}},
    {"PlaySlide", {94, 94, 70, 6, 136, 55, 53, 13, 31, 30, 44, 45, 57, 19, 25, 28, 4, 39, 35, 124}},
    {"Field", {83, 83, 70, 6, 136, 55, 53, 13, 31, 30, 44, 45, 57, 19, 25, 28, 4, 39, 35, 124}},
    {"ThrowUp", {95, 95, 70, 6, 136, 55, 53, 13, 31, 30, 44, 45, 49, 19, 25, 28, 4, 39, 35, 124}},
    {"Gamoss", {97, 97, 76, 7, 136, 55, 53, 14, 11, 15, 44, 45, 142, 19, 25, 28, 4, 39, 35, 124}},
    {"MiniIsland", {98, 98, 70, 6, 136, 55, 53, 13, 31, 30, 44, 45, 59, 19, 25, 28, 4, 39, 35, 124}},
    {"Cliff2", {99, 89, 23, 7, 136, 55, 53, 13, 11, 15, 44, 45, 60, 19, 25, 28, 4, 39, 35, 124}},
    {"FieldCushion", {90, 90, 70, 6, 136, 55, 53, 13, 31, 30, 44, 45, 57, 19, 25, 28, 4, 39, 35, 124}},
    {"FixdPos", {2, 84, 71, 7, 136, -1, -1, 14, 31, 30, 44, 45, 57, 19, 25, 28, 4, 39, 35, 124}},
    {"SmoothFixdPos", {3, 84, 71, 7, 136, -1, -1, 14, 31, 30, 44, 45, 57, 19, 25, 28, 4, 39, 35, 124}},
    {"WaterBattle", {40, 40, 69, 7, -1, -1, -1, -1, -1, -1, -1, -1, 117, -1, 25, 28, 4, 39, 35, 124}},
    {"SmoothFixdPosC", {64, 84, 71, 7, 136, -1, -1, 14, 31, 30, 44, 45, 57, 19, 25, 28, 4, 39, 35, 124}},
    {"ThrowInto", {43, 43, 70, 6, 136, 55, 53, 13, 31, 30, 44, 45, 49, 19, 25, 28, 4, 39, 35, 124}},
    {"Boss03", {102, 102, 77, 7, 136, 55, 53, 14, 31, 30, 46, 45, 57, 19, 25, 28, 4, 39, 35, 124}},
    {"P_Ganon1", {103, 103, 78, 7, 136, 55, 53, 14, 31, 30, 46, 45, 57, 19, 25, 28, 4, 39, 35, 124}},
    {"P_Ganon2", {104, 104, 79, 7, 136, 55, 53, 14, 31, 30, 46, 45, 57, 19, 25, 28, 4, 39, 35, 124}},
    {"WindBoss", {105, 105, 80, 7, 136, 55, 53, 14, 11, 15, 44, 45, 142, 19, 25, 28, 4, 39, 35, 124}},
    {"P_Ganon3", {106, 106, 79, 7, 136, 55, 53, 14, 31, 30, 46, 45, 57, 19, 25, 28, 4, 39, 35, 124}},
    {"Test01", {100, 100, 75, 7, 136, 55, 53, 14, 31, 30, 46, 45, 57, 19, 25, 28, 4, 39, 35, 124}},
    {"Amoss", {107, 107, 81, 7, 136, 55, 53, 14, 31, 30, 46, 45, 57, 19, 25, 28, 4, 39, 35, 124}},
    {"Dungeon", {84, 84, 71, 7, 136, 55, 53, 14, 11, 15, 44, 45, 142, 19, 25, 28, 4, 39, 35, 126}},
    {"Jump", {1, 1, 71, 7, 136, 55, 53, 14, 11, 15, 44, 45, 142, 19, 25, 28, 4, 39, 35, 126}},
    {"DungeonCorner", {87, 87, 22, 7, 136, 55, 53, 14, 11, 15, 44, 45, 142, 19, 25, 28, 4, 39, 35, 126}},
    {"DungeonWide", {89, 89, 23, 7, 136, 55, 53, 13, 11, 15, 44, 45, 60, 19, 25, 28, 4, 39, 35, 126}},
    {"CannonGame", {63, -1, -1, -1, -1, -1, -1, -1, -1, -1, -1, -1, -1, -1, -1, -1, 4, -1, -1, -1}},
    {"FieldFOX", {56, 56, 70, 6, 136, 55, 53, 13, 31, 30, 44, 45, 57, 19, 25, 28, 4, 39, 35, 124}},
    {"G_Roof", {65, 65, 82, 7, 136, 55, 53, 14, 31, 30, 46, 45, 68, 19, 25, 28, 4, 39, 35, 124}},
    {"G_BedRoom", {119, 119, 123, 7, 136, 55, 53, 14, 31, 30, 46, 45, 135, 19, 25, 28, 4, 39, 35, 124}},
    {"G_BedRoom2", {119, 119, 123, 7, 136, 55, 53, 14, 31, 30, 46, 45, 61, 19, 25, 28, 4, 39, 35, 124}},
    {"TowerUp", {67, 98, 70, 6, 136, 55, 53, 13, 31, 30, 44, 45, 57, 19, 25, 28, 4, 39, 35, 124}},
    {"MajTower", {128, 84, 128, 7, 136, 55, 53, 14, 11, 15, 44, 45, 142, 19, 25, 28, 4, 39, 35, 124}},
    {"Tower", {66, 98, 67, 6, 136, 55, 53, 13, 31, 30, 44, 45, 57, 19, 25, 28, 4, 39, 35, 124}},
    {"Boat", {36, 32, 69, 6, 136, 26, 111, -1, -1, -1, 44, 45, 118, -1, 25, 28, 4, 39, 35, 124}},
    {"BoatBattle", {42, 41, 108, 6, 136, 26, 111, -1, -1, -1, 44, 45, 118, -1, 25, 28, 4, 39, 35, 124}},
    {"WindHall", {144, 113, 23, 7, 136, 55, 53, 13, 11, 15, 44, 45, 60, 19, 25, 28, 4, 39, 35, 126}},
    {"Tornado", {52, 32, 69, 6, 136, 26, 110, -1, -1, -1, 44, 45, -1, -1, 25, 28, 4, 39, 35, 124}},
    {"OverLook", {130, 130, 70, 112, 136, 33, 53, 13, 31, 30, 44, 45, 58, 19, 25, 28, 4, 39, 35, 126}},
    {"Dome", {114, 133, 71, 7, 136, 55, 53, 14, 11, 15, 44, 45, 58, 19, 25, 28, 4, 39, 35, 126}},
    {"ForceFixdPos", {2, -1, -1, -1, 136, -1, -1, -1, -1, -1, 44, 45, -1, 19, 25, -1, 4, -1, -1, -1}},
    {"FixdFrm", {29, -1, -1, -1, 136, -1, -1, -1, -1, -1, 44, 45, -1, 19, 25, -1, 4, -1, -1, -1}},
    {"DStairs", {84, 84, 71, 7, 136, 55, 53, 14, 11, 15, 44, 45, 115, 19, 25, 28, 4, 39, 35, 126}},
    {"Boss02", {120, 120, 74, 7, 136, 55, 53, 14, 31, 30, 46, 45, 57, 19, 25, 28, 4, 39, 35, 124}},
    {"Seagal", {134, -1, -1, -1, -1, -1, -1, -1, -1, -1, -1, -1, 57, -1, -1, -1, 4, -1, -1, -1}},
    {"SmallRoom", {121, 121, 73, 7, 136, 55, 53, 14, 31, 30, 44, 45, 141, 19, 25, 28, 4, 39, 35, 124}},
    {"DanMae", {127, 127, 71, 7, 136, 55, 53, 14, 11, 15, 44, 45, 125, 19, 25, 28, 4, 39, 35, 126}},
    {"Cafe", {101, 101, 73, 7, 136, 55, 53, 14, 31, 30, 44, 45, 132, 19, 25, 28, 4, 39, 35, 124}},
    {"DungeonPassage", {93, 93, 22, 7, 136, 55, 53, 14, 11, 15, 44, 45, 132, 19, 25, 28, 4, 39, 35, 126}},
    {"Corridor", {5, 5, 23, 7, 136, 55, 53, 13, 11, 15, 44, 45, 132, 19, 25, 28, 4, 39, 35, 126}},
    {"Subject", {51, -1, -1, -1, 136, -1, -1, -1, -1, -1, 44, 45, -1, 20, 25, -1, 4, -1, -1, -1}},
    {"BigBird", {129, 129, 137, 7, 136, 55, 53, 14, 31, 30, 46, 45, 57, 19, 25, 28, 4, 39, 35, 124}},
    {"Room", {88, 88, 73, 7, 136, 55, 53, 14, 31, 30, 44, 45, 140, 19, 25, 28, 4, 39, 35, 124}},
    {"DungeonDown", {133, 133, 71, 7, 136, 55, 53, 14, 11, 15, 44, 45, 131, 19, 25, 28, 4, 39, 35, 126}},
    {"Boss04", {109, 133, 71, 7, 136, 55, 53, 14, 11, 15, 44, 45, 58, 19, 25, 28, 4, 39, 35, 138}},
    {"UnderTheEaves", {83, 83, 70, 6, 136, 55, 53, 13, 31, 30, 44, 45, 139, 19, 25, 28, 4, 39, 35, 124}},
    {"Restrict", {54, -1, -1, -1, 136, -1, -1, -1, -1, -1, 44, 45, -1, 19, 25, -1, 4, -1, -1, -1}},
    {"DungeonUp", {86, 86, 21, 7, 136, 33, 53, 14, 11, 15, 44, 45, 60, 19, 25, 28, 4, 39, 35, 126}},
    {"Block", {83, 83, 70, 6, 136, 55, 53, 13, 31, 30, 44, 45, 143, 19, 25, 28, 4, 39, 35, 124}},
    {"Water", {91, 91, 71, 7, 136, -1, -1, -1, -1, -1, 44, 45, 116, 19, 25, 28, 4, -1, -1, -1}},
};

static const char* const kWwCamBgTypeNames[] = {
    "????",
    "Field",
    "Dungeon",
    "Plain",
    "DungeonDown",
    "DungeonUp",
    "DungeonCorner",
    "Jump",
    "DungeonWide",
    "Room",
    "FieldCushion",
    "OverLook",
    "Corridor",
    "Subject",
    "DungeonPassage",
    "Cliff",
    "Cliff2",
    "MajTower",
    "Boss01",
    "Boss02",
    "Gamoss",
    "MiniIsland",
    "Amoss",
    "Cafe",
    "P_Ganon1",
    "P_Ganon2",
    "WindBoss",
    "P_Ganon3",
    "G_BedRoom",
    "G_Roof",
    "G_BedRoom2",
    "Boss04",
    "WindHall",
    "BigBird",
    "DStairs",
};
// clang-format on
