# donor roster — sanctioned dump GZLE01 (user ruling §332); 1561 files; schema_version=1
relpath,size,sha256
sys/apploader.img,116484,fff1386be75156d3fed0056c2e426ca41ed4a90071adb5212891e05d058cf6bc
sys/bi2.bin,8192,4c2ae33f671957a74aac540a2c69118077cab89d832386a27af8bf001d966b6a
sys/boot.bin,1088,bdd9be0dad36f29c0769830fe600e6ba9023063d159b7e5a3430af10941d6909
sys/fst.bin,57054,b9738ae497893f9deb814af0ad2837b4d10f85967e64c32c453ff5cadc74f951
sys/main.dol,3822272,680e347ef8c77739165908cc6a375e5af714f354494daca17a1c34e53c275bec
files/res/ActorDat/ActorDat.bin,1984,3a15e62f5fa01fdf1cc9a72fc1f110f0882d34774b7441a1926039d22e09d5b7
files/res/CardIcon/cardicon.arc,5152,e167bef62cc006900dfc74cd15caa043f3077c3dca4cc03aa4f615621542cf5c
files/res/Fmap/Fmap.arc,364832,b123c26d23c9b6da449c0258d2965398354b5b5f35cb8f264628280397fddf23
files/res/FmapDat/FmapDat.bin,360,b9517408f222ec39f76361c4a1d3c7998f2f559008c4f970078a9406472ba586
files/res/Gba/client_u.bin,120436,62f9113cfa08e1a985b698a69b0eba15c41094362bc7f284ab95246e8dfa16ff
files/res/Gba/client_ud.bin,120836,c2b5bd91a3d4c0921c6413f387d1212c8efabf54a55f698cd13423d51126e761
files/res/Gba/msg_LZ.bin,36032,0b0cd8f32108ddcbd712397a5aded61db5967d88d91676849e17935fcaca44a2
files/res/ItemTable/item_table.bin,512,556b4312a16c195adedb29a93ccb1dc23df33a9ea24f9de25cb80359786f9456
files/res/Menu/kanfont_fix16.bfn,534336,67da428a0a3a207fa05efbe861406826389c1feeba7aefb252c46d9b4d06fd90
files/res/Menu/Menu1.dat,22208,7803ab7dfca4119f38af5e3366aedd731622a06819089109f2f22b8336b849ef
files/res/Msg/acticon.arc,39136,207aaa640de05e36720545e05853529045746f393d61fec31195f3a901e7e79b
files/res/Msg/bmgres.arc,640672,6d9cd58aeb3316b667d52291b5c4c71dcf1f8e3fe31fa4dcba546827f0c35d7c
files/res/Msg/bmgresh.arc,2848,8b6304202c6afe078ee5980e51c40b6ccd9eb90ff7dfd63bacd501ff562d1aae
files/res/Msg/camres.arc,8576,180c9e65c18ee917b7bc0fdb2d5bccac826b2fd7816b8577d734e22163adc278
files/res/Msg/clctres.arc,16032,ea670b960068a3b82efded3444baa77bbdf44f1888a4a68a630b742bd2c6eaab
files/res/Msg/clothres.arc,2368,bf64d80168cb53c4b9673d677c89c95cfef899d6487d77a10a6da3e58ccf982e
files/res/Msg/dmapres.arc,12608,e72975da75b47c8ca1582d233873de34f33f5104367659bed918dca82bc5292b
files/res/Msg/dmsgres.arc,13184,366dfea8aae4c47716bb51f25046dca5b96f060f1fa75e069ec9762de1d24140
files/res/Msg/docmapres.arc,29670,b54f4a9e17ce76180554cefac104a42c0dd1178cf86f7e92f51cd9098fcbc0fc
files/res/Msg/errorres.arc,768,809e90ab427d66386c112dc617fe6acd059d716d06f077d21858d4416c9f25ed
files/res/Msg/fmapres.arc,104160,db9eb7cc22daf8fc7e600dad5f3c0257c6f88a64df6a0b07191735a1c8c2dc2e
files/res/Msg/fontres.arc,74560,9ef3efafcce6fe9453510b96d7398120dea194471d6a5c3e3ed0724ddf56b2aa
files/res/Msg/gsmapres.arc,40474,31f1534b40fd30fed270873030f424994e89f89e7510301cdc32d1ccf6a533d9
files/res/Msg/heartmapres.arc,27816,511523f94616b8ed29c3e48cbf1aab6af3dcb9c7660aca90c13089051765492a
files/res/Msg/htmmapres.arc,31256,cb44dfe15cb4c3ed284c638ab75152f2f8e7488c2fcf46552a69946fac2e0ec2
files/res/Msg/irmapres.arc,20662,05b0e927f30a2ad2cf9e1bbbc6da4f4a3340d4393574a04a2e05aa29fa4f77f6
files/res/Msg/itemicon.arc,176672,f8d4efbeb9591aef06278ae01090b807f9a8dfa583a2d7b958be14ba1bb2f72d
files/res/Msg/itemres.arc,10368,6262d6b90c31c7ce64cf7e4d082fb1840e9fcca3ca70242f17861f523893d090
files/res/Msg/menures.arc,110752,50e0f6d28aa866b15ddcbc4a50eb6b1c8c38edcc642d664e12e2400eabc96457
files/res/Msg/moonmapres.arc,23282,792d69c3509d52fa6512ad067cbd0ae46fcf1be56edd18f8a849300ac2e6eb75
files/res/Msg/msgres.arc,37248,d4f56c6d4db161d93565bffa80d9cb79bde154a9f60a1dd4edd701e053320e4e
files/res/Msg/nameres.arc,32352,6bcb78cd9db6ee09f3004dac2537c8f2e43d27e73e8c98245083dd6fded8b5b6
files/res/Msg/optres.arc,2496,efc368d1bfba1f15e877345ff5f176b18f5390a88019c2a77374b874d8098d07
files/res/Msg/rubyres.arc,41824,e1d9641308213c3fe457a1cd8102db1f6606c157be3ca8acaceb002f3754e86e
files/res/Msg/saveres.arc,3104,70838c29dcd2e0e57575a5adc6e2c29f19750107940029246bdc6da12dd95a8c
files/res/Msg/scoperes.arc,8480,e7c144c6ca7a70b1e6fa9c48769c072b72a2985103f3034053ccca2918e79403
files/res/Msg/submamapres.arc,37547,795468dedfb44bb17961c23b5819e78b4490a189d803557af6c507e8e0126a38
files/res/Msg/swimres.arc,13152,3fbf5791787fbc1ce422206211e0567b1804dfae02b524f8599f12c923d0fc00
files/res/Msg/terrymapres.arc,44929,0dd20ad749785c9412883350007f01969ccd2a1e73a05fad80caa790d6bfa18b
files/res/Msg/tmsgres.arc,5344,2614096bfc18a31932ece263bd220592fb3497dd4693be2733115527a507c09c
files/res/Msg/tnmapres.arc,66172,fe83f0feaf633f073174210dc91776f9ffbe1a09682b94e9976729c548ffeb64
files/res/Msg/trmapres.arc,45206,977f3fd9c42bb9b4cef45874faf3dd0b958feff9329d7d2b353b48301268b016
files/res/Msg/windres.arc,8704,943a360a546a471ebae361e3d4ba60597cfc770c54fdf938ffc9e694636539ef
files/res/Msg/ygmapres.arc,34696,993e43e25eecbcc9b348fb6ed41b13b08ecad4d353846eeaad94e8e603f96e70
files/res/Msg/ysmapres.arc,30461,b15c166a850cf9e53a18f690bdd3a444bf15655017cf791cd6304dfd6354c36a
files/res/Object/Aana.arc,2155,8227ab807a50ca0e6ccfd2bdda27aac7dcde963f5db7ad2109884db1a0198c47
files/res/Object/Ac.arc,62784,518e96d7e59a2b8d3083637227a5df71665acbba8af49a1828e35504b7af20df
files/res/Object/Adnno.arc,58368,b727a88c059097300fb2b52e49dc9ab5d1d9a69c756121b509e4af270052556e
files/res/Object/Agb.arc,7488,b0e1904ee26f705386f168527356ba80700f15477bd8a3d6c9ed5664887a5b2b
files/res/Object/Ah.arc,44224,bf5ec99ea2a67109eb41b6f2ae0abb0a4cc4832de6088d47da6a1d6e50afc4f3
files/res/Object/Aisi.arc,6272,2bf08f13ee847ddf94a506557947d56ce43a83e2978eae1adb7146eed6fa10d9
files/res/Object/Aj.arc,120730,89c9f6ec9d901cfedbe8da7681bde634e169abec50fd3e00451ac321de497da0
files/res/Object/Ajav.arc,27840,c947384b65aa4714baecfe322b08abb9e1a1923fb584d8b383a44ff8bd30b3db
files/res/Object/AjavW.arc,8699,37a215704af88d886c6acda02f09c8956e0c5a555a8ba877164d3266a3533d20
files/res/Object/Akabe.arc,608,76dedc479d1ccfe3a6f6a5c0ce0fbe7979eb17892df1a8f494ed0d9f79d7158c
files/res/Object/AkabeD.arc,608,feae797fdb4f7cd835e27c0b457b8fbe1ffc0bd60861a19acaf07ce41feb37c0
files/res/Object/AkabeK.arc,608,86b2a6e9486589d74a3ac2dd948fb2f2469d752dfbf7464f6d49070456632577
files/res/Object/Always.arc,212657,ee2b9b993e3361e13f12b64eea62d7e2fd03ee346300a3010616db4c977f5bfb
files/res/Object/Am.arc,30666,3044afd57e649667d002443b7e7a9446132ca66757befce9d1718e15158cfd0c
files/res/Object/Am2.arc,19217,0f4419dd4d28beadb2b94da73b1552c225d730850b61fdb071db855c9f1a23c3
files/res/Object/Apzl.arc,582944,a68864ea3f339e671bdedee58fcf2b32be26d278d7764fd24cfb6a89abcedc4d
files/res/Object/Ashut.arc,7232,de61855076a207e546cc10cf08155989e98d69563e24f07103e74fd56ce35ffb
files/res/Object/Astop.arc,2656,3910f2a34c160629fda2b64b6d237a0a8c8de97a08123b8e351ae98a71279714
files/res/Object/Atdoor.arc,18048,66307620aa2ece0ec1788088c733369ac45abc6a87e31991feba4ebae91ec382
files/res/Object/Auc.arc,390464,8db4366ce909d580d1769ce49a0467e834c2d3778db661886bb64a626b5dd3f8
files/res/Object/Auction.arc,2211,027e165498cc8239977bfd4f23385669603b97955d10343c7f5568a9c39cc1cb
files/res/Object/Auzu.arc,11520,34fecac0fab0672b1f2148fc99afa15676e26f13642a6dc6879e844428e1b48a
files/res/Object/Aygr.arc,47049,a80a4350cdf4ed18244da074b953939cff03678576aebc3d652602d2ddfe9f1c
files/res/Object/Ayush.arc,60539,e0ddfbe0349fdc4fa3d10697de6950cee48d1129c450b95bba0e7d6b5a2f8930
files/res/Object/Ba.arc,60753,87d2152971aa85855dcf38caae9da9017dccc2e3d1398bb785a74078279a775a
files/res/Object/Bb.arc,98464,9e943799939e054b64337b51664c7c6c7d0839537257ec7f9c549f72af926f5a
files/res/Object/Bdk.arc,731712,8c32829e2c3e0f7361dacc4f25162c763bce736d8bb129fba2b19dc029243fe8
files/res/Object/Bdkobj.arc,109216,1eff3c08cfaee1bfa1c3a88965e9fa16e5607f8a9fe1a86f90a6fe1e7fdd0b07
files/res/Object/Bgn.arc,1200512,da1c29475123ee1f6ba04509b754c6bde592a4b0f5d38ae0b82c8600115ca5c4
files/res/Object/bigelf.arc,59113,1b6ebce3aca8af6a76baac0858b823218b5ebd9e319a84058a5b08f01c68a799
files/res/Object/Bin.arc,10578,151873960f53fc7ff3ab375666add3256e1062b8971715a2657e317a1212ebec
files/res/Object/Bita.arc,57805,2cd7b7f4aab8be98207f797f2ce382145085204d9488d1ad9981cef11f2fb789
files/res/Object/Bj.arc,126266,355b37d15b0d59a25bb0382ff34775966597ed78c5e72873bdc3de24d66f01a0
files/res/Object/Bk.arc,382272,7fda4e453a6c55eea2aeb89cd2b5c0f3e5522e664dd498140375104609442840
files/res/Object/Bl.arc,13160,0325911ad54e3dc37d1d6a083b4fec0edb399c99c66f6fe4666f0b7d69b1fcb4
files/res/Object/Bm.arc,211806,a820793cdf5dcbc8166da3f966f34935b7b84d417982742077c49462620fa5d4
files/res/Object/Bm2.arc,182688,5a0a91cc755e58632a8db474f4899f6fdb20793f1d0aea937fab2a34cc9777a8
files/res/Object/Bmcon1.arc,127904,9faeb25e4db45f136b1fa1893c0afa7ef874c128b5bb766bbe1ff7c08545fb06
files/res/Object/Bmd.arc,575072,e546a793cd1a88caea9479f3b37aab2601b057235f18f20e2d8774c1120760be
files/res/Object/Bmdfoot.arc,96000,c4121d4ecdd078cce05cca21a9042ac8185f761d00758d2ca10770e86bc01904
files/res/Object/Bmdhand.arc,41792,a8b000040e8959d7d3719a03ed531ff4c4c8e14cad269c33852e47fd64621f62
files/res/Object/Bms.arc,94848,98394c6ab5d623a7cb98c207110e2fbdda477d96108e0501ca5377b234177d98
files/res/Object/Bmsw.arc,164288,4ee51be9ae413ad8e5807d742b08e6c0031ca2f4ec1071b433f9cc3d4174cd05
files/res/Object/Bo.arc,54873,286d2c6a9f4d74efd47b913c11dee80b2ab8d7754e6072a289737fe6e9a20e51
files/res/Object/Boko.arc,7282,e99691f610c54604524796f77f7bcdccdea95b89f4ae3a8990a4b25491c04b50
files/res/Object/Bomb_00.arc,21440,6b90b9cc1188f0452d00b29f12875adc80e526dbbf4db66f7a9d0e242e73bf60
files/res/Object/Bomber.arc,25460,08966eb320f8aa99b2a274a93f57e10d7e8980bdb550625796cd8b67bd1a41e8
files/res/Object/Boom.arc,12031,cf807a033e32f8412779046bdf6afe0dce29a80ce5c3e825c2b8b8b61be86549
files/res/Object/Bpw.arc,168415,861c09175e65e2b5e814f7e210afcf8ca314ce4d089676e1d72099af214c0a40
files/res/Object/Bridge.arc,35904,32d83fdd651031a9ad4e831bdd4b20f1e0d6f5c97118eb17bf5214aa67518fe7
files/res/Object/Bs.arc,65473,940c2f6919b49ad1b44256ed3bf8842434628d55c197b3d1f82feace6ed202c2
files/res/Object/Bst.arc,1148416,fcddbda36d7cb3c50fd8ca16ca1a2f5196db8864d310b875a855837de5e67af3
files/res/Object/Btd.arc,1467424,2d608f73997891d0867fb103dbc75e3481ea3d79e09e78a01ea741bcc7db6c78
files/res/Object/Btsw.arc,104672,f2c2ee0e52decadd13eefa8ca6dea1dd17bab93d405e7ec36c154ecfca009399
files/res/Object/BVkumo.arc,17059,2f857f817804fc2a14639593adf3132e14d5db8d157cab5b6d4ccd00a3426a33
files/res/Object/Bwd.arc,678656,2f33e4c5d7555fcd168507b3c596226cb43486463705af2c7b8bbffe742c1904
files/res/Object/Bwdg.arc,128320,b3f241c2e7254972834aa80e7491642613d7e30078c6d7fe7714bcf3005ea389
files/res/Object/Bwds.arc,193408,da8620ceee774c8a55988c10f32787c0b46092d8cdf57cb08140053d64e02f92
files/res/Object/Cafelmp.arc,5440,7921eda56b3d1abf24f2a7d62cc886b44afc8ea84566354e8ff59ffce1fa2d88
files/res/Object/Cb.arc,89563,9a44aa53c88ad18191cb3dff37aab23f49e2fff5172a2eb33d4b5c834d315895
files/res/Object/Cc.arc,53139,224966e0ab1fead4a2b24d49efe38440b7ef641b59fe8550a06456410022b02d
files/res/Object/Cloth.arc,811,3c3e909c82bd44c6003d95aad51f75f1bf9ce1164e216a7fef4787103cc22a60
files/res/Object/Club.arc,6406,3008ccb41cb9fa4a99f89ce9ca911e7b36a0f6e59bdae942ee023939f8619073
files/res/Object/Co.arc,69705,1564552660935cf25b5397a3d1b320e5749ed7807481600227dc7e8a14bc7a2e
files/res/Object/Daiocta.arc,70595,dfa53abfe3d03a55cfa0947e5cdc629d3f6a1f1befd0a7cd3f391ae91329d0f0
files/res/Object/Dalways.arc,127847,e841bb99b65ed263fdd3b792a0c5e425b42f965ddbbf6dfd66c5b8fe308994ee
files/res/Object/DBarrel.arc,17312,d9d5ddedcaab34a4ef2118ceee517f4b6b40763a734115e7c9806815a7a5478c
files/res/Object/De.arc,132896,b7ca1a374607f5d7c8ab46a044a5673926ac3b70da1d6334f201d301988a046d
files/res/Object/Deku.arc,18016,45a53c6eebc1fcee202ee68fcc47371400eea13de34f51080f57e20f71f4806f
files/res/Object/Demo01.arc,82688,104176b9c9f60493fe21fa918d4a0fd07663693ba3ae775a91b467c010bb53b3
files/res/Object/Demo02.arc,245760,91de014fafe7ef17438a98506f61bd975127dc68b8bd441ca4f5cbd754b7edc8
files/res/Object/Demo03.arc,210688,a7e2c6b3d684a636de5f209c285af7488edaba56306934f9f64b2ef1754f34e0
files/res/Object/Demo04.arc,331296,d7c544208e92e863b28fa2ce5a663afe24ca1bd14af28a3ee31ec17524a5933b
files/res/Object/Demo05.arc,320800,b964876eeb6f862ebb96a7d93ad7e89c6918d62f4326f6b645817035dba96b82
files/res/Object/Demo06.arc,184448,9a452a285891addb118e4593e164f15eee97151983112acd6a5b695fe078e3d0
files/res/Object/Demo07.arc,683104,f4d250bdbc6f5f36339fb8a49082e310dfb7904c0359b0665056747a7d7b0825
files/res/Object/Demo08.arc,490656,e33cae51cd5e16e9607af1440e8c59372dc06b30c84478e40995bdf90da90e19
files/res/Object/Demo10.arc,613792,1e1d7bad67b742c1a7298c5df4d4cac2273440bf257683caa4f119e30464a18b
files/res/Object/Demo11.arc,948960,86836f80abd39a6730bc7a3837f0131f898beb4bb5bd6faeb2c65b6edc67d49f
files/res/Object/Demo14.arc,770432,d0cfe0091847904b4b42fd7ec720682d13747e5f8ccf61eb217feb8c963468de
files/res/Object/Demo15.arc,890016,9db70d92eaf1eee8db7cedf0265f4105a6d85920bc92a673b69c289b3204fc41
files/res/Object/Demo17.arc,414784,3d0af7bce1bfe62f2a7a76e0783eb9f582b0f56d7128009da96187c88c205b3b
files/res/Object/Demo18.arc,745920,51640bfd797da5fba61c6988abca5b2df082e82bfb0108d0254df93c6fedefc1
files/res/Object/Demo19.arc,473152,02a56d7516f4d89fc811e3ebe53a6c67351c16cc967015cf219728af74d08d6e
files/res/Object/Demo20.arc,248384,a50018a050b68af5936218ad6120e9c7b933dfc013e7e34627a95207d2fca8d4
files/res/Object/Demo21.arc,116096,96bd590d81594d66a854c22f32392fa2698c99852a7fe65518e220afe7e81c6c
files/res/Object/Demo23.arc,852704,782b538742a66f474afee3f39e22e929217e0b2fb35bd56a29486dcf04114b22
files/res/Object/Demo24.arc,1226144,45c568535423cd8ab06bd495271d460d1c209a9032dbf2daf25128999d70e75e
files/res/Object/Demo25.arc,805248,9d704976108149a5d87ea2ff79ef0eee640cc255bb424039991447347da70303
files/res/Object/Demo26.arc,584832,b99fdf4ce2d096e07973c4b498037d182eec99444f8ca18f99b4348bc21c431f
files/res/Object/Demo27.arc,204480,ce3c70998b44caa3d8dd562d423f64fea7dcbf7c99bde12f41ee92bee20b4d24
files/res/Object/Demo28.arc,887744,ef50c7500738dfc6ab8ce82c3a7df1cff859c2390a3a304d565f47e86583e8f1
files/res/Object/Demo29.arc,706784,c7fec368e4531627590f4ad7d45e9b150ddccf0808d9d31b78ffe233e81ff6b8
files/res/Object/Demo30.arc,156480,429531b0963289d9ad7e7a07701e3502c8f23c8f45b2b2cf791d1e45a5aae5d5
files/res/Object/Demo31.arc,232704,a011f3c2d698935531a552442f64037aaca37bbbee47b628bdb3cc91b97d0ee8
files/res/Object/Demo32.arc,430368,b9125c274dc5a445a1b054f8048938fa209332ad16516a25de7844c816daf444
files/res/Object/Demo33.arc,216224,6bc36347b909177ed8bda2a7cbbf0c0ab211f044b216b1c020742cb1736f9659
files/res/Object/Demo34.arc,67232,de5d1881104f9b8f032584b55b9f7eece71716d56daaab7ba456fda92bb53248
files/res/Object/Demo35.arc,942784,efe48cbbb3296bb21142c9bef8f09fcabd9df680e4a067b80ae97dd4a503c307
files/res/Object/Demo36.arc,381408,477e070a0dbbf41e3db46394d23ee72a117a26a43ad2f724f1195f394d663569
files/res/Object/Demo37.arc,863968,bab5078fb926bee72662deddf9c9b4f51d5c5352d2911208370a2cacb17e7c0e
files/res/Object/Demo41.arc,739200,e703ae7675212bffa1fcfaf06857070d30d347e89a7503f6110b8af553ec9b0f
files/res/Object/Demo42.arc,1065920,3120b76b7d9b6fb8baf3d68055bfe98db07be4c7d70bd13ffd54640f2ca4ea0c
files/res/Object/Demo43.arc,788800,e20a64a6c98e2438a005cede9e9cddf45546b90047b2a78f8ef65910eeb29417
files/res/Object/Demo44.arc,290144,40b16c107b8a6d6c476e878a54d42fe113a9e6ffa236532e3b4be852b2d3b78a
files/res/Object/Demo45.arc,863776,a2219110b8379108946cd08eaf103b99b74f8293dc4dc5f4c1b1632dea7cbcfd
files/res/Object/Demo46.arc,843488,67b68e969050cd0ef16ee28711aa6d536b76c510114af91516396a36bebe4ec3
files/res/Object/Demo48.arc,60096,a95bf105b750013414d20ae27b1ea96dbbcca9f2311ae98db772c5983e65001d
files/res/Object/Demo49.arc,4864,0c51d2242f48bdcf181c6ed293897e277893967dabb7bb0057ce01162d2e1da2
files/res/Object/Demo50.arc,90080,811ea67462c27e2e29565656cd9a85d1a35cafcdee607f2532b386ec019878ad
files/res/Object/Demo51.arc,4640,610ae992bc73dd9ce7b741568bbcd493476ee1352a911e3f18ba251b4f0e01b1
files/res/Object/Demo_Dk.arc,96672,7ade26b344e3789273dbedae9c56092a17cfe38c16763a6fe45247299b12f5d5
files/res/Object/Demo_Kmm.arc,24416,94987ac89f388dd4be158610f0bd78e754d833388678a0f122944954594eb566
files/res/Object/Dk.arc,180832,08430f8467b91f1fef7b5db5e603bc8609b230b9aea3480a1446310bc90a1799
files/res/Object/dmgroom.arc,67136,bebf2035458ba03a51c79f179c1ca663192d2866bf71cc5b8d0995d4bb0af480
files/res/Object/Doguu.arc,246784,844868ae989370ba447546d06c17c6a7eb2afa18d0ab40fb651a17a89fbaac7a
files/res/Object/DoguuD.arc,35840,7d44a4da968b3f0428f5ea2356f782da93f35afcd76ac95b2bd6d21fa842e942
files/res/Object/door12.arc,198260,f687db578f6dd6c25086c53323a93a3d8511cf38c3c24646b11788c9136d759e
files/res/Object/door13.arc,265580,0a26e7c434a8fbd742a24f5d7022d3005d51e0fa5720fd41695b1cc5f72432ac
files/res/Object/DoorBs.arc,112204,56fb52abad38ed92efa4883a7854343086d97f1bf9b48fd9c1cc5366f0001152
files/res/Object/Dr.arc,302656,46818b7546066d63d56455cb05f5197e10f4f23d39b5e986339f8a04fed11539
files/res/Object/Dr2.arc,527040,d0075b51ca60355381ba2dfc6f7fbaa6259dea491ac89cd16efb4301afdb5493
files/res/Object/Ds.arc,130304,45401d7bfc27934a735d578e7d2bbf4a41f0ef986366d57bdb7569a297c6f3bb
files/res/Object/Eayogn.arc,11808,54adaca75ff1f8aba6abf25772cc27e5d264c16a92fd319aa2f9de6ddfb732c5
files/res/Object/Ebomzo.arc,18912,5a8bf36d8c9a6f1742bbadc465796854e727be348b8b672041dcdd9ccf460bd5
files/res/Object/Ebrock.arc,38432,9ffe5be7f5fed7c31ad4a594e91c1762944962ad13812639801304f41ac53503
files/res/Object/Ecube.arc,13088,df9711f87bd5a9d9ba70836ebb4043ee1b9e12b334533dff995ffdc7501b1d9d
files/res/Object/Ekao.arc,16640,a31ee435c9402b9f5f572f972052f650ecbce30fa08c63aab1683ec81c8047f9
files/res/Object/Ekskz.arc,72128,cb5c1fb386ee7858f05b4c08a8951e8b4c2979204e5459462ea841ea50109a0d
files/res/Object/Ep.arc,31680,12c22978ac22c894946a1acd1df56d73f3181f4276734cf9ec2bb33e0736ce71
files/res/Object/Esa.arc,4096,e461f280621a9307087f83810d34b8dcc7955150abe2c8ff35c5cbb1315f2b55
files/res/Object/Esekh.arc,34880,0013c6d80fea5ed601cc0329948e1765c64967b7dfbc00c8b9c9d1aa1f1c7ceb
files/res/Object/Eshata.arc,3980,f9c67e07b1147b093b8ff7a3b47c538eb59707b835dc3e8d45cb94c395e457ea
files/res/Object/Eskban.arc,23456,5dcdd729d960b784a0fdbe5b3e8855e144e7aac91642eb520b728399480f5b3b
files/res/Object/Fa.arc,14624,84f1746eec4b3c1e84588abc916e3f661c555a0ca2a6c3f2335455532e3eb347
files/res/Object/Fdai.arc,149820,c859c1a0be759189fc5533cd439dea45f904b2b6f3cdcdce20b504e714a9897a
files/res/Object/Ff.arc,118496,b5f02280e368eb290ddd4addafca89e3b57d2c04a9cf09c3b4c22b82b7a5549d
files/res/Object/Fganon.arc,229440,cb7a35929603008e04429ca7fbfc1e061b08158cc350beef74204b44f938e875
files/res/Object/Figure.arc,31680,6b1e5e2bca3f86d726cc9d88622dc2b0884a36620568be7098185d8a2f4e88a9
files/res/Object/Figure0.arc,682368,1877e135121eadbd0a56438d8a6bd8f86cf351736ded5488b7264b2d3a772f7f
files/res/Object/Figure1.arc,1433120,d527a1ee2deb42456958921c2aaa7e783014fb633a751c05c51300b2f00310a6
files/res/Object/Figure2.arc,2330400,e9918a3b5c24bcc1a89fbdbb6a0f70e8eddc1c1387aae3e59065edafaa04713f
files/res/Object/Figure2a.arc,1198272,5da38edda1b30afb9fcd2b8846291b9382b50b897e2203bbe8633ded38bb0313
files/res/Object/Figure2b.arc,1132352,04eda21874e049c7f0c1a5a20d68fa8f3013294720e175d1ba36844cb5bc1926
files/res/Object/Figure3.arc,1390528,100bdb9954b554f59552f234b78a1ecfbbae0f3bfdc2798bd0146f9b703fb73a
files/res/Object/Figure4.arc,638528,77cc7ce221cf9c251afeb217605fae620f6498f26a578a9a9224608fed8365c9
files/res/Object/Figure5.arc,1238336,c4245f232a9ac09c677296dec084d6c701225fd516f4b59bee2bb66506ea3efa
files/res/Object/Figure6.arc,2975616,726f7ce0c8072e809a1c660b94835150769f725113b5952c725044be9f51e69a
files/res/Object/Figure6a.arc,947008,dbb17ea3739c8bf9e3b7d8628065c2ad43cb49ef841094ab88a02032d16581cd
files/res/Object/Figure6b.arc,1052448,1a0fd0d95dd4e26b54c23696d1f93b716be5abc1804c9112a776efc2b16e4814
files/res/Object/Figure6c.arc,976704,911d91fc568b52352789ff4cccb2f89c3ea6d3991041613b7aad92e8be141e17
files/res/Object/Flag_a.arc,14176,52c2ee5464d22e38c39eebe020facc0e790ae48722a3d558a1c439e44f084f86
files/res/Object/Flag_o.arc,14176,7a18dcda234b2c608508c1600a1e17edce98b3a97182e081bf6434378e02ea7e
files/res/Object/Flag_t.arc,14176,e862218036d0af236482cb38cccf2dba2a552fddf524f4d4084cbf36def92104
files/res/Object/Flag_y.arc,14176,8248d02f57890ccc2a1979ea9cf0173c7372acd48a8b895225ebf7723c52b632
files/res/Object/fm.arc,66944,1ef31c2b9d1556f5b792b119ea2e50c69df9a120debd82e89a768879f6017b84
files/res/Object/Fobj00.arc,18560,5694713cb31c843b72e70c51c85b928fdf9d9fc3322485ef6bd7baecab0e2e7c
files/res/Object/Fobj01.arc,18656,bfdf04530d41af29d3b9344f0892d587930707f6d0ad5e14c3cf785204ef921b
files/res/Object/Fobj02.arc,20448,1e093d1514ccd2f34eaa9e0393a23a1fd1c9d3d8a0f92db8100c1c07cb498571
files/res/Object/Fobj06.arc,18048,bc33edca8cb50abab2f710f8373b906a3d32c30e4665b6f0583bb5a3a7fbeff7
files/res/Object/Fobj08.arc,20032,27b26c8c22de4bd9e46dd2d02e52f90bc40c940784bbe49199212d7f027a2a99
files/res/Object/Fobj09.arc,19904,3be3ae3675ae793588b8fad984b1d15fb925767605bb0d28f8b01b8be0516737
files/res/Object/Forest.arc,289024,da9db034ca3122ce58097b6a8515829cc174e0dad5eae59da28cd971bedf7818
files/res/Object/frLt.arc,6995,fae962ba9844554f46dfee9515a1c2e22b216696b478386c04fd7ef269c8a70f
files/res/Object/FwBin.arc,11519,92e421e63f4e4b6e3ccac050392ca11eba0d5c9a4293014ae8e54b1182fef236
files/res/Object/GaShip.arc,87922,087fbd89a5ca45af283275c160813a562b04b59743e72284e59920bc36495047
files/res/Object/Gbdoor.arc,110430,9d910ec0e8741aa92dbc4be6c5b10232a30104fc12a0a715d8ef9443c889d6c6
files/res/Object/Gbed.arc,115610,4b19b41c9b1ef754066a6c473f5d9dec35f9f3fa957bba72c56820fe6e5e3e71
files/res/Object/Gbrg00.arc,10538,47053e680af0e0ca3e1cd83a9eac2abdd9f2e0cd302b2f9d7615966860516e74
files/res/Object/Gdemo20.arc,22104,f7e7f6776bea87435e27645d38de5bd83e9555b4b2f2d95973cf67a9bbf31cc3
files/res/Object/Gflag.arc,10613,2b26c8cd8f444dcbbee4adb4b14fea7c75d3c2616358c2e4ca523853970904e2
files/res/Object/Ghrwp.arc,19585,8e33ebb9b3cd2ae5d0115aa45b23df8a21781728b8b7cece95b9dd722c763a20
files/res/Object/GiceL.arc,38784,6d23becfd3f19dcbe9179bb6298e0b077ada91d8a5d31b44e4d633a744779ef2
files/res/Object/Gk.arc,41717,a1c1ca103144abc7382f41ab6e01b368f910e8026a4a66cb76d206c84d13778f
files/res/Object/Gkai00.arc,9712,23529c3e7f4f8222f55fa3623aa94e96d97231e48a2cdb9f9c573a1f050cd163
files/res/Object/Gm.arc,103711,71b7127e8094c41435c50c5fd70f50edb505d9be8f11180080949d8228ce0f31
files/res/Object/Gmjwp.arc,14954,3c6ea72cfb33a52e56878f04c2e628b8cab4ead0abab98f698b8428bb7d5445d
files/res/Object/Gmtw.arc,19552,8d0d136562969400c139fa56411fec138d52a40eba86ae0afaeba9c3f773d70b
files/res/Object/Gnd.arc,554304,ff2f5d42ba9adcd19997261078875824cf321d7d1c5ad02e2b3e3ba5a24c5f03
files/res/Object/Gnnbtltaki.arc,132128,f70033a71e5447e00afd03ed739d3608477fa1ea03b52cee59d975d9e576d712
files/res/Object/Gnndemotakie.arc,31072,cb4444654a4923f76e9d2afb2fee5147b673040ef4e78715b306078fa572c76b
files/res/Object/Gnndemotakis.arc,38592,88f660c6975402f3181226c045761651d26536c532c9fec23d2328e835022e68
files/res/Object/Gover.arc,4924,f1ae29c3e43df281bf00a01a3f20a3cdd83fa5eb05f1806202d7ceffb1a66a05
files/res/Object/Gp.arc,88751,ef0da13302360f9153db2bfc7332ed31ceb87ea78f1979bd647c8cb82a1eb29f
files/res/Object/Grid.arc,8512,8b5cd3104db3375e708b0abd16b0f1ba26dc20e05a26e56f091896de58f9c4d2
files/res/Object/Gryw00.arc,14366,dc00ae7e3dc657338aa40161577ca02cf4926a733e77c2f479ad16f05dcc199f
files/res/Object/Gtaki.arc,34976,64989650b79f4c2ce64acdd3895d37dde1254a12b9ea1b5a5bed714385d66e82
files/res/Object/Gtfglow.arc,12551,038572e4b900a7db772d7ddf3233b52ef0db995b202aef165f5b2474b7c9f218
files/res/Object/gy.arc,29171,b056b78eaca3ecc51dd22220a1b0d4afd6df3c1e9df2148495e1a243aaa9a0d3
files/res/Object/Hami1.arc,46048,44140511ab1833593a60b9e7fed73a8985bb3043ee9a44c2ba9d7f2a1f1e350d
files/res/Object/Hami2.arc,99936,da21cfd8f6c40d5436c986f0277a32156dea9ba7bc615019a9b1310b4cd85ee8
files/res/Object/Hami3.arc,63040,cc69a3f6fa0748c12af9dd56690f93695850cc0c9d0f5e98b3cdb1d1878f4d58
files/res/Object/Hami4.arc,65376,8957dc412efa686e651bd262b32d24fbf46f6d316e2bcaec86535acbd21aee2a
files/res/Object/Hbox2.arc,12032,1a70c3ff3d8314abcbe599df78cf9847cf0ef21bcb447b46275c1d0b7f406165
files/res/Object/Hbrf1.arc,48384,a0b5e26fdb17c3004aa457187f667492236f65aa00f1100ff43be33cffe3147a
files/res/Object/Hbw1.arc,10813,280de48d42890c349395aa70f6d84139f4a1179f3afb249dbb7e691abffe0d56
files/res/Object/Hbw2.arc,10779,e95f3d320fc99cf2bb069a82291e3bfaf114305bef7af149ecd63ba82530e027
files/res/Object/Hcbh.arc,53099,7ea5c0a59532e716809763808006cbaf8155bdafc8b3431c82df8f2fd6178193
files/res/Object/Hdai1.arc,18608,693cc03d6a650e6ae5f8b437d9a3aa14f3893ae62fa0c7590f969d5a90510b22
files/res/Object/Hfbot.arc,59584,c87671bf2630592d52ec187b27147f8e683c3d205994bd7f1ca38206ae274fb7
files/res/Object/Hfuck1.arc,8315,fb2566ccdd6cd9c9297f1f82537174d09ba962a3f98ee3cd189915aa96bce98e
files/res/Object/Hha.arc,60864,0299d674cccf293ebbb8fec4bdbf550e5e11357489c516ff178c8381cbdb3515
files/res/Object/Hhbot.arc,31299,f77943cb4642f4b7681f4f1ab4c3b6b3797156f3881ca583f330b03a6c5e8a10
files/res/Object/Hhyu1.arc,11141,e57ea4fd1fd93cf9b8cb2a2570d76a212f8cb564341da36e5d7735eb6f27ecaa
files/res/Object/Hi.arc,60406,27747e95b8e9e3f70b51bc0f0096960b68343b0ea47bc0fd1818baf48b48571e
files/res/Object/Himo2.arc,3300,cc0f893c6d5058a60c83e8c03c41eba969c1ebec83432c01da5f7982d006ba68
files/res/Object/Himo3.arc,9888,abdb658afc088a30297e1bc2b01b6b137b5b69b03a94251adcd4ae9afa0f5a39
files/res/Object/Hitobj.arc,192,7d930e7fee6f9f6c71e93d3ecdf6c14404a445be3bf0295b175d6b5a8e0d0472
files/res/Object/Hjump.arc,57088,9c38f94539427ca77e62258296788503037a56dff853a0ee1c7c926f62e0ba59
files/res/Object/Hkikai1.arc,33634,76c72bd1e361070f987e318712e7cf4f247b62a4aeded8134542adf684449a9f
files/res/Object/Hkyo.arc,69952,3c96fd13da01d9d399c78e51c21d216b403fbf7f8fd0c23bdd0e535fc5e885a4
files/res/Object/Hlift.arc,59104,1b93d404ef4b1530e3beeca6d91981057a9c81fcf3be65fb851aa03c4d2ac50d
files/res/Object/Hmlif.arc,4759,74f6386d474b5e1d7ce92e1fa6539cb2634afe5592cc523761e0e41bdb07b7d3
files/res/Object/Hmos.arc,113469,9843f1d36e1382ec5a5a9a4f0f570cbd77f3e29e4621295dabc617df77a95ad4
files/res/Object/Ho.arc,75424,6bf9ce4d937b89ce569d17b2543bc9bf78d5df80ff5ce745789372c83b155de0
files/res/Object/Homen.arc,66111,aeaa2a9e81e483ebc8527e2b360152ff35f8cbbca9aa198dc53de64e328d2d45
files/res/Object/Hpbot1.arc,27931,df2e7347e1f82b8e19d1be2df5aa3c3c7d2450bd4221d38b1f1dbad8059f4b89
files/res/Object/Hpu1.arc,41777,9b368bc8826d743340c054836741d6803e06c3b4347b62809d571888b895494a
files/res/Object/Hpu2.arc,40965,8991743f8d0faa23510a2f83c642695a9c09ea702a15000af9f12901087a13ce
files/res/Object/Hr.arc,62448,c1a4ebb9fb7bce9afac41b771106eb2837ddfcb29afd9fad00b7d345238b6c42
files/res/Object/Hsehi1.arc,10033,4976ae36fcf17ea4e5d72d5b733894a6b6441db6949b8713825a04807a83f8fb
files/res/Object/Hsehi2.arc,8834,e503ab94969ba4e61d027c260ab6a0a3241e58ab86d6c17206dd55968b50c9cb
files/res/Object/Hseki.arc,55691,fd18cbcd570426eca307373f0e7c66c8d12ff487ef8e0f1b147888014962f9ab
files/res/Object/Hsen1.arc,32175,aa31a54132d4cb81195d7da185c584c6c0ce3cc16440544335d00b33a3b0e05a
files/res/Object/Hsen3.arc,31948,eaf4154dc0ad23514fc66354baf2574295bb641be60155c412dfdd9ea5a70fce
files/res/Object/Hten1.arc,17936,eff52ffabc07e6b0b20f6cee8a6b50cf227f515cc30efb24e7f9da65f29533b7
files/res/Object/Htetu1.arc,17824,3061a48be7ac48bb48876411b312f77f03e479cbd25a11423a0201242fbd8da7
files/res/Object/Htobi1.arc,46045,b05a32a0be15c4ff5c1abeaf44d3d14995297ef9ef1fde8790e448621a2da665
files/res/Object/Htobi2.arc,10604,e08cf738037d17b3f1a9a90662c98cf101cec19ed32a3075e0f409dc4bb76f94
files/res/Object/Htobi3.arc,43415,200f55513923802ec2131fd6184d902a0a5caa305799b438acb3cc2a7c093a49
files/res/Object/Htoge1.arc,9618,8bc74e92074d84456703d95f841b2e9819093c66a6c0ead4142a6bfc56f279b4
files/res/Object/Htw1.arc,12094,fd82902adb409221be0ce6dd953e3d165f6d8803a569585fc89854fe2113f4aa
files/res/Object/Humi.arc,115559,900850e35b4648a08e80cc1ba6aa3a266cc757968a7819748ea4d59952a6dc3d
files/res/Object/Hys.arc,7509,4be051786f402ddd045bb8610ee2f8d16071f5c8447cdb85853245eed616b38b
files/res/Object/Hyuf1.arc,12996,d8dbff8e6eb0abfb8c3c2e567699f7bdc99225c42528684d5934a414b599e073
files/res/Object/Hyuf2.arc,26528,7beb8bea3710756fa9594cf60214b43fc7e3f6c14a17ed6b306a40929a8ed0b3
files/res/Object/IkadaH.arc,121612,f61266b9600b56afab1442831b0767bfbd0b432d4fa3a76a889613c5041e426e
files/res/Object/Ikari.arc,18437,b108cb0b8639f84f04fdd33fd46b10589ee77bbdbec79cece38f3d899390fb87
files/res/Object/Ikori.arc,10679,5356ae015632520e0af2600aa6ab15ee734d999ed873f5cf489263385bbca8b2
files/res/Object/Itact.arc,35712,23ed7b6160fd941455aeabb6927f67cc970ca1e50cc613025759740a9d2f3798
files/res/Object/Itnak.arc,93817,87dc99c8a6cbfabca1da1d1c8516f6f1439fa8e856e8d18e3c64ea21c9286f20
files/res/Object/Jb.arc,337696,076ac0b0da6beb93c52ee667466870f1eb382fffc09850a735c2a694eae7d089
files/res/Object/Jbo.arc,17128,3cd401bcc8bb571ddcdc3434c07d4e54fac73a049e40343b70ef5d587c6715a5
files/res/Object/Ji.arc,243136,ae28f647d7a7ee87f663689c94e70a52f03e0b06dfa9a9a4274b2c12bd5805ee
files/res/Object/Kaisen.arc,27813,f50eb3519c67985e76668a9c3980a17efadf60e136750b7b99cb94772717d9b0
files/res/Object/Kaisen_e.arc,26047,e7da657c34ce0eb2d3ed23ad000a4a7ce58260e5c69a5fe44c182a54667c19ee
files/res/Object/Kaizokusen.arc,153280,9b863a6bc7aadef96ecf11ebf1eeb3bf3534bfee9fd28f7bd088bb5d50da9576
files/res/Object/Kaji.arc,16672,c351e52b599d5fc10a037a6d2b31376418819858194fe88b48ed8a70a283f7b5
files/res/Object/Kamome.arc,25713,edde02f8baf48f0540083385489fc086497ca8713d636aa81d0dfd2f8336ca73
files/res/Object/Kanat.arc,39520,3581b2d0ddc7f02324535cda70ecfc5c069f1388c4402b5ddb0a221f69f3c9f2
files/res/Object/Kanban.arc,11446,fcc55db8e944b09439a3fe0b01a095f076ee3078fb0c5b052d26ec2c10a66ca4
files/res/Object/Kantera.arc,32608,37c9ed4cb39918f42e9759fdf6231d9622600e58fb6e3d45e5f7e6071355eb28
files/res/Object/Kb.arc,38662,40aba4533736973f9fa3292eca76ecc907b73897dc4d676db50c67924e7f4246
files/res/Object/Kbota_00.arc,6880,247257dd88219b27ee7f0f97ed166336c77cd8d089370b4956eb40bbad0f5fdb
files/res/Object/Key.arc,35104,570f3a13735889f55fca9231951cb554d2549d2bab3f79928eae1d50200d2a7e
files/res/Object/key_01.arc,13010,c7cf4f1b6d0926f755bf7c48d999ee1be06a40d67072ce8eaf067f376eb68124
files/res/Object/Kf.arc,50316,c671c76d7cfdd08e93db0366e1a472845fdb3f2ccf99920bba92d41e7b83b067
files/res/Object/Kg.arc,160832,e4dbd4a922210b1b3851197a06fcce0043c38fa81e9725584d4f02c44f0f304d
files/res/Object/Khasi_00.arc,5408,518f07d069c8cde929a9884077ea6b5a1356d057a710b6a933c78334025d754f
files/res/Object/Ki.arc,96192,8e19c7ff52d51aa26268e3bd4403f8b253679a5f5e0ea803b71da94c00c3d6aa
files/res/Object/Kiri.arc,133248,e876923b6548ba01e46f43511a456bbe0c74124317e8dfb557311bb42f2c507e
files/res/Object/kita.arc,14304,6a2939168b4004435f37b7bd3cc224b394b69b4c3d898ecd8e05b5f089578dc1
files/res/Object/Kk.arc,61707,b6b0356c0639038e8f4fc1b6a1e319f6273d6a2ee07a5c4dfd55c26cc4b99b64
files/res/Object/Kkiba_00.arc,8032,2501a9a7c3bb0a123db0f1c892e323de23e4863db78d3228e92bee5c8b499bc9
files/res/Object/Klft.arc,56672,a1c931e55d495d8c831415f3f13f69b98597b94e29a136437b94f64c7c458964
files/res/Object/Km.arc,90272,6b0b93a850779e319ee3585906fb42c39de8835cf9f37191acca159f584c823c
files/res/Object/Kmi00x.arc,7611,983d1b4ff33ba5a4ece8d6c64dde2b8acabd592eea9aea2082bf689c871068df
files/res/Object/Kmtub_00.arc,7744,ab70f4399ac53dfaf38e7a017b4e8575bf63ca865b64a4fa7195ec0d0cab7ef6
files/res/Object/Kn.arc,9689,2339e3b72acf010a89d6c0c9563d1867d1f6bf0c5799450f5f824d634369719a
files/res/Object/Knob.arc,89525,b6927022e12f421be215aa9fcd87943c5cfb92acf95ba4c631ee5c37ba2693dc
files/res/Object/Knsak_00.arc,46168,9e08f3afe4d0cd91f418a41205dc7e8f76a0127d4d3cd44d968e2b457537330b
files/res/Object/Ko.arc,53899,b4b80874f1f76b4ed8b3ff7a1b7241c9b22abd4a4d52c08fef3399669059240d
files/res/Object/Kokiie.arc,62176,22cd2a9c32368df033e6ddcb7005eed5d4d1980b7071b0de677d56030d385902
files/res/Object/Kp.arc,57668,5abafc91a0fd998e9c908c8679895dc10efb76f3a762b20f1f41b91a8aa22d52
files/res/Object/Krock_01.arc,7185,d8282af35996ddb33f5cd2da33c81634151ae36f0ec26edbe1bc3629643ccaee
files/res/Object/Kryu.arc,46240,9d3da0759d9a30e58c4a4f0b26dbdc3180871d9b3a0bb77996c1724d94910259
files/res/Object/Ks.arc,5390,465cce769526b836790b3e8112409fd15deb0ae2915e71167983759129a520b7
files/res/Object/Ksaku_00.arc,32899,b9f6504e29e91d903b083bfa3aa3ead267f8da47174b0406c360aadf8bc14f41
files/res/Object/KsakuCo.arc,881,34bae9bb56d9dba675336d0027b69bf00397c624e47845e99a4679049c7b37b1
files/res/Object/Kt.arc,141376,f112fcc4f6297892b341b7b1fee95ef309eb5a4d9ac982ee0c3c40627181cdfc
files/res/Object/Ktaru_00.arc,32992,8720e61f64a89274d9cc9788915c5d72b11a73463def0eb411b771feac88ec62
files/res/Object/Ktaru_01.arc,16192,4b6492bc7ba8a145e4a3cfa5eab2eb4105f593e77803027d40a6cca477d405e4
files/res/Object/Kui.arc,89792,677e7db6d5dba4493db89e06c2051154ec024a25e4c855c0b4835d53f2e1e5f1
files/res/Object/Kusa.arc,39232,b9d8a244e554995679fe88a09b6e51cd53e413cebda3bc8829a3dde71f151ada
files/res/Object/Kwood_00.arc,42144,1ea18c05c60bd6c2bf0e56cfc9a45a2f5b1fe14af043d609521253c1160080b1
files/res/Object/Kyjim.arc,14801,689ca313cca94be24adc71b7d63d400e2975310b443d5e6e2e54faae706c7382
files/res/Object/Lamp.arc,9888,4eb887b1b39884a16b89c390947464a85cbd6ed964d069b45c5bf760ca072ca4
files/res/Object/Link.arc,568694,eec58ba062a69f004a682db4ae5175d4f4cedf6802ffdfec15929e971d138ebe
files/res/Object/LkAnm.arc,1842464,863c1f719d2c9324f65db78bb44387c772dbbb806cffe27ba41b46dfb2ca7ff9
files/res/Object/LkD00.arc,1228256,63d29d05b589d6480b3b0328f20db73a75b1342350dd97cfc451fe60922d9cfa
files/res/Object/LkD01.arc,1149280,07c3f401370f7af32461704f9d69853008faba11729f1a0192679221b1145db0
files/res/Object/Logo.arc,23521,61dfbf00f6c636b6bfe8ff2e76f2705d4ebec62a1eaafc7cdb2a9516a7065485
files/res/Object/Ls.arc,95559,860b45cd338faf1fcfd2ec51840fd1f6d38fae7faa30d859f7eac07206aad45b
files/res/Object/Ls1.arc,48960,f219d7f3120e2d3ed8783a04d3db6d9a8327c68979d790352bdd7c2a888dbd27
files/res/Object/Ls2.arc,13952,4b35e5f0215e16979e8a4efff1309e686fbecadd0a19c01b1d6c98daa72c0c7f
files/res/Object/Ls3.arc,88032,550b5d8e0a441e8f0d1a47511a06dec84e5c2ed3c1acce78e4433acbfa7ac7ee
files/res/Object/ltubw.arc,20980,8f84db85fad3d69eb094a0127a4d351c57bc0e3adc9fd6b0b18891999de6152e
files/res/Object/Lwood.arc,5749,bf49754e6fbd0a55110e61a3f5edd0ce20fb94a8660910204a369804ab2de359
files/res/Object/M_door.arc,3104,19d8e50df04019252278643c59426bf7f6ea9625337b9b031dc543b43927e62b
files/res/Object/Magma.arc,17280,7f865a6a68e75a9e947f3ab3e3d612d459468053ba036d21ce3efb3929a19204
files/res/Object/Matif.arc,2034,27c7cc395ef14ea581abe71007896848e9f33f41c1ed99b4ec27f96274e33f63
files/res/Object/Mbdoor.arc,73134,c23f9096d0eab6b5446454cd9ab7b8400dfe7f63716cf5f6cff21344f7609e05
files/res/Object/Mcrtn.arc,8224,b0cfabfb2a9971e3d058cf1a5083d5a6f1ec5a8269c1a25cd50b4e81aeb44bc8
files/res/Object/Md.arc,205470,58e499b17195d9d74153711cd1238305b96adbd53cd72057ed61db1d8f30e153
files/res/Object/Md_ship.arc,94183,f9e0ab558cb00f9271aa072e35853d875385ae23ee3ad029a461c785f7628762
files/res/Object/Mdoor.arc,27872,d79517fe69fa5cd28fbb693ab39f9b790c924965f4dcf159565d38afa7b527c6
files/res/Object/Med_b.arc,11527,709ff31c6ebdee6856e71dc9e4d8102bf059b700cb399dcbaf3228db9735ba9e
files/res/Object/Med_g.arc,21600,4141a29eac4b18fc3d6d29d2d2d4d2079bde17ee4d6084fa8e4a619a23afc9bb
files/res/Object/Med_r.arc,11512,db20459092684f71b579961cd814dd774a43894172fbe7da42a23c7bdd225289
files/res/Object/Mflft.arc,47520,70b675633ca0ad94e23e1c351eff003df18c22e5377cf488c74da0e53b3a3c9c
files/res/Object/Mgst.arc,3271,9cb80e4eb14b98dd8c5c495e9b2803b300305a11527616a9bbb5a669e838997e
files/res/Object/Mgtem.arc,9776,71c24487e66602c7050e2c0991d1772e7ac2fc6b74acbd2d674aa64c477091eb
files/res/Object/MhmrSW.arc,17920,897696feab669c30d4e1cc9d00daf71be8be62ec20535e3a38a4202236c3398a
files/res/Object/Mhsg.arc,76480,e7e8f62b622300b461a2d0e8727ca2358669566ab2743c99c20e0992d23a70c8
files/res/Object/Mk.arc,55128,dd5db90afe4dc643b90e782feaeb6e4b7ae570d4ecc2e0e02ad3340dbd83c7ec
files/res/Object/Mkanoke.arc,43264,94b8c24ca19f7c0f9017b043881436519e1846ff9a87ddead383fbe9a2b7cbdb
files/res/Object/Mkdan.arc,6332,205db9df2b7dcc287728a20b6421e81c65dd95f04cadfffc9c0bd6bb2f0237a8
files/res/Object/MkieB.arc,66169,1280bf6ac8f718dd1fee21180eef7f03d3a378182b528efab87ba7ac755f38f7
files/res/Object/MkieK.arc,47424,1dc2e864f49e085a91f145b5389118eb42cf0a3ae353e3afbb780ef227baf99d
files/res/Object/MknjD.arc,383200,dcb7e9c65334c1ff58f3fa23cec3c76f087d66ecb6ab5c3156dd1172b343d03c
files/res/Object/Mmirror.arc,90852,90c76fe9c70321ad1a4f06dbaffab9b9319b40804ee5a72eef79010bb6d11c7b
files/res/Object/Mn.arc,62720,79c556d6b49855c324fd77878a35de6ea9024ad62f33863d9b8a2511ef1c9db2
files/res/Object/Mo2.arc,549344,db39b42c41848e703f8741c8a330dba6047916de10c68b09ca9e6dbac667624c
files/res/Object/Mo2_si.arc,1817408,7af09485f542ee176d092ffcfc3f57de086ba80b2f43ff1746a5b530d221282e
files/res/Object/Mozo.arc,22289,e2f38aa6ced2f3cbd41dbc4249e6e02d717711d8798b14f31ea90a193a45f102
files/res/Object/MpwrB.arc,17600,767d0699388c480fc03d295819d7b50cc92ab03a7cea4f221353daf94e9a2827
files/res/Object/Msdan.arc,13088,c6a75498babd3e970fcf855c3a5bad2b9b25cc6e8f22f135d5a37dfc4b01e243
files/res/Object/Mshokki.arc,15215,40e3076b37c2dd1a68aea8b822d2933a8a1d6f0f8fc64b3225a4594679c20dec
files/res/Object/Mspot.arc,54848,1ae4465247f49419f774e7f00560c24772c5ee170c16e078fbe5b812a09032f1
files/res/Object/Msw.arc,17920,99c9361a38b9f85c65c183a109fffdf13ba4e6500ae765d6709fb8ffbb686dd6
files/res/Object/Mt.arc,274240,2ea47348519cd59382d452752c01e8144f6f87acd117add5cbcf8fdba26f2fb2
files/res/Object/Mtest.arc,34624,4c3dcc7362ce9ceaa1576deeda9f61a0840d557901a18fefa69f3e7fa06c52b1
files/res/Object/Mtoge.arc,16416,611eda10f3b6b27911ceafbbc9f18128e4056ff4234afe661b6b586952e4c3ce
files/res/Object/MtoriSU.arc,23200,fa77c999104abb9a343ed0fe6c4425860609b9ecee176db11eb4edd529db0367
files/res/Object/MtryB.arc,32768,f00d9c9cc623aa1bf1502d94bc6c488d005e89340ff7fda481512f6d507a2d09
files/res/Object/Nata.arc,6464,c6be08dcdadb9c588b1f1ba6c023e87f0067cf81b80ae144af3eff79e68ba322
files/res/Object/NBOX.arc,864,edcc3b71b77fe582a0c3f9e23af71beab5b9344fbf1bd618855ed4d6f9b6ee03
files/res/Object/Niten.arc,48928,fd550163438146eef82920981c5d155339fd90caae57d149d86b670e9881ee83
files/res/Object/Npcnz.arc,28064,459402a4364e6ab584cd66430c8f5542ff3f6b967b2318323ce81ca497325609
files/res/Object/Nz.arc,52457,404ef407c96f7a8b69c4aa9953d4e684690c32c20d2fcb73d84f3a98dc97e403
files/res/Object/Nzg.arc,2610,7c72f00f43a23f206acd0a0a88d621fd28e8a1773a984d08c190890f7c689b10
files/res/Object/Ob.arc,44919,a739a472bcc38bbd1935debe215eeda0c271f03adaa4c30bfb9feda39b521792
files/res/Object/Odokuro.arc,8768,7d7373f91e21873c5b4d8a3c6b1fc47528dca8afb4352821b5f2892ece43fa73
files/res/Object/Ohatch.arc,10859,a65447374a79b5a1616505fe42902c193f3a4d1d0202f1449708f3a9eca0ba8b
files/res/Object/Ojtree.arc,14528,379fa610d243f67ef2c8af1b48b3f9634fef9c435dc953fdab03ca1cffaa0ece
files/res/Object/Okioke.arc,8832,33b3f5c9471a363c999aad98946eb3f029cf5fc2bc0b2a767e7400be42b10494
files/res/Object/Okmono.arc,27620,79b83ffbed0cdebff9becb2a593932e8d95be5f693cfd86d544605ed133f61e0
files/res/Object/Olift.arc,9179,02a6656771207f9c3111671791dd7a92c1a35f1a0a5c8aeb997afe0aaaced8e5
files/res/Object/Opaper.arc,1986,596b06111271102ddbf52b56117b215a9e94f50d02674073b3846254b1e1cfc2
files/res/Object/Open1.arc,1215936,1aca7f7af7c0ea65c194801e05addec3678140c3a4fdb170c05e641eb54f6a75
files/res/Object/Open2.arc,1116608,760eca9b33976fef6f17ff11c9162248a01b1819d8303dd5a01575295b245039
files/res/Object/Open3.arc,813504,b32042349fedea0910666a5e29f65fa26ae61b9139295f743bb1d548184c1124
files/res/Object/Opening.arc,1914739,dadc4025db73d7511f6412c6b0cef86d48ab8af23f337c76f41a730c74047755
files/res/Object/Oq.arc,59358,7f1873f289429ea7c3fc8ee12d0e1b2227f56af14aae589fff11811a2026402a
files/res/Object/Os.arc,47507,fe6a642eccf0fa4d835ba097838297f00082ba959d299a0db6a86a5f1181c15d
files/res/Object/Oship.arc,41558,31521c8cb1ef7ece00ffc799fa4dbf65ee46d0e2e9ace5be7205801c700510b8
files/res/Object/Osiblk.arc,40970,7a518b54fae80adcaa3854630330e8169e775b6a1abafc45050a36e408cffc2e
files/res/Object/Ospbox.arc,4349,b051e0cf28cdaaa047d46c78fbd5e5e5178afd623267022889c1ccd98c9a5028
files/res/Object/Otana.arc,7614,d1ad010ca78498e20829b7ba878d9909437e43a992e78eee0ca8ef50c6145add
files/res/Object/Owater.arc,430,dc2da9fa30343cf85a9d232568cf72edcecaf7d740f816402b35c3338bf1be1e
files/res/Object/Oyashi.arc,7602,6fb8b1c4280344ddfcd593af32ce135a1435bee06b9801c04973dd2164e87b79
files/res/Object/P1.arc,170162,5c651ae2288d18e10db0203bf4ef9017f95a3129c41265e71e3e9d75d601e5a2
files/res/Object/P2.arc,118745,afaea8bf75035bd0171926fa548264b81e7219e2a3a4758fef9c064c39aa7796
files/res/Object/Pbco.arc,15296,67ea548a3dcd76201527ff5a777cc98d2d42fe22304ee9ad08d2dcb240aa9905
files/res/Object/Pbka.arc,15616,aaede769a33ff094aac10036e848ed82d540291a8c92b18f24718ec3e5d12a15
files/res/Object/Pf.arc,102324,784fee3ef9e9d6a550084cd09b52fa7181072f96f26e24b6e364a670545733f5
files/res/Object/Pfall.arc,22904,ea6738a880176c2cf32fe2bdd9bf8705594d77d57b4e0c6068c4ae399bf0aa9b
files/res/Object/Pgsw.arc,12480,7403e7b3c8705de27843bcd11ec765aeaa12490bc7c4fc78388e6801b7d8a074
files/res/Object/Ph.arc,21890,527754a76a574e4df425a3d6fa02d3ec6afb20187af7292085678b35049fda0b
files/res/Object/Piwa.arc,15077,ded1445390fff7cb2934014c58f92535d1fbe16f23a77f9cab73a3eeecbbb647
files/res/Object/Plant.arc,29120,6b8dbab23834d61c2c1cc10d94801f72d6d3d4722380221ef7d6ee2d3067c8bc
files/res/Object/Pm.arc,84992,9c36e6fb5abc8f98e4b9926413b0112de7609760f3c5666144bb6cdc2f09cb7f
files/res/Object/PName.arc,4189,501f3a0db2281f07b292889d3f7692f7b3f41723b6a926b3d8acdb06bf3fbb7f
files/res/Object/Po.arc,108928,c9abb987e7272be498cbd3cf9b11fe8d8384d33e7f2c05d0372b12ed36f9bc96
files/res/Object/Ppos.arc,3444,c7b36bd018831d4210dc767f66c105a16b5b6d761bdba096f57e0c85d1c75e46
files/res/Object/Pspl.arc,9632,638043a63649523e2156cc8c8624295a14f2cd784e9dfb4cfcd8d9e915076111
files/res/Object/Pt.arc,60224,ab0ce74b6538d2e5edf7e7b51de57ba7e87c015164799fa42ed04953a36d12d0
files/res/Object/Ptc.arc,27648,9d56977456a12fcdeaa5551ae0794bf878ccc397ebd7fcbd129a1c86b7562ac2
files/res/Object/Ptubo.arc,7134,08a370f1180565e4f99f5b70e14cadccfb430cbb837778cafa8fd032812ed647
files/res/Object/Pw.arc,54822,4063b3f2e88e9a8df992f8f7b6d255e31bd32597a293e0b571a945c7b08d8374
files/res/Object/Pz.arc,142874,419fc1e11542a0dbfd971fa3eb661d18a822567039ebd218225c1e812834282f
files/res/Object/Qdghd.arc,78144,8e0512fe12c54ed0a976bf51dd6db1ba23b057d2ba5fd05e434186c069144199
files/res/Object/Qtkhd.arc,45961,3f8e510fcca8d1f0862560fbf9a419d8ee2372c3466e933e7655ba7b53940ad2
files/res/Object/Rd.arc,53364,48cd1bcf55cfad810927218471d35176964d4eb9f25f93e4a17efb6a798b6a5a
files/res/Object/Rflw.arc,28224,389a6d5b66c46ef5dbfbdfa2a5fd7da254542adf5f1c394306033ecefbbe33c6
files/res/Object/Ro.arc,133792,f94a89b9131cc2fd0b3d3b489cbf11829d018a46bc0a6e01e553344df732fe66
files/res/Object/Roten.arc,92589,7035b983d630c9aecfe940d84a4eb82310dc4c91ce019df9ed2bdfb8957540e2
files/res/Object/Rs2.arc,125408,aa6bd7c7e234149648f03665b76d96244f74e1e9b6375dc3e4f914f8e3c6fe96
files/res/Object/Rsh.arc,90061,170cfafd3b66ede9ecc8815c38bf2f6e1ebf699e42090baf8507e683dcb3203d
files/res/Object/S_MSPDo.arc,22607,7f8b10b52658232c45c9ca70c3d310013167680eddf037caf0879a4b00f54d0e
files/res/Object/Sa.arc,167968,39817f4ec08f5d750764a27a70ebc68f23340b24b1ab765027b46b5d9cdafc73
files/res/Object/Salvage.arc,42880,6a7578c2c5e9ea9176c0cf0d45e43b68b2bbaf63b5e9ef69f1f3dd50b7c1d560
files/res/Object/Sarace.arc,49088,4a4b31dda0f6e17f699cd94f090371e928a8bae9c69b3888cc04a49e18dc12fc
files/res/Object/Search.arc,47152,38f11cc345a3f19d748935c0862d15c15c1faa38958e0bc1af01f32cf75b3f0c
files/res/Object/Sh.arc,26223,1213c3f8a456a227d6e08f30b69a578ec4d8e61948c616dd1bc2c5aba1da8969
files/res/Object/Shand.arc,640,a964f449cec20f2fecfc8479f8191e5114dccf99375b8caba53b1f274e50304e
files/res/Object/Shinju_d.arc,9587,54b7510847a0dae31dafe3d31a9a94c246907a25537dd28c77b1ae33e963c4bd
files/res/Object/Shinju_f.arc,9555,ad706700c7c600f58cd1d88ad2a136b8fe0db4bf4e2f877bb139a4580f28082f
files/res/Object/Shinju_n.arc,9827,0a8dbcb3710e0b3b7961f1778a018d99b92143e0dbef485645d87017f495b283
files/res/Object/Ship.arc,75815,a56a7cf0fa01a4b5159f22f2cf0f296f1cc32b08ab2e2a2553a14b7a8ffb41d2
files/res/Object/Shmrgrd.arc,17952,9d7695a4c667a46ae8e5e588dc469e3724159308b04950e985355992caae8879
files/res/Object/Sitem.arc,21895,a4dcf17befafa4c7b8b968470e7b073221f0193ee8afe5cffdded40816cd3c62
files/res/Object/Sk.arc,10034,3ed10590c05b957ff44571ef1cc9de3f9bd121533cbcc4faa769db05683338fd
files/res/Object/Sk2.arc,20358,dc69933aa0833dc0f4091fdaed4ff15afe8518d4d6039a78cfd7c8fb502ebc5a
files/res/Object/Skanran.arc,89298,3f9759b9a5d46329c7dc0f5de2ddb771faf6a0bf147240e8ad24e3bcf44944a4
files/res/Object/So.arc,26795,acbe58b64e27c9caa47431e7287670c6394a88f395dccbf706ed37bdb6396134
files/res/Object/Spear.arc,5610,55b5d8732ac285ceb044d784b328cecdd67781d44d2ff811b496c55dce83bac7
files/res/Object/Ss.arc,36000,96e73c3f813c02060f56d6850adc21a013f9b8f1d4d2d4bf90bed9aca4e8b841
files/res/Object/Ssk.arc,37562,4d371c73071e91eb7720b589e6ba385079e7cd8c2f96b014e69e66edbe51c8d8
files/res/Object/Sss.arc,41248,b95ac2a58ac0ce53fd6af7ff471e45f2eca0c2adaf91f3bc515e6794400a82d3
files/res/Object/St.arc,308704,bec333fd4ab4a1df976695e78a8838df8e67a7b4fe8bb2bf0c07360db3216b59
files/res/Object/StpTetu.arc,4719,20f35390dabba8a2903c371a9f134fa632018cec8e92afb68260bf475a5c169c
files/res/Object/Sv.arc,65344,1725b9d89742aaa7398d527a0ad7619a1967ae7debeed9c8d08a0c10eb7cd386
files/res/Object/Swtdoor.arc,11904,6b01fb17287cd17249aca0d1f57ebf9a6490b0e9d4f88deaaf1fa4238a7d20c1
files/res/Object/Syan.arc,23712,45d618bb21623c689beda61805bd749eff45dc70ecb45e8928989c19dd7f0fde
files/res/Object/System.arc,34176,0f4a06d65a5f162ee8744b6aae6c2c65b6861f2e9aaeaee89a8ec33aff57c739
files/res/Object/T_Tree.arc,1449152,093e4ced9bdb198802d058502a18816ed9800fd453d258b80b3386d2dd6bdbb9
files/res/Object/Table.arc,45280,5e2dfe68d1b37b674d36cdacc79c95adcf3f4482767349924d06a0144f7965fb
files/res/Object/Tc.arc,185428,5fc8fab1e8b774879209b16c1e0879b63dba3f7101ab5e45a2a15478a31e0633
files/res/Object/tele_00.arc,12997,7da96f561e77eab4ca232e02198ca7ddc35792b05c54b7506503c8d54a6d7663
files/res/Object/Tenmado.arc,8640,2c4c1ee63f65c1d5d304a620667b7610f0c8ca2cd8dd8efcb89eb787599d41cb
files/res/Object/Tgflag.arc,12768,2fd89a86419d9fb55a26488edea670d65c5090805bf6ac08913ae1422ba1b2ea
files/res/Object/Timer.arc,990,30ccdc63971b34ff78ab26134f491dbd2b2fd34ba75f2771e5c95f26f0e5eda8
files/res/Object/Title.arc,1122336,5c2b6c33d8e833f03fc47df13c10ff092ccd82b1fb8e23f37eb48a2e1092c330
files/res/Object/Tkwn.arc,3862,7cd2cdb59921a1550bb751283435ed1c8ce31ec144ce9b00a05e2268465d44db
files/res/Object/Tlogo.arc,330592,205c953600b8c014245bdfbd6a3cb2d5b3fe13c95c92ea4ba0dfd22ea1879187
files/res/Object/TlogoE.arc,382080,670afbca6a67a2cffa3a4787262ef170b3dba3b06cae5da19505775a087832dd
files/res/Object/Tn.arc,460352,b5cdd175f9af2e8db339bd62bc612a332abba5b58b8c321a813fc2e722da42b5
files/res/Object/TnTrap.arc,413,d5bb10a2ebe29cc1db22fb95db6ac7d04dc70dba29386108c52ff39a232338e9
files/res/Object/Toripost.arc,9852,49bfcf9b6aeeeaf89c4b496127f9f1cfd08ed94a995b79e7482bf7f35473c3f3
files/res/Object/Touseki.arc,16896,cb68e9f3ee2be0f42785ad0c260bd6ab80281cbf1a1a6cab4c515785a598e769
files/res/Object/Trap.arc,54496,30e55fbb7f7a6eafd912c64621671e838d3c25b9ad72e5ebf51c9a840970d274
files/res/Object/Trflag.arc,5949,3a35a743d1d4761ff815c900fcc027da3dde45707e0c2efafc570bd37d7fe2b2
files/res/Object/Trnd.arc,29800,957fefb18a533983b4fa7cb2671e5577f9976e475d45d1a20d6e296b71729ff4
files/res/Object/Tt.arc,70417,e193957bf32ea21af38525ed5ae5d598e706e3572be53371fd23010148f0c08f
files/res/Object/Ub.arc,109056,1af2a130ee8a3fcd6dd076e917ed493b3e4507295c3acb00991d0a16d973923d
files/res/Object/Ug.arc,62336,6784892222127d298cbf1abed510b936d94b3e4de6adbc5c69025671a2fdcaa2
files/res/Object/Uk.arc,108352,7d88706906eaa95a297f7c0a0f2710ebae19de20e3746751fb42569273959201
files/res/Object/Um.arc,113536,d0792db9183ceb834987980b0be951e83c1b1f152f0f08a93736e31134d59c48
files/res/Object/Uo.arc,112224,8145820b782e61378a117a4cd3ef01ec32f92b0989ce2d681efa2aa00dc25d11
files/res/Object/Usovmc.arc,9920,2c8b61efea18bdd14c7fd772a13a2ff8b31999b91167d5008aa18ccf0e57c01d
files/res/Object/Uw.arc,82784,a65ba30ee71e2f158d602ce5d57916d543af28a1b344ad8af3f0527a5921c0a4
files/res/Object/Vamuk.arc,13524,e407042c606c978b59733f2844b3d1f4dcc9efcb0c03abdf0fc47ad476f23bd0
files/res/Object/VamuY.arc,13527,8a2bf1d4ca4df06707991d17f52cac1ed72afc4538a3ef7e7827b8bfa1d9d68d
files/res/Object/Varfi.arc,14549,159259eaf66f78e62c1a631fbccf96fa1715c1fa8b17e62a45484a2583687cdb
files/res/Object/Varrl.arc,4956,d6a5944cd3a86d475b0a18fd0df79537242cf28ef44d8c19044dab9384da2b07
files/res/Object/VbagE.arc,12545,d9b8e83c581a045ef3ad512b9cbbbe5fdf81a7c6bbe8da0c5f51cd4fed452a18
files/res/Object/VbagF.arc,15164,ccbf87dc4e11406b7cbce3060893fdf9f4d53ac16d6cf9e7eaae45540cca897e
files/res/Object/VbagH.arc,13084,df67d56227a9e12dfb43dda3dcabb431cc50156f25c202aaab732bb564d51355
files/res/Object/VbakH.arc,20192,673b22ce84968726bf563a51938ea6f39d300e98933ea5eebd36c471b26e9f9e
files/res/Object/Vbelt.arc,15537,888f1cfaedbbf976071871a1735e7cdf90da4a045f1e3732f416978c88eb22dd
files/res/Object/Vbeso.arc,11848,2a3d2a68293ae8b1f4eb8d51abd0a399434c506d7f81d1d3bf875e2ca400be3d
files/res/Object/VbinH.arc,11636,fab42e18ffea19fcc8c50c325e05ff8c6cbd1ce942907f0133eb54e3b531c46e
files/res/Object/VbinS.arc,12288,d69cd01d948a389a28b0238127f9a9a5321c45188d0d4ebe10a0f47f33c19556
files/res/Object/VbinW.arc,11518,6450685e7fd7228b29059a384a14599c36667202bad53f25a3af559e334d33f6
files/res/Object/VBinY.arc,17112,ea02212b2317104a0b7dbba63a4f32a1a092c597e764fb70fe521e3185ec018c
files/res/Object/Vboko.arc,9456,2896006e1c3507f5b126b807039921a7b263ac80db2d3cdd1ecbacce5199b927
files/res/Object/VbomL.arc,11771,b11b04049834b65b344a5320bfeca3d7270ebb8c2c13af4deebda77b51202a9d
files/res/Object/VbomM.arc,11857,ed796ed2c469ede39f0249ec020b091d226118a02534e66aafab3d4cebe403d6
files/res/Object/Vboot.arc,19996,5e86165fe8321003a85d854cf604c6d6d83ead510eb9049bed2618f415438900
files/res/Object/Vbow.arc,25696,80bb7da45b30101b77163508c8e5baf4676f4bbc052a6f00e05fb77fe495d5e1
files/res/Object/VboxA.arc,15576,f654d013761282d9ec2e25cf2ab412ccba9f88cdc3b1cba1137341f9e54acdb1
files/res/Object/VboxN.arc,12505,0601326984979284329413b63299821e7605b6a8dda9172cfa6717a3879f8fe7
files/res/Object/Vchin.arc,11825,62ad33a40233acf09b125c2702081368eaf238344263a572882986cfde234c34
files/res/Object/Vchuj.arc,5947,5f84da532407aac0af134a6a4b8365449209aa7b7135726c6dcdf21e5db38167
files/res/Object/Vdoku.arc,13573,de34de64befcb427fa700008af7c9cf00fdbd9091e590c055140c04314834a47
files/res/Object/Vdora.arc,40192,d9c0fbab6360ec6d12f4ba079ae4b54dd9b7a478f4b9d1eab120f2303e32dc4f
files/res/Object/Vds.arc,78605,9589c50cbdbe9a320bf19ee0ddc8cca28bbbb831dec64f9cda254df61a94aff8
files/res/Object/VdunC.arc,17571,c2ec2dc684c1fd683f21f2affd3ce37dc0b2a31774a95744c9619773cef9ab0c
files/res/Object/VdunM.arc,17189,f391b7dd6d58ec1b2d6d3239745f420a905eb31d7edef8178638ebc48c275543
files/res/Object/Vesa.arc,13871,9a0a71dec790801130e66d523c8a0d5d442ed9ec06cce44f8953f95f66fddfbf
files/res/Object/Vfan.arc,20192,0a6e364f393d6874dabcd3240127c8ddb0d8c1d6e95b46bb618dc24c9c18d87a
files/res/Object/Vfuku.arc,15316,3c055bca861186415e36ad5e6c9cad3eb19f320e78dc3043d267f86e6af03df3
files/res/Object/VgnFD.arc,141536,960bd2192c8bf8f9f9ac4fbff7a981eca531cce5d858f234214272775e05371f
files/res/Object/Vhamm.arc,13479,7e0336a035ef7ff24023d9dc2152c03dc4f4bea2926a4e2c6384fd9c944884ba
files/res/Object/Vhane.arc,5929,984389bc2f19abce115e494e91e58040c64e574c9687e1f8c98fdde37d7d222f
files/res/Object/Vhapp.arc,12479,40a83a3186f1db5fa968410ff2ed54c084b42fe41c622cbb538dcef2ceee4667
files/res/Object/Vhkak.arc,9303,4a003838645dbfd50c1f99595d32abc140466f81d3ce47a88f9046fc8fab875d
files/res/Object/Vho.arc,8536,6745ba3f8391e92d6128fdb9b91d5fe871e75a39a3e0fe5c4b8aad1ee858fa8c
files/res/Object/Vhook.arc,12556,813056a6da1e193ce4eb8a9c2dd3f35eb07e7ffd79ed33d2241d8285d5675639
files/res/Object/Vhutu.arc,8439,ab2a245f9c98446a5abcf211c33d52bbf55b3d935e29388a80bfca021692556d
files/res/Object/Vhyoi.arc,15179,271649fd59df4745eab65c7e993cc5bd50133707b6b460146234c9e05cd1f64e
files/res/Object/VigaH.arc,4806,3f079aebc0d90a8b07186b3e6614ec468608b22e8070a1b927647a57e9544bbc
files/res/Object/VkeyN.arc,9167,92fd40bd9ca8d81790103806b3bf178968229891d656c40381eaf6f9f6998414
files/res/Object/Vleaf.arc,13010,ad58843c6dcf56e061cac2cd4a77ad1ec85d6ba56ef7fb2f102df1addbc49572
files/res/Object/VleMG.arc,7108,0c92caeb9414aafb71be05503b3b75d763579a8883773661eb7a4e46b852824d
files/res/Object/VleMO.arc,10350,dc926fb4f6c965480564212ad1d1408be6a1f3e673020d23fb38a73f1b1c68e9
files/res/Object/VleOF.arc,8543,5aa3292e08a09a4da3c23d03ca110a033d1c7740d39acc40b62fa1a6cbc6ee3c
files/res/Object/VleTT.arc,7255,059ebb3945619fe6f8f0d0590297c1d1ea23a2cad60b0cd43f12a6f0b3d1bc1c
files/res/Object/Vlupy.arc,3643,2c2ad212cb483cdd4ea2a0d5700b54061087c5624db2ce16cd3fda0fafbf5ef5
files/res/Object/VmagS.arc,6350,46e4093c7fba401ecd7e4e194a8ef8f784f7aa29ae0cd31804b9b72c68a2e0f6
files/res/Object/Vmant.arc,8652,3b7725febd1358b6e0bee33b850d546e6df91df04cdefd5c9d0ca995945bef80
files/res/Object/VmapC.arc,15191,0b929a141de3a43ab616cdaeb6a0e33ef13160c02bcd4fd6ae57ca53f5196763
files/res/Object/VmapG.arc,14991,4a38526b0a3693a24dbd6ef80fb7c8f5aedf759c8e97e1ee922b1ad85636c89d
files/res/Object/VmapH.arc,14274,bc339b32f746bb9d13b5db50d56747b0330776f8d379a90c52d11fcdc1d2f9c7
files/res/Object/VmapQ.arc,13780,682d0077388a3913f4c95d0d9c7183b0d0970317a9a029d8a01b99dda79c6998
files/res/Object/VmapR.arc,14274,b21952010d1e899f91d177d1b3807c853f482b860cb494c18679f14d86d2f0cd
files/res/Object/VmapT.arc,15819,707113469fe1f832ad278eb5665ea3600c9c021354ba1f6fe9848f4b0c610581
files/res/Object/Vmc.arc,44640,84f4fdf99ca9953c4f544ab9ed4aa8eab2793893d0f0a354476cb4033a3423c8
files/res/Object/Vmr.arc,22600,6e0209d765d7109d4b98a111dc57be21542cff79eb9cafaf12dc59cb309acb72
files/res/Object/VmsDZ.arc,12288,542c5032a7529deb0ed045b0b323a8474d0430fc9db1e24ad43dbfa960b3403f
files/res/Object/VmsMS.arc,35456,81a7c37ea864a1253ac6568ce0c4b77aecdec54fc259bc3aa78f75657a52668e
files/res/Object/Vobj00.arc,16602,2ebcf176374226bc75bbc376f478067d2c6aa2a4744b71213c5f97c3a7314b12
files/res/Object/Vobj01.arc,16097,422e991c23d1f234b7feb51a60898025fc07fff7dd6b58867bfeb6160175275b
files/res/Object/Vobj02.arc,18130,7c0ef3accf0c8b330c4a90138ebe1b468e9cd3e890fdf4b1e64f8e5034c26667
files/res/Object/Vobj03.arc,27808,5d1a4f654c809275800f7aa6608e1f839ff9e863ccafad0a12437a110f5f90dc
files/res/Object/Vobj04.arc,29376,0c8f252f22ac446e83b2d4664cd87a797b53677e56bd36350ee2cda16c6c95d2
files/res/Object/Vobj05.arc,31072,6d12ded15fa596954748f416491fdc48582ab3172a141c480a5db4b33fcd97ed
files/res/Object/Vobj06.arc,15544,5c5d6d4c8722968ac10acca39894f450192f6315e98222c7f098f7fe0db61f4a
files/res/Object/Vobj07.arc,31712,5bdefd503367e94a684aa38847a416f6e90216f43eb35218f2ef8d58bcd9343a
files/res/Object/Vobj08.arc,17179,ed8e831c4695d17bf6c121f8e5d934cb964dd9a1ebf93c72f2698c4239a82a47
files/res/Object/Vobj09.arc,15831,6813e45375c9550080385f3f4e82413ec8646898cec70fbff571a9721b53f94d
files/res/Object/Vobj10.arc,13454,4e7809fa4981dbde2ea288280015335cd03b3976162ab0921e1ad9f775bc960e
files/res/Object/Vobj11.arc,20448,7593cf9462a3f0c5a3493ee274331617b3c954d7c02d2f507135241b548ad90c
files/res/Object/Vochi.arc,6375,650e2679227d1349122f38c3e4ed7117a90f3c2d56e986ec73b21011be209e55
files/res/Object/Vohom.arc,8914,266d37f1adc49a23736d0b71e589f78e70ca3fe9659959d25cb57e6c50c738b9
files/res/Object/Vpbot_00.arc,16025,ce31f7f12944c75f8714d97e0632b62a75d484eed1917715d3ddf616446d59d7
files/res/Object/Vpowr.arc,9698,cee6187f3ea1f0979c40722a87249fe393b0d348a86013320a31fe7eb8d93d72
files/res/Object/Vrope.arc,14085,05c75cec2d7f272e19aa6d14cac021bf40439711943b449da1c24262784cf5e8
files/res/Object/VsaiL.arc,13394,4eaf65c3bda50435429caa7c2acbc69fa3abd8174e9c6bd2ee235496ff046214
files/res/Object/VsaiM.arc,13306,7697d75fac3d567e501664e449fd7e7113cfd39a3a71d724d73bc2bff4a03a30
files/res/Object/VshiM.arc,12724,cd264ae675e1d383236f829a9b9a3cdfaf9ccf2d375d70619d4d3ad386563234
files/res/Object/VshiN.arc,16420,3cd4cdc8bd361ba119d5016526f186629a74ce1d2c828e657a395992a4e8341a
files/res/Object/Vsvfg.arc,1129,2ed5115c1feaf021ed6c96eb5ef0207dcf3e72f00e83210cab425cd117c5159e
files/res/Object/VswoN.arc,12326,0947a7a0fe44b5ba10d7d1b47d3d3694f664541b14c491101c8daca93b5dcf35
files/res/Object/Vtact.arc,10865,4862fa34fdd2489ac586956b33717566c88c80fb38222f96c1594a0a5d6a47dc
files/res/Object/Vteng.arc,78366,ae66ef56ec739e0522f115f1c3089f90282d2a72c3413c45eb1bc90a0df66de3
files/res/Object/Vtil.arc,153760,82e3e3b4a4d1a4e5d4f0d4e3a3e85d11cf8d8d677385546f4285b7a140423bd2
files/res/Object/Vtin1.arc,21707,b7ba1c665f18129515eee01fdd6e092cfd7412467f72ff3313b71ea57373cec1
files/res/Object/Vtin2.arc,22160,a5e3407d0d88d3ba9f17a102f2dd843669a69356c2d70b92f76892e42c2ddb01
files/res/Object/Vtin3.arc,21797,1c31a74b8e836735cc0ceef9962dc7cdb255cc6d1d821991ec8ef99a8ea69a78
files/res/Object/Vtin4.arc,22035,38eeea51da59910c325284947e4ca8933f2073a148b69bba6c8a952daec3d77e
files/res/Object/Vtin5.arc,21118,517485753075f08a43871b6d368df2396eadec17b036f2c245f8c6aebe262427
files/res/Object/Vtri1.arc,5935,b592b4f04da395c8e8740d0304ee040d6d9c483d34d1e20569f8563cf6a22648
files/res/Object/Vtri2.arc,5744,3411ebcfb342a11fe5cf6fe70c83d1bbc792de1c4e0162e29a8293ba0b67503d
files/res/Object/Vtri3.arc,7090,6200503bcf335dc8e60a49962e7f442f18c0e202c7f2d918fb4261c7eb47bfc5
files/res/Object/Vtri4.arc,6995,0c0cbb6ce16a5d7b46886a8b51ae9d3e905e68636b3121e2be832a79c0cffe83
files/res/Object/Vtri5.arc,7372,3b29bc22ee265f7b9b5a08dcd924ad3f714b6d53cbe131a147459ed0b6e4f64b
files/res/Object/Vtri6.arc,8935,97a43dcd8dd72bd9ecca667f38853258539f4f3ae87e5e4879cb5cd4241c5868
files/res/Object/Vtri7.arc,5713,2f5a480c06ca6126b3b1e0029627fcbb1884d7d8da8bc9af04d34a5fe61f6167
files/res/Object/Vtri8.arc,5254,f3419c63bee769f6753d2d66934dfb67e478af87604e5ddc2ec97952b6802799
files/res/Object/Vyasi.arc,10177,5c579b70ef3996416042d6e321ffd5c4ae49e55bea71050fb514aa5e33dcdb02
files/res/Object/VyatL.arc,11796,95bac37f54aa8f5348142fa8fe89975b1560fa76208ea0c2f8219e8e0d5b5acb
files/res/Object/VyatM.arc,10163,e173dcbd8593749b82e2046e14287e29557e7e751f185ae671ddc605ba878713
files/res/Object/VzouK.arc,77120,3f31008ce16225fe0cecc4ff83a513dcaf28f27d17ad05441c45e645a78a1a21
files/res/Object/WallBom.arc,4826,9b4200e44c70cf9b538c4795ffb0d6e76c82898241028766d1e0171c0d3c9251
files/res/Object/Wbird.arc,17248,e7119ec813c876a1df1e4eb8cd4bd99be1fd6baff0a5069bee35996c479af47d
files/res/Object/Wfall.arc,137056,7e195eef07e925b8e36005158a4b00cf539a8b3ea9b509af31cbf360ff647f65
files/res/Object/Wz.arc,141984,c033ae7eda1de363d816ab70a5696b20609c323c5c78773c810ff68abd98b683
files/res/Object/Wzb.arc,10465,e74ead9279d1eb00d5e0a0a7651006566a0ed6e02cbfa5de81c7015bec65905d
files/res/Object/X_futa.arc,9313,facd29140e22f20814498e4b34ea2483d51d2a8700d7861c84ce13b063dd7238
files/res/Object/X_tower.arc,368318,64e0f68b9deb4d762897d50dffa85e731d0c1b86610ce64fc1cabacd1e8ebc17
files/res/Object/Xhcf.arc,4576,3aa58a88b0b9f2c5c119d72ae008a930ba9d61c3ac5e205efaddc55d9102a235
files/res/Object/Yaflw00.arc,23264,9815aa97e17ae756171b74cb1d016c7d186e2c1637e9572b69476851ae2bd922
files/res/Object/YakeRom.arc,77160,54282e26711e9f3d248d80faf9f4069fe9b60abbf442eebcac78434da7e62875
files/res/Object/Ybgaf00.arc,23343,1f908ec04dcfa5da7964d418ce9f2b06f72333236ae07cf48a03801b468436bb
files/res/Object/Yboil.arc,9088,f1b41fca1ca4f5701e99a9cc13d767534af95e99efeb49da7d2209408cbe24fd
files/res/Object/Ycage.arc,28462,9f0fe2c571ab8c068146cd1e38a7a9c5ebb5147b0386b7b0cc2f349615d28cfd
files/res/Object/Yfire_00.arc,25877,eea1582178455f7d2819fd215421cd076446c6db234a50e1c53696b369bbc0f0
files/res/Object/Ygcwp.arc,20544,e68e05ccb24f6f3ad4204cb98fd91cf78c5e122d315713fcd53a5874075ae09c
files/res/Object/Ygush00.arc,26138,8e32de339edb5d9454bd67596151cbde44bf07fbc6a97dff8e1a4298b74931e0
files/res/Object/Ykzyg.arc,92384,f3fb187a1090f9891f27969ccc03e8c629d765f202f190de0f93c827041b8d33
files/res/Object/Ylesr00.arc,10941,18bb6163cb58f09a938ef0a2a8b274855ead6b1d44e4c448a4e44ba1d58372b8
files/res/Object/Yllic.arc,17087,123fe16228a102abdb532f329ad4b3914166c037fbdbf66497e5b46e12923be3
files/res/Object/Ylsic.arc,17072,f413f3065570702b3a85952b2764f79a6df67ef344ee717236a5447c66043439
files/res/Object/YLzou.arc,140371,2e18ce0daa384dcc5cce266f3e34057b034c16e48028f089c977a0e25c88fa45
files/res/Object/Ym.arc,57741,f918d0fe35864c7acdad2b12829c3eead28e39b049698f50443620b4d24c77d2
files/res/Object/Yougan.arc,4991,459d694e480faacb7356687969ea54e540b43ded1f0c5d231c532ab409f5386c
files/res/Object/Ysbwp00.arc,3080,702a414a24d566983ce3efd20851d93cab85bb19e55ad97a232488934f667d97
files/res/Object/Ysdls00.arc,3058,1498cb2f0bf0f70e60b5b359c94172cc07081675758f06c5daac5900381fc0be
files/res/Object/Yslvg00.arc,6908,962fc8cdccb833f044c75f2bf7bd694b06731ee1822cc76d1ecec6021b7abcb5
files/res/Object/Yswdr00.arc,11749,be9639bfb2768ae54e3e8f43df9d2592ee8b445108bc1942b21c137648af11dd
files/res/Object/Yw.arc,35865,f12d9c58f1d87a226e443aa2a0faeaef7a81c3d511257afe88d9f9dfa7123600
files/res/Object/Ywarp00.arc,1555,6486923147ddb3da7cd6a646d754d9d9818dd8aac9a2b22887fc6abb50b4e369
files/res/Object/Zk.arc,32692,f7bbd5dd30593661a5a859a89ceab65829f4e276267a411b4fdcacbf8dbfc865
files/res/Object/Zl.arc,186802,b319e7757d2482c77f77e5173128295c666fc67768e3fd35dd883c82a8fde074
files/res/Object/Zl2.arc,65107,0b9b65634b1a1e03be3c00d518bb6ed7fddef66954f0cd68bba14e34a48fca27
files/res/Particle/common.jpc,425280,cef30ea978ff9e93f30ee890f3ed9e08726d429afe901ce8ebd5b54c0db74d13
files/res/Particle/Pscene000.jpc,2880,317b28805f6b27834eddb57e09e582c82dff344d4d157b31502fe6f3e2fa4b69
files/res/Particle/Pscene001.jpc,168256,30f82c03f8581747ac39b7abb0fc8bbdc520c03416278a192dcbf1005150fcd5
files/res/Particle/Pscene004.jpc,19360,e6178912cf25032a57a564bccfabc368a3de6e98783fd4a1312b6e9063d722b6
files/res/Particle/Pscene005.jpc,38112,8a1a389499e1e3793f15168755d97d85e900996530a5fcbefce4c1e4e8f6a108
files/res/Particle/Pscene011.jpc,20288,6a5b9c45cd9bd07bb31ddb9b37e8ecb44a1fef7e0df201a6e1c6eb7eb6f98966
files/res/Particle/Pscene013.jpc,184576,4f26629f9a2ff98393886c967947c88ed51ed2bd58ba035b357363339f3e36ab
files/res/Particle/Pscene014.jpc,73056,85d719bb127a8c0d31e3d024c07369000c04563ed1bfdb5ec6557ac01b2fe14b
files/res/Particle/Pscene020.jpc,219040,69ea995ba537bc7d60436990b61589074735290e506ac1f4c469f1f0657aa941
files/res/Particle/Pscene021.jpc,138560,df2e89d365e0157ada3c1d96edc92a879bba941125007e795583286e0e80fdd2
files/res/Particle/Pscene022.jpc,69472,fd56eb0dbff1484e97eaac882b2983c36297d380b9b2061f332d793157fb6a42
files/res/Particle/Pscene023.jpc,181440,afd4bf707bf3e3c087fabc47424371c6272090d03a23164a160fa549a39f8e18
files/res/Particle/Pscene026.jpc,56864,8152deab050882dd5c90af50e54991fbaade65da6470ab004ee1d08d1683932f
files/res/Particle/Pscene030.jpc,124352,c1f8a063a6f0aae17317d14f1aa571979374c18fb9681685c5742bee203bda6e
files/res/Particle/Pscene035.jpc,111104,c7c464169993e61ec50fce5a78659162df374f467ec277dae154e4342fc69dae
files/res/Particle/Pscene036.jpc,8384,70bfc59fd6ef0e41f6d40265d22a4941cecdd80e1c1153f92a38e9d666a72a45
files/res/Particle/Pscene043.jpc,231072,2a8389d42aa6691a77d94df8faf5b6e3fc5847e05db03399b5f044303cd3c58a
files/res/Particle/Pscene044.jpc,104512,915fb436d3754759aa2a9c194f5a28d63640643c8c52cfbea8beacf8ebed1c7f
files/res/Particle/Pscene050.jpc,230528,763b7452aad1439d75a80c716a7931036998ac6752620a8e46c500d6bf0a21ee
files/res/Particle/Pscene051.jpc,157856,057171a1d9db67f98176c69ac2dfc9073314980297fe1160c828603ce1440d13
files/res/Particle/Pscene060.jpc,229760,d114a842d8e7074cdb55370298de0b76a9846ffd0df3b3072104097b89961ca5
files/res/Particle/Pscene061.jpc,165440,41bde2a989f1d25ca33f78a7faf8a1e475a735534c55755210a1b337045fe945
files/res/Particle/Pscene070.jpc,267840,ec12089270cf323a8adb4c2ddc495d43793ed08efbe7fdf678c567f63f0ac9c1
files/res/Particle/Pscene071.jpc,174688,4585b0f85bcbd7197123569bbb17100ba2f7d6698ecf3741fcae0b9e8ae79705
files/res/Particle/Pscene078.jpc,122048,8cb39657768842fc25f4b98454eed77d115ee6bb568d0fdadedb5aec67b9ef4d
files/res/Particle/Pscene080.jpc,202816,5c8aea6b1e4a351d5e8ab9ddbd2638345eb61fe8bdc9bd4dd1f02038b989988e
files/res/Particle/Pscene081.jpc,83552,bb67b5cc3fe43a8fba25801f7f724c8028c02fbe630b7312923b054968856194
files/res/Particle/Pscene082.jpc,173760,896106ae6ab6633e9001ec9ca25a9a73ad61227d7738bb75829447b0d2731a6f
files/res/Particle/Pscene083.jpc,132064,65d29644b03b094f3238a0f8ceaffd0eb2d2e1906210adcddc889a10a0d59980
files/res/Particle/Pscene084.jpc,255008,5be8a316562403286d27da8ab21fd794a3deb9322b5b81dbec8baabf8632a01a
files/res/Particle/Pscene085.jpc,151744,067c78ae2eaf842f3784b157eae8d9e34e7701d650519d0ec95cfc5728298765
files/res/Particle/Pscene086.jpc,115808,8d9ad094860f3538ac3979654f53382147c9d82e3e411fb08bf96b1bb1c64b66
files/res/Particle/Pscene090.jpc,83072,050a57c15fa36f32c24935cfbf14c03cc418f07310b451b9b8067e573daa5e6e
files/res/Particle/Pscene127.jpc,546976,16ec3a0797bc037fc440946e5f1bdfc24ccd974d39b19722bbe656003ef88554
files/res/Particle/Pscene150.jpc,225824,3fe70b375ef59b98dc26d929339724627b2f02444028760d7f991bc30b7f7428
files/res/Particle/Pscene199.jpc,212640,d79c09202642c2da628b98aa39d75443cfb36979dc4cc995e1d2c341e5cf9e48
files/res/Particle/Pscene200.jpc,207264,339166a4ffd6fb4e7d886dcdd4117462578f573ae41b9ef5c633644ff7b5a84f
files/res/Particle/Pscene201.jpc,132896,c5a20170c75085f26eadc8687ce5486280f972bedb4ac394072ccfaf36d6fca4
files/res/Particle/Pscene202.jpc,74016,2a3711f0e3a0d1a090cf4fd3150b03a83d07f79c90289983a2f21dbc7cea97bf
files/res/Particle/Pscene203.jpc,3904,e106696f364386bc92c3dccc65ce9e923bfaddaa1ffcff56ada34073d1d6f27a
files/res/Particle/Pscene204.jpc,79424,9be37ceecc07cfa786223a96819acfce9dbaed56c6bba0b752718855e13d6c8c
files/res/Particle/Pscene205.jpc,62624,e9ccda4cba484ec04a8d506f2540ebee25eb910c1db9f6d4f2b72d38bbc93801
files/res/Particle/Pscene206.jpc,141024,108ae082f7d6128826af668866d71f1daf617b65ab613f2fa36333083cc3688b
files/res/Particle/Pscene207.jpc,60864,a896fe0f7602210f259f93d3292ebc4c8f6a9e2baed35ba09d6652dfe7dd63b7
files/res/Particle/Pscene208.jpc,88896,375e1eb4f512a9508ce65c2871ce51e3a67f718367b39009b04d7cad361c76e1
files/res/Particle/Pscene209.jpc,112256,9e6dca1d66b3eed0e3b512d0f25e1ff18b3d8779f4a2b00eddbc9edd7f433307
files/res/Particle/Pscene210.jpc,136768,0a4942963f15b0956a3007a0da88ac01cd7f2a7d41117cb4f57414792bd49cb4
files/res/Particle/Pscene211.jpc,244192,a07d3a780211b497c07fbfb78e6a492cdcb58af1b641445f0c24087fe16bed5f
files/res/Particle/Pscene213.jpc,200480,716f6af9b754e1bea254d2c3daaf6a1cda7afcd2e007589e13078a797426f39f
files/res/Particle/Pscene217.jpc,7552,1194bbd50f5af737ef61608ea64a8c74080348a9e33216917fac58d5664c817c
files/res/Particle/Pscene218.jpc,74144,314db903dd3ca56bc941b523e5414a060b340b1a7f8fc1287d93d972cb9b8a12
files/res/Particle/Pscene219.jpc,185504,e5ec19d009a8246e4b23d2bd5be4b03b4472e71afbaaf2d4701cd223a3e6bee2
files/res/Particle/Pscene220.jpc,281536,2f0975a094d8bf603ea8b86933cdcc5d5e4fa7eee0fd2312d3542ea1cfc737e7
files/res/Particle/Pscene221.jpc,186144,625b693003934328444accfc5b98147104bcbfc4a3e7d96ce80d4973e3ba7243
files/res/Particle/Pscene222.jpc,182656,93e3da7d8c48dc34d81cea2e5751a95ce91f49d91be19ec6430baa02865e8de1
files/res/Particle/Pscene223.jpc,199744,746c67a0b12fb5cc9a31f1d8317a10a8477681f1f90dc8d1a48a04ac2180e7f3
files/res/Particle/Pscene224.jpc,182656,93e3da7d8c48dc34d81cea2e5751a95ce91f49d91be19ec6430baa02865e8de1
files/res/Particle/Pscene254.jpc,1065408,948442984a4959a7b91921533b0e2869be275d8e44feef2b9341ce3bd1491528
files/res/Photo/CHOUYOUSEI.DDS,7904,d9d08cfbd6aac41b41f281e8ed5101a50dee7158a40b5188e2bb4f2fd894907e
files/res/Photo/DAIYOUSEI.DDS,7904,29dea3ea4054053bd94755b1c5352db330bf7f5613c6f25e4238a7fb2b5cf163
files/res/Photo/GANONDROF.DDS,7904,867d9a52982be288d787f0ef77efbe04c36ff1ba3768a951294d1114d56b0419
files/res/Photo/JAV.DDS,7904,8a058a4ce150e6724f9045945169fe1ad9946eccbe9ebd321f97807659a868d2
files/res/Photo/KAZEKENJA.DDS,7904,5e433972b02cec95abf1081763ebab17d250a40890ab88741ec85b5be1c91f4c
files/res/Photo/KOKUOU.DDS,7904,d88d8dbb3c043162e231e2f122aa7399ce37a5ce0c531353234654b42f3012b8
files/res/Photo/TIKENJA.DDS,7904,87a8d01533220b0c7a1c6f175661c41545d68bfe2c4bdc73c91c8653cfa38821
files/res/placename/pn_02.bti,14432,73e139f6347570a69f4453f2cccad939b8281d26ebede8232900c41fecd27499
files/res/placename/pn_03.bti,14432,ce7c3dd6bc06bd650995695b90fcc083b8e833c4e22e054883aa5b1b6e7e92c6
files/res/placename/pn_04.bti,14432,a7abd55ccb029951fc81f797bddc75775fcfd2eec920ec92769a9445688cdf52
files/res/placename/pn_05.bti,14432,c7f7a8867db7e5c49b64769d527eb4741d238c9447f6a9c81af1ab0818d71c77
files/res/placename/pn_06.bti,14432,65f0bba7ae122dd094104c1118b6cb1dd9cbb95e6084742a551e1dc926307ede
files/res/placename/pn_07.bti,14432,33e4940a26f99881658ee5121b9a7a3fe0d6a744d824a011b18d5fa93debbc73
files/res/placename/pn_08.bti,14432,97f130e814f2446fe8efe0ab32d41046f2dc17c5a08b93c5c92660c8794c4909
files/res/placename/pn_09.bti,14432,4cfc8ac01fc2334618fb30b88938d0701089fdd6eeeb0d1d41bbac705872d97a
files/res/placename/pn_10.bti,14432,32bce5300483494ea5ce4abee8e562ad1319e71d2d69f618765e5d4cdeac7f29
files/res/placename/pn_11.bti,14432,2e18b0057b028ebf0eac84672bf873336e556b9687ba644db54593da6db68787
files/res/placename/pn_12.bti,14432,6dc17c10b9218d8e59360af01f06c2a0ab8792afd4215ddc4ba55810af1d702e
files/res/placename/pn_13.bti,14432,af3021ea03bedb924c04d695f6c606632d3e07afb1f16fc1b9a3e8635cba1770
files/res/placename/pn_14.bti,14432,fdbd43ff2e9c692b8e2e72f40d7a311d9bdacdede68b3d42637f98463cc899b7
files/res/placename/pn_15.bti,14432,bc00434eb6d931a8c14e71bb1be4787ad7f3367661d919d2f915a4c73488d0b2
files/res/placename/pn_16.bti,14432,6cf95f37b9701364149b6a5de0782072a6b6ed588435777842061f4574d39b03
files/res/placename/pn_17.bti,14432,e91335e78c6284b0425849541de114dc0b2d8be7c63aa44a3fe2b4390b5f7705
files/res/placename/pn_18.bti,14432,7726cf35311378cf2c6fbd21c7de662ab751a045bac8f16dcfd2d17f7beec902
files/res/placename/pn_19.bti,14432,022495c51de92abcba1e4720a609c6a9591d992874355b8fc888eafa20b0ee72
files/res/Stage/A_mori/Room0.arc,199840,7f9ef4d27b80e392f4b0469411921d261af66fd989897e388495143e3fe1571f
files/res/Stage/A_mori/Stage.arc,41935,a592e554c7bb5a8fe8e75be0b324a3c147cfcbf629076dbc0c50bc712118ed46
files/res/Stage/A_nami/Room0.arc,6966,c148f017f7c70ca54ea8267bb05eb4d1adcc77d44e74fae6c39f63707e6356a6
files/res/Stage/A_nami/Stage.arc,43730,72a510e841b4df413d764515df9f903b81e3108c05a25084975844c769372c8d
files/res/Stage/A_R00/Room0.arc,94491,43ffe2666cbbfd42805e57f5332cf1ecbd85e7c7d62a15e060667fa39417d8e6
files/res/Stage/A_R00/Stage.arc,17838,7b441e86ed67d461cc9137b5c10ed4722b664f4deaa0a5fd69b33fac70cf1e1d
files/res/Stage/A_umikz/Room0.arc,5376,abf35b094012374bac4e3f9013f90ac0dfc4fd6ffee2d486c1601680a2385f82
files/res/Stage/A_umikz/Stage.arc,39356,32c1b0b2ff9060956ae53553aa843a2d53d688eac7b3c3516e55efad57cfd780
files/res/Stage/Abesso/Room0.arc,370144,f17b331596b681ee716bc77c630b6b5469b2654e9c30f8ca66f9edec94b9ccca
files/res/Stage/Abesso/Stage.arc,21910,f896c44ca993b8c612e4d8f83f58ae2dc7adc18303ba3d2620e2a6d64c2bb6cf
files/res/Stage/Abship/Room0.arc,144256,ba76640449ee992820b3fb83c85e1b180000191974dfe59acd9e63f18aff1436
files/res/Stage/Abship/Room1.arc,144320,11c1bfcfb42f1783ab87e3e649ec67c43eddef84238414604b1b6de488633ef4
files/res/Stage/Abship/Room2.arc,144256,b15a940006037d716da0fac4e31ef65b47da030f7c4bb1f3f440772ca315bf22
files/res/Stage/Abship/Room3.arc,143712,ca6fcd530c4eb14672746b03058433fce51792e4e0b96131d0ae52dbea4b5c8f
files/res/Stage/Abship/Room4.arc,145056,3676316596b8535bfe0c40f2ef13a66f4aca4584b345262252f92da29324c4d5
files/res/Stage/Abship/Room5.arc,144032,20e3463f85427cd82702fd244aa09f4649d81f5ff560e9664c58c2dcf3cee3e2
files/res/Stage/Abship/Room6.arc,144736,c6f86d55662929f12274f3aee3b632e69ca772f180949cd369553605339704a4
files/res/Stage/Abship/Room7.arc,144672,3391fd3cdd606639c26d9db44a1d0c9b27c9c5c24c518d20fabf9dc2193802d7
files/res/Stage/Abship/Stage.arc,21993,a1542db8265bbd33f3854b34af4104ee041adee7088c3608d94fd9f9bd961669
files/res/Stage/Adanmae/Room0.arc,458496,444ad0f8d53d25bd233b7af56ff254ca3af8771ce4f9407219a45c747b7e18a0
files/res/Stage/Adanmae/Stage.arc,49613,5e209b06d4ba035025bb07950072c5cfe7489fe14cede3bb032cf555f9391a3b
files/res/Stage/ADMumi/Room0.arc,41536,d5c85cf39ff5ca7a10ea32f86033fd711b210eb61c01dc20d422967ed42cee8b
files/res/Stage/ADMumi/Stage.arc,41555,e6f68cb8eb5b9a37647f1c67b71fd2d698b9c751a925284551b587c3cff5e7bb
files/res/Stage/Amos_T/Room0.arc,160675,24b4788987bef4ba497ee30e74d4a29836243405b4731ee2c56d5a7b0cd7d73f
files/res/Stage/Amos_T/Stage.arc,34569,c03006bb254d7180b7da9f5cad9455155153b653416b1a2e9df14959cc350a76
files/res/Stage/Asoko/Room0.arc,489856,cc2fdd2c9f1ea9ee78fd87cd7c281dea9db3350bbfb49e4eaf7090c886c96de3
files/res/Stage/Asoko/Stage.arc,30121,8bdecfb7b4e5e5df83aaee6f8820b09cb5d678ba7c8ea377360486ee09afde3a
files/res/Stage/Atorizk/Room0.arc,504960,7c091792401241958b4229d90ec1080e6bbdca06147b0a2d39fae99ec582c955
files/res/Stage/Atorizk/Stage.arc,39693,e549f99803367ddd035423baa650d26a0e3dec455d324267b6f6550ddb32cb3c
files/res/Stage/Cave01/Room0.arc,114048,3b01dc970459bc65b48690781f1823509e2e8ab5115aaad9154fe6619a4e0ab3
files/res/Stage/Cave01/Room1.arc,205248,8a4a7a1b8cb26c4521440c45fb28af95bc8122efb39d7f0464ffe9b3dbf8af5f
files/res/Stage/Cave01/Stage.arc,89005,5a192e9c69924fc1fbf3c759b781ced6daf8e5ed4bdcd62bcc92c718519df181
files/res/Stage/Cave02/Room0.arc,264480,c5b6d6114ed9c9fdda4f8b621ea238a2daa112e56e474299948005d6bdc39695
files/res/Stage/Cave02/Stage.arc,20943,970bf7a184e917362f342891810551536d69cb6e94c41929c028c1fe9a21600b
files/res/Stage/Cave03/Room0.arc,467328,c7a061e194f8629ca4ad42e85390e74c224cae4dc1a023822b0199ca6518df59
files/res/Stage/Cave03/Stage.arc,20946,d43bbe8f6de67d4f616e9fd99707878ff492f6d431a804bb27347f47f324a5e2
files/res/Stage/Cave04/Room0.arc,161184,90d282d5c6bab1d491e335403bf5e69719398d5c204a6903fa55649a16e7ce08
files/res/Stage/Cave04/Stage.arc,20950,4fe6a85be266638cf92856d304717c2069e35bada0bd1d4cf5a323fb63014d20
files/res/Stage/Cave05/Room0.arc,115840,d0a73823e8dcb13db91c793acf33df425d75a863c64cec42063a353b580bca69
files/res/Stage/Cave05/Stage.arc,20923,dcddaa2cc67fe61df0ed42a9cfe17ff44048b10ef9438125ced8197ed3721a23
files/res/Stage/Cave06/Room0.arc,160032,cb7461db7fa2c931c7991d7f3588e587e589fda90226909c3f2fa0bcdb54a3ff
files/res/Stage/Cave06/Stage.arc,20929,94482e8ce3f275fa90fb4b6bd684dd87ca018ed42dae5eb82ab8e58b302acfba
files/res/Stage/Cave07/Room0.arc,263680,e66b88c4441888988e7135c29c04c15351003b3cbcddb4311cb9a58a081d9d29
files/res/Stage/Cave07/Stage.arc,20941,850c7910094b1258298492bb8e46ca15c7d7d37169a7ef178dafdfb207419d7e
files/res/Stage/Cave08/Room1.arc,278895,9c94adaa2d8c30e80904f724d1124a0d312c3b3b8e460f01fb2a641fddf73378
files/res/Stage/Cave08/Room2.arc,423250,cdfe87fa46951e18a53cd2c8954715cf7b0ad0cad9108b42f0d0bb51de6a3197
files/res/Stage/Cave08/Room3.arc,313277,8353d408c327a9c2277ca19a1c2fe7ddf233a3ee5afff6c3ce4128d233ba5e84
files/res/Stage/Cave08/Stage.arc,116570,0a3ecaa3ead7b47679be2012ee90db094be2cf4944f961eda0d1b2d65278dc35
files/res/Stage/Cave09/Room0.arc,90304,6174211b405c2991484cb50ef627399a8fef2c14e42c6d3e108e733fc914f005
files/res/Stage/Cave09/Room1.arc,90112,74dcdf952bc43b729dc86881fe234b5314dba0533a3153cdb3c18743888e203f
files/res/Stage/Cave09/Room10.arc,353824,30bb69136af3e475b41b05e060926116f256c3391792e07dfc0375b92241ba54
files/res/Stage/Cave09/Room11.arc,90048,9577d38fcd7403f8f6f5bafb6301f59ce7568caa1298ec33e5898e8ba489b79d
files/res/Stage/Cave09/Room12.arc,90208,7205d8e4573da7901ca48a3c25ac2233e9a6da8dc06e5a5a93f7b58c0cf4787d
files/res/Stage/Cave09/Room13.arc,90048,e0c47c4a99e30a125405013e7f6fb6f71fff557c3f98fd376e00fbaf083db508
files/res/Stage/Cave09/Room14.arc,89856,8fb950481ac76606c735046ba05389c07ebcf3fae410dc55f254714403b5b8aa
files/res/Stage/Cave09/Room15.arc,90080,eafe42a0c9804d5d11ef086914e34eee63605946f5522cf345654a9d617a6581
files/res/Stage/Cave09/Room16.arc,353760,d1af4f87e9b066bff7339a1f3a88c34f308400810fefb917acfd8a50a0bbc29c
files/res/Stage/Cave09/Room17.arc,353952,7c58798c5d642cfcccd9a56f056335ceb15e53c3dd07503491a35b95a1ef3a7d
files/res/Stage/Cave09/Room18.arc,354016,4b5985e189de909845cd1891a4ac36ea8f9dbff0d9e28378fc3c7b31f9b27231
files/res/Stage/Cave09/Room19.arc,353728,442cac097454ebdcd35c76c0e13d17005456a57316ca13ce95be2841ec59ce6e
files/res/Stage/Cave09/Room2.arc,89984,e0bd2078746ea75bc7bfeed51ef317dd3b5afe924dd90013657e0fbabc52271e
files/res/Stage/Cave09/Room20.arc,354240,96e0eaac32693e6c7aa77abb415f35ba53327742078265b48063c77034ab8525
files/res/Stage/Cave09/Room3.arc,89920,81472936cff160662ae5d2fda0fcb46c455b432c74c279e41b95cda57b466034
files/res/Stage/Cave09/Room4.arc,89984,45de2ab1f97a9c01a1d2fd67a1723c6e5b0a29fd907be427f5e2b05cff4aca48
files/res/Stage/Cave09/Room5.arc,90144,f5728ea0e6c0d1bc3a02fbb35950b56bfb90dd4aeb5843cbc8153206dd2bbfb3
files/res/Stage/Cave09/Room6.arc,354048,5a7c8be1a65dd76571bc8380f28656981db10fff9b6ff081b6d9645d9b9ff793
files/res/Stage/Cave09/Room7.arc,353792,93cb2baf9c8c0900fea6d47ab028ccbbf4f34f5a1b75adbe3b8470a66306d5ab
files/res/Stage/Cave09/Room8.arc,353792,9a0e0c1854760851df6ea86498787d9c7fc1ab08247e352b14517af358d7e41e
files/res/Stage/Cave09/Room9.arc,354048,18c9134ae7fc78107c4f078ea7f7d3caa392c0f028f95c451d1d024754bd9edd
files/res/Stage/Cave09/Stage.arc,89764,aaa5590365af09bed64378313564296f10543c8b9607867a8358084a18e57019
files/res/Stage/Cave10/Room0.arc,115488,5538f77ff7dba2b78479ea1a050f4cb79853d0e59c1a075ea6c87882fa676a73
files/res/Stage/Cave10/Room1.arc,115232,3ec76a11fa11974f642420e79890d45bfd55e43cd36fc137e59d412c4b072d95
files/res/Stage/Cave10/Room10.arc,353856,9d9f0c999cc1f688e457fd6859e743ad1e4c3898f0715ddf17f3027909c69908
files/res/Stage/Cave10/Room11.arc,115232,2555babbc63c334b4e03c618edc05555cc244c06d3377f4b5bfe444361cbbcda
files/res/Stage/Cave10/Room12.arc,115424,f61c87b9b499ee2c233b4cdb44cdc9b864e28208ce783dc9c6db5c8c4bf803fe
files/res/Stage/Cave10/Room13.arc,115200,116acfbac4ce3359ed83eb4e7a849afc15c4fd95dd9db1609c3f2c0607da8ae2
files/res/Stage/Cave10/Room14.arc,115104,d9f53d55aab5ed4113ab7f452661ed3f26857c70e6fbe8c4d302a95b3ed77261
files/res/Stage/Cave10/Room15.arc,115296,94b8d9f3d4b7d5744e4dbc68d1f56ae238fde8fd7a72e6cf9b97420e368601f3
files/res/Stage/Cave10/Room16.arc,353952,668cd43351424b8155cd7a609d9c76925e850ed0b502196579c67408354d75ef
files/res/Stage/Cave10/Room17.arc,354272,78cb409f2df3ac84e2ca7a7dff85114a2c639c07b7719b6a8ee9201ae5c51c3a
files/res/Stage/Cave10/Room18.arc,354208,11edeb92129ac23ecedb1d5856d96e12a0c6aa1516a0a6188801c20cd6720649
files/res/Stage/Cave10/Room19.arc,353984,da35342377a808af8725b1a5d8fa3fc84bd20951aa9b927d2e1968f1933d6f7d
files/res/Stage/Cave10/Room2.arc,115168,9909890f11d13e8632b40c3b2c939016c2090d372f8ddead944482d98df2bab2
files/res/Stage/Cave10/Room20.arc,353760,7f5a0706b4e5ef17e6a4691c93aa43625d05927e2b28835143a88c231ee29e03
files/res/Stage/Cave10/Room3.arc,115200,a7e0e823e94308c2658563741d67fa20ed8f8fc46d67677c8ac9df46e4b26b1c
files/res/Stage/Cave10/Room4.arc,115232,117c3851446b10996596c6f1b3f6c14bb7b75f3a0ac34d75f6f3f5a57d980283
files/res/Stage/Cave10/Room5.arc,115200,1f4893bc4c81c73074b7b43496f79d14476c9eaf79df3b429476c497f21062c4
files/res/Stage/Cave10/Room6.arc,354432,5c6567f32d004c51dd224486f15c6c2fc5aa4a9e996bb6ebde59cd5f7286823a
files/res/Stage/Cave10/Room7.arc,354752,fd3e319a443c3b35aece1c77eb918e2cc851cb75dc9158de86b474d2c43da2fb
files/res/Stage/Cave10/Room8.arc,354176,0779bdaab04eba795d94f02cc90e7220e9c233158bfb84f1b8a37e66acc9e57e
files/res/Stage/Cave10/Room9.arc,354368,49f8a4f96e0ab1af2039591fa0fb265cfb0a735736120d1521f418f71143203e
files/res/Stage/Cave10/Stage.arc,89322,853f09cfd0eacd4d94f115d264d172e7159a0da9cb370fee84d2570a88e06a16
files/res/Stage/Cave11/Room0.arc,115488,5281a906ed33e023f70aa16ffa82ce082e9f7d6fb705c28c243bc87c2e3f5384
files/res/Stage/Cave11/Room1.arc,115264,438824eb3e472d88f7c60bdfe2d9cc1c53241cbd3aec39bfa50ca0cc1adba288
files/res/Stage/Cave11/Room10.arc,320544,3881c63cca05ca3fd1f428da2ad297c2aa487b13d444d4ee8237528696cf1a0d
files/res/Stage/Cave11/Room11.arc,115232,d6363bb2c96df54e2c3a792e72391587747541b48f5930709a98b2fe2516a85b
files/res/Stage/Cave11/Room12.arc,115264,e6f6e97d9fb6d0c04bc14c4dd5d10a47829ee408d2bd5a28cce3042979d4e152
files/res/Stage/Cave11/Room13.arc,115520,29de7b3af0832816d4ea9b9170233b9c0ef2f6ead964095aa43071656f0182e6
files/res/Stage/Cave11/Room14.arc,115264,e239ff11a6f7fd8ea74f54897e3f3235754d4f350c6887e48a668f7c6d6bc7cd
files/res/Stage/Cave11/Room15.arc,115296,2f757ad0a27de02d93e47662b0df631ef5d524d23ca0c05732b7007b9d32bed3
files/res/Stage/Cave11/Room16.arc,134385,725145b839fda3d0a5bdea8e4694ea647af3e5250713c02d040c92c601a77be4
files/res/Stage/Cave11/Room17.arc,134356,d207f49db8f0d2ece46104a15ea83a58437ed4684f5c4197e0a49fe42c345d0c
files/res/Stage/Cave11/Room18.arc,134329,22d885c7686af613a00ad10127cb08ea6ef1aa8690a9c6920e18f1617a259e96
files/res/Stage/Cave11/Room19.arc,134333,98ca8be150e38d10fd1d6b2bcf8b2b4da0f64f35a77b17eeb91f8a303e55b3c6
files/res/Stage/Cave11/Room2.arc,115264,47d547e5b23871c3953de110471869e5404d80cb3d55018e7ff817bdf1ac6efa
files/res/Stage/Cave11/Room20.arc,134381,db860463a5713e6689d4cba09587b5e5c9f4c394ab987165aadc68695b939fdc
files/res/Stage/Cave11/Room3.arc,115264,065c5aa5ca945fa56c12e12eb3d18effd5ed1ad2c81950b4b94fe123aafed42a
files/res/Stage/Cave11/Room4.arc,115232,feef01bf5b5bafc6fd17c9e2a338971b2f68ec0f2ebc4ee2f795b7988ee8f4d5
files/res/Stage/Cave11/Room5.arc,115136,902479d814cc465ae3934703b3793668c0eecb25171c2a73534547f8077aeb61
files/res/Stage/Cave11/Room6.arc,320800,8c75dafdc6cd05789102072d591fabefe4ec2e79a29b3ba296dd17cacc1e5fdc
files/res/Stage/Cave11/Room7.arc,320704,13d1df5f6c6439d1ac690bc0293be6e5f60f357c4afd829cc2804c849c97cb9e
files/res/Stage/Cave11/Room8.arc,320608,97f75d2f8e8971cf132f3e2cf906c6644cd7e097bb055d1a2f85fb0fdd90e6e2
files/res/Stage/Cave11/Room9.arc,320608,1a17e5f5bfd28c55e52a0ab2e3529c49e101683f046311dbe040776c2352b1c0
files/res/Stage/Cave11/Stage.arc,89217,ae13f34d55a0840fac5222fa751f2672c6fac93f9d5f33f8eef10fa55448140d
files/res/Stage/Comori/Room0.arc,282048,cfcb5a5a87de8d66f998659e4da35878f30d978176b27c9dc30316d47266823c
files/res/Stage/Comori/Stage.arc,22360,b9a7007d2d155d07729af4b7b7c1a9fea70658ffa9a3ac674be73c4faafc769d
files/res/Stage/DmSpot0/Room0.arc,366254,a5cc3cf401dd82e4a6f153b8b1626f49a1af79fc8ed7051666343c52bee812d5
files/res/Stage/DmSpot0/Stage.arc,49217,219ad81eddd4d256d1cffae6879791abc682f071cdd04a5ea475930b8d06a8fd
files/res/Stage/E3ROOP/Room0.arc,41145,101f7e6328f753833d963587c32c83d10694b8f23aa0b921dc146013924f7708
files/res/Stage/E3ROOP/Stage.arc,32047,68a98bcdc9a0f3e3acbab95dbc4c555e089c7d6f21497d30546a96e3000227f5
files/res/Stage/Ebesso/Room0.arc,43293,f35be02451265a133e7148a194be101e5d1b69c2b8e75d00e5132c693596ca48
files/res/Stage/Ebesso/Stage.arc,57426,b6b3c058ec32fe68be10a46610f75461862932e23583391cbd9cf75ab827922b
files/res/Stage/Edaichi/Room0.arc,123552,e5d2b81723002128953a155dd3b2799a7f0c3f03cecbcb7d774fe3c8656052c1
files/res/Stage/Edaichi/Stage.arc,26155,98b09de156477554417dc05f49fdc65d7ce8ec35567061f5edd37a2d5b3164d4
files/res/Stage/Ekaze/Room0.arc,122976,54f429c42e46fb1f4f58cfb34c9000944452e308b290f92970d7688edaebca3c
files/res/Stage/Ekaze/Stage.arc,25974,9d4918adf025d356d186846164c7db3b81463a6189e37732798f902ada501b04
files/res/Stage/ENDumi/Room0.arc,13536,88b39831d9032a68839b85d94e0b84326cf96eddf453b77024a0b40d5f8b43a2
files/res/Stage/ENDumi/Stage.arc,39987,89526ed19fb29d82ef13132b8cb5cc61e43f3cb48f532e110d474b6764e13130
files/res/Stage/Fairy01/Room0.arc,364512,c0b2d4adc41d1e7630982369ef006f6d44b19f444ce341eb6d3c0305c65c95ef
files/res/Stage/Fairy01/Stage.arc,22447,746780cf1aa986a4243c62bd2e6ef3854c812326e7ba52ca29152b10975ae858
files/res/Stage/Fairy02/Room0.arc,364512,1968fb876bc86dee877b7dbdc3b3152499af8419fddd1abfe638c564a17f1eb9
files/res/Stage/Fairy02/Stage.arc,22447,8916210904667ad63d4b39fc253f9cecde8df08f6503a8e373383292cdb024ad
files/res/Stage/Fairy03/Room0.arc,364512,940d6380d63dabe2d5a9adf1a088eb480f475ec0c9599aa10b720e4ddb437e14
files/res/Stage/Fairy03/Stage.arc,22447,0d1926e9c80dd57f1405f0126f1028762a18886f0f8c16afd6982819afbd332b
files/res/Stage/Fairy04/Room0.arc,364512,f6bfe5b6519ccb824ad706320adb99aef7d85d57b0c39c60633a50be41886a7e
files/res/Stage/Fairy04/Stage.arc,22447,e6f9284cd8bf1cd7f90ecb47d85bfe01b906163f3941f33e0c2063cb4001a054
files/res/Stage/Fairy05/Room0.arc,364512,e4304f1f32da123f7c6fbd8945397a67c1f8c775642a3ec03eb150e7af9657fb
files/res/Stage/Fairy05/Stage.arc,22447,5d74412d7fd7e7c91a827de239ce7a43e6df90a4f3fd509c45edb29dee7c453a
files/res/Stage/Fairy06/Room0.arc,364512,d2c8613f1dae8d96dc56f824c44139aa1f2bc9fe71a1b2f265df2ae1e5f54747
files/res/Stage/Fairy06/Stage.arc,22447,5768977b0f21677078b9fa7ff6c5bc247879ada80be0c046348b05fa05a6264d
files/res/Stage/figureA/Room0.arc,107104,8298512bb968ca7e26c7e5d9679be31adc0ffaa785ad15acdd871af1d2f3e618
files/res/Stage/figureA/Stage.arc,21075,ce7bfef1c0fe2eca9882f25bca1730567bbdf311b2ba5f129ae62e15a9dbaaa8
files/res/Stage/figureB/Room0.arc,107136,1f91b999cd66628f3d3d9d5ea8932c78c48fa833077522b352291ae30395949a
files/res/Stage/figureB/Stage.arc,21067,7a1c6cc71582dea653715e630f1fd07783eeb93df6a7d10df140b94746845234
files/res/Stage/figureC/Room0.arc,106432,89e5c04f6127a4b1009aa4f12d07a2ddd87ddc9a5730b81f7f915cb01f92f9e1
files/res/Stage/figureC/Stage.arc,21067,7a1c6cc71582dea653715e630f1fd07783eeb93df6a7d10df140b94746845234
files/res/Stage/figureD/Room0.arc,106656,274390156eb221452fcc1f9cd7e1c7576961031f50dab420dc27825b5fa8110a
files/res/Stage/figureD/Stage.arc,21069,bde99966ed69edbbcf1f74ab182afe9f58c8d64e6814be9d80201154ad83dc24
files/res/Stage/figureE/Room0.arc,106848,4caf81df949bcaeeb45d609b0addd86a9f18bab72f2b88ebde441b2b42a5f103
files/res/Stage/figureE/Stage.arc,21067,7a1c6cc71582dea653715e630f1fd07783eeb93df6a7d10df140b94746845234
files/res/Stage/figureF/Room0.arc,106560,278f2da0a4c08f742c74a94a8b05d5033107943f1e13ee88bb5d4d5651079ea5
files/res/Stage/figureF/Stage.arc,21068,60449a0c7d41f8f22acc54bd7557caa5508ef8efc3ac46fa41c0512d1610c2c1
files/res/Stage/figureG/Room0.arc,106496,543c815b85e89846bda96aad01a5ab61499ec8255b9879b9b5298b824bfe8c57
files/res/Stage/figureG/Stage.arc,21070,d21f0b17cd32f23c1731eca27a31467043fa11f621f31a4a42367cbc316bd8d5
files/res/Stage/GanonA/Room0.arc,154816,a8a448f83d1e971a837030dfdc4d5cf4524d80a07255afed88df9d785130d777
files/res/Stage/GanonA/Room1.arc,756800,9deb90a819fd7527f96877b4679ba1094c8ee8b7fd81c94e3b372c13fcdeddaa
files/res/Stage/GanonA/Stage.arc,111071,c160b9fc923f194b037ac74700ae9c2fd9335ca6b4d264d139fd6e93d0dbcb00
files/res/Stage/GanonB/Room0.arc,323648,b5fb07e8e6e75059ab3faad2fcecae815bb7f756857fad240f1efad596d609ba
files/res/Stage/GanonB/Stage.arc,106599,ac1623950e4481dd3a2d95335abcca3718970f8d6cc5dff034bc2f4720e92545
files/res/Stage/GanonC/Room0.arc,535872,61e9503f37e1bb4322b89e64d50ae8cb346cf24078446dbb72e72fe6cbece9ef
files/res/Stage/GanonC/Room1.arc,119491,fe0d8b62d654892c0b793fa776ecb5bfd2e927b7a3365e2940b46ea0719e6349
files/res/Stage/GanonC/Room2.arc,119375,08f31ad83cc302f6f83b47a771c2d29621c71c1212c9bddcc126806a533a088b
files/res/Stage/GanonC/Room3.arc,119443,6dea370e6da70c77770cd43469de108955a45c967e9d03e65c372b61f7f17abc
files/res/Stage/GanonC/Room4.arc,119535,c068dc165f17bd5ad2b24b8c8f879217f0341d65f5084d904927ae0deec836cd
files/res/Stage/GanonC/Room5.arc,119653,df46eb9cce584939d5ecfe61d696fd484108f7b1b0cc18c55f794db2cc4565d5
files/res/Stage/GanonC/Stage.arc,106665,0cec65cf2ef61ef392a45c414a102e5c290875cae8e4e1144ef74625c4dbcede
files/res/Stage/GanonD/Room0.arc,828352,2cbb5c9cc50e01a1395ab101c53e13959393dba7d79254f5d9f44cd8f8ec2ef0
files/res/Stage/GanonD/Stage.arc,155833,3917549662a3564461f06303d29781a4ed440cbc143686f47c0208abcab64779
files/res/Stage/GanonE/Room0.arc,540480,c9b0b62e6ac1df6121d16baaa1b031b1da3895748d2a7fc92982009dae6bb26b
files/res/Stage/GanonE/Stage.arc,107284,7e3454fbf45e1c1708073c9102df050455343de51d0217b82fe55a7089cba9b1
files/res/Stage/GanonJ/Room0.arc,285472,7f257d9a43cb9cae4d6dc76025403432a1b109812144989a4013d306004b8535
files/res/Stage/GanonJ/Room1.arc,299840,9f798c3f33f83215a7629c57e905ec3f8e3e43d8452c6d344110d67871675d31
files/res/Stage/GanonJ/Room10.arc,285408,ffd4f034dbd97430b6f8c30cb022d2c267516c406bcafac5baaa6161a86be318
files/res/Stage/GanonJ/Room11.arc,299200,d8d0373f775360d946e6715f6a0d6a203c5654c25f58729204d9f73cdc1b26a4
files/res/Stage/GanonJ/Room13.arc,562208,3fcc6600f4273017049fe98b5a407a0db9bd152e7ad3750a6f20c6c6ad47d2ea
files/res/Stage/GanonJ/Room2.arc,298432,10bcdd836ba3f217362b0a877310072e2bb040ae419e81eacf229c9b4bb90881
files/res/Stage/GanonJ/Room3.arc,285696,5934f97ded068f899c73e78bcb427c7fcff8e19105db63f6c65589367d88fa49
files/res/Stage/GanonJ/Room4.arc,300608,77e0d02f358f713c68bae800c2e8c488e84a512bd9797ba659459f0b401abb10
files/res/Stage/GanonJ/Room6.arc,285120,1ea507c8af7ee1022ca441c560b5d0ecaa8d1833c67d9ff2fa40caf10153e3c1
files/res/Stage/GanonJ/Room7.arc,299200,dcb3e8af1cc7174b5f1756d38e716abfbf894a79ceaa5e8525cab3c85b8a9768
files/res/Stage/GanonJ/Room8.arc,299200,af14c2da0d7c2a9d4db7948049f1167add51cc29a60eb4c1ee49bb6e38e629d4
files/res/Stage/GanonJ/Room9.arc,285536,54c774294879fd9fcb7d424d723dd9e2a426ac3ef47a8af79998ff3df8a6a8b5
files/res/Stage/GanonJ/Stage.arc,107093,90f78a97476502d400bf2349a4ceeb6c70bc2f710db4f8855ca0d18ea090bedf
files/res/Stage/GanonK/Room0.arc,1113504,462f96ea2a966957b65b893e1567e87c775f78023ef1cee229f4f4d85a605b30
files/res/Stage/GanonK/Stage.arc,108329,699c483d90e47059ecf0ddbedade58cd2d2da40eab73fe13afc33bbf5661f19b
files/res/Stage/GanonL/Room0.arc,789184,1f2dfcfbf8e4cd1981a491fe6775e5ee70cb909b982efb59034d16f3b395c4b7
files/res/Stage/GanonL/Stage.arc,107107,c867f7259c5c9ff18531c86f27e59c557d26653546302ddd1bdb6060804b3578
files/res/Stage/GanonM/Room0.arc,827936,5520200f3518a8cbbbe6eba09218050cd709d03a6d9f1cf5c15d6c052d7604b8
files/res/Stage/GanonM/Room1.arc,341056,96d35f3fba8343f7c0f26b55d3d35fc08c41daf0356c6af8720aa69fc17dce31
files/res/Stage/GanonM/Room2.arc,359872,0bcda105cf19308b9a96235b4b938d1e05f720db99b696e6792995a2da8a63a0
files/res/Stage/GanonM/Stage.arc,113309,d2d67e7dd9d128952a036ba6ae956e79506dcbdd4995c57674a1baa0a201c029
files/res/Stage/GanonN/Room0.arc,235904,bb9441b6825f99083c513c8f4a24ed42143d51678596994ae13b57677c6997bf
files/res/Stage/GanonN/Stage.arc,106485,775d7e1f6e1a7dc7a07ce45420252fe6b0b97a23bfe4370f9b50a5bf9d056533
files/res/Stage/GTower/GTower.arc,106,43b3e753bf57c174ae9e943390a34d859d0a71eddaf2c1722b7fc8f485ed8cd2
files/res/Stage/GTower/Room0.arc,511008,7ae68d95fb923dc315e3a7f95f5b6b1aa2f4d9903f044fe0b08607dc5f06f548
files/res/Stage/GTower/Stage.arc,94376,34ce025e793b046215f00c1abe898c62149f1b995f199cab4f84153088e43332
files/res/Stage/H_test/Room0.arc,262077,38cb209e0f08067c94160b1d635ad885af5668f4b4d86f6e2d076e7729253385
files/res/Stage/H_test/Stage.arc,69761,570359b58c367bf1914238251ae492b7c711cfa48dea3ade301ddb0b49917de9
files/res/Stage/Hyroom/Room0.arc,1122912,25452805aef4600d20a7b76abe4e8284ff20e07597a187cece01e0add6969edc
files/res/Stage/Hyroom/Stage.arc,26617,5bb6f6b77b635bba20909fe619be8243a4a76cedec5a1360a01eaf397c815961
files/res/Stage/Hyrule/Room0.arc,1641888,5a8996465a292f39859c764616e48c4bd26680d733ff229be9aa9370731e140f
files/res/Stage/Hyrule/Stage.arc,36247,79db6f1b70700991100ccb9ccb90c5cfdf2b038972e1d7eaa7446bfeba47f619
files/res/Stage/I_SubAN/Room0.arc,186269,c391eacd49d819072ae1fddc7d9cb9cfed8620cb6e6a037f71de0bebebf1faaf
files/res/Stage/I_SubAN/Room1.arc,185043,a7c68b5c114d7edeccd1cc30481015f3d4ae78adb270108308beb784c3212e71
files/res/Stage/I_SubAN/Room10.arc,185019,5ed95b7e28829b9cb1f16b64df7c5949b12fe251ac0487e9ff5a82dc610ec069
files/res/Stage/I_SubAN/Room11.arc,186162,99968c9d3543026527aab4d68ad71ecd24f2dd39118ee04751e79cb45503c346
files/res/Stage/I_SubAN/Room12.arc,185686,50d6e284ba7cddef46aa246d7cc8712a37271cc0a2d1fb48926994d07e64d4f9
files/res/Stage/I_SubAN/Room13.arc,185677,565e1623d6590d51464a56e3c1a1339ab91d30c9f5006a636eda6c8ffda0a485
files/res/Stage/I_SubAN/Room14.arc,185646,31827c0219289be3bb3787a48a61298a0432c5a6e8f48cccd5d6f9f40851fe9f
files/res/Stage/I_SubAN/Room15.arc,185611,6bd02e1db81965774d82c425c9bc8b54042c73a6233d0c86ce199ba5fcff751f
files/res/Stage/I_SubAN/Room16.arc,185660,a0b8d43a2bd4f5874eb844c37205d6b56ce42113e80c9691dbbc9a6f70cbad19
files/res/Stage/I_SubAN/Room2.arc,185799,5398112d9c404b4e608e4e0364668e8b2ba7a4e5727656d5fcc289a478324088
files/res/Stage/I_SubAN/Room3.arc,185115,a61767bfa4eb31beb32ecc47847192a1ded6b42dea35cf7e0ea5afca74b71dbb
files/res/Stage/I_SubAN/Room4.arc,185407,3e5b1cc1b43adef0de35cd3f7941ff8cc15b1e98b5f215ae884ee6ef2c24cadd
files/res/Stage/I_SubAN/Room5.arc,185089,0910123a61128bda1f63425f5e2b8b54bf54929a8bdd0b69d9a4851ee8322ade
files/res/Stage/I_SubAN/Room6.arc,185087,d3d401c53e222338f03400e113180a08545c1ea495484fdfb14ba58427ed1bcc
files/res/Stage/I_SubAN/Room7.arc,185091,18ac5aad1226f9dcf5745141724e69d317fe90de1bf44f4402ebb5dd0d35a64d
files/res/Stage/I_SubAN/Room8.arc,185081,cfc532506b5dad5c7d85d8a0852a71e065b0763fb6b2daf7816c7de45d7e9bd1
files/res/Stage/I_SubAN/Room9.arc,185736,b141a1ad0e37bcf497c6ecd34b093755570adbc3f067227f8502a1014c829ba2
files/res/Stage/I_SubAN/Stage.arc,54441,4c7ce7c3d02685196bed342c41616718071e6a03f9660b9b4358305666f91468
files/res/Stage/I_TestM/Room0.arc,162672,030e210f37c85850849e36d0de9e6091583ce675f2e70df688fedd9908a2ce25
files/res/Stage/I_TestM/Stage.arc,100693,5f14aa0ba8d38a2f07386bb5f88590a0a1ab1d69393d91cfeaabf3eece74c8fe
files/res/Stage/I_TestR/Room0.arc,51524,ac5bb62d60e8b635e3891ce5c0a4f5d42f5116b79698df74f73d613c2692ba87
files/res/Stage/I_TestR/Stage.arc,30088,0f8d6943a9440285a6cd54f00d1b23accd439c3ce179b73ca211ac8d23ce3ce6
files/res/Stage/ITest61/Room0.arc,112896,6bfceda766e50241bc5ef2eae39621128d8bb015fad7a67c66b9bd15afdcdeed
files/res/Stage/ITest61/Room1.arc,203648,589598c996ede7007c32ebf5b01569495ec941111fa2c2393a7b4c5ed405b166
files/res/Stage/ITest61/Stage.arc,89032,3631ba88e7b358587b8e50d3e05336ad7d99ad9fd9c815da34b4eb0a056fe3e6
files/res/Stage/ITest62/Room0.arc,160416,94cba49b546e32e1ae7fe8fc6bc8ccbd9947b007e4f833b305d43e3434642f28
files/res/Stage/ITest62/Stage.arc,20943,3e8bc8f3b64d392696f5ed1794a0e2d7d6a4ca8a5c959779eecbe772912b4e8d
files/res/Stage/ITest63/Room0.arc,264512,eaa1aa5591b9521fb9ebd49cb39e89f29675d9a790c89112f9b9058f2781cc6d
files/res/Stage/ITest63/Stage.arc,20940,ee24e715e1173f48832442316050c0692b48e0835b12a31391287cb6822ab0da
files/res/Stage/K_Test2/Room0.arc,6344,2b65a79a8dcd0db75d6374ed025954e36f0ed9e84a656759c3a024bb3d97a858
files/res/Stage/K_Test2/Stage.arc,62270,6ddaf694e7fb12b5751500515a8d39cd1bafff9ded5a4aa5b34fe8c725472a02
files/res/Stage/K_Test3/Room0.arc,5711,23902bff9b9b8915ee36ef46a0b9a89fee93c8dd146e79d4d32c17acd389f1fb
files/res/Stage/K_Test3/Stage.arc,44109,12fa04fd91437f3ec53571d4b4460d7f17b307e544bdc41df25b854ee82330cf
files/res/Stage/K_Test4/Room0.arc,5399,24a4418e765fa1442d8fa0c9cbfe008403c4a034f1b870edaca3f9e9d1e29a77
files/res/Stage/K_Test4/Stage.arc,44429,6d104c55395f4b4a0336884b33ada9fb698327b07d7ba0c81eca3362d25be8e5
files/res/Stage/K_Test5/Room0.arc,6192,0a47c9e8dfbcb462c6d06bcffaa6cb139ec0bea3f988b5045ee5dcba4d4d8fb1
files/res/Stage/K_Test5/Stage.arc,44140,4862e68b3f94d1fc073e5354d055239fca15de20eaeafcc396b8b9191971a79e
files/res/Stage/K_Test6/Room0.arc,5859,c8434178013dd43b79efba8c1f794666f32e4d4083c75be52c79774b2c1c6531
files/res/Stage/K_Test6/Stage.arc,45520,c6fef52f201b3f2eeec7c6456d54f4b5a913f0dbe0f2275b38f53e974abee17b
files/res/Stage/K_Test8/Room0.arc,5541,b62cad5b64483ac06aa85c1a81b8007cca014c68210b312ba3f30a1f15fcd64d
files/res/Stage/K_Test8/Stage.arc,44050,a1f3ef50f6d7b1efc8821d52a9b03419035494673cfd661dc56e0d2353df290d
files/res/Stage/K_Test9/Room0.arc,6514,328172b39dcee037f7721ed159997900717d4356c0f7b897c1451459797ace29
files/res/Stage/K_Test9/Stage.arc,43905,5217886f104ad3cf1aa0865451cc7fd0e620d94ac4a9af185bc686245faca7a0
files/res/Stage/K_Testa/Room0.arc,6976,e236136705570ad2827694ffee4509db4758304b0f4262717981ecd67a68e386
files/res/Stage/K_Testa/Stage.arc,97951,8d5e7418b75162d4f400a9f353facff135de4dc3f313690c82b314f698ebd60e
files/res/Stage/K_Testb/Room0.arc,5607,424c7829c16dc57f0d3092d13eef47bf33655b2fc9736cf1fd67d31e305e6371
files/res/Stage/K_Testb/Stage.arc,50502,3d51a221947a58cd5bbea272bf631d105713edc2462501d59fe963c1b96ed918
files/res/Stage/K_Testc/Room0.arc,5974,840bdf734a63b8a1859d6f9ec72a0d38d9ee132f3ca1f0f70519d95f41579289
files/res/Stage/K_Testc/Stage.arc,38509,fa864b3159f7539c221780d99296689e682c91f4912f08631e70417da79f2c49
files/res/Stage/K_Testd/Room0.arc,5763,013fda3e1576251167e999d00040cb94017324bf2a1c5cc3e3cce68e9a69214e
files/res/Stage/K_Testd/Stage.arc,38494,24283e15bfe9ad8a7e9fb6486c62373a518821e1a49e0c90a97a15ce2ae2af6b
files/res/Stage/K_Teste/Room0.arc,5816,f6baf69550e51f7a787a83b7a086f317f160633b904e9d2e9adfca64131cd334
files/res/Stage/K_Teste/Stage.arc,31137,d36df2052f6e45af1608e9cd46ab6b06a3db9bcec06ff421bccb3455461d3583
files/res/Stage/Kaisen/Room0.arc,532512,1e9339ad36ccc4ac7bf36228e6d1c959ffb15cbd9097af1ae457a288e9246af0
files/res/Stage/Kaisen/Stage.arc,22269,bbfa764065b42101cf2ef7e4a829f9d5794a63d56c51863ea0f84f80da9f37b1
files/res/Stage/KATA_HB/Room0.arc,12428,fe4b01c0a8697d28ae033b46c0d44e40dfed3ddbfce97cd5ca27d7f6c86997b6
files/res/Stage/KATA_HB/Stage.arc,41665,c5d7a2c203e490b3ab26b3f0088bfa5e32588a9cb946e75458c7fdc332b78a5b
files/res/Stage/KATA_HB/tex.arc,3765,d5762484af5afa91a4f26800b539adafe4788382290194d6130c9af3116a7b34
files/res/Stage/KATA_RM/Room0.arc,7220,e29f9578f47660f031f810850293313c13fe9e1b0c671b35de35f8a2656c3388
files/res/Stage/KATA_RM/Room1.arc,7354,24715a22a4c3039e0b9b9bf9e8cd357895637a99d881f903921e4859f9d31b4a
files/res/Stage/KATA_RM/Room10.arc,7350,24a98d37e9ff6fd59c5877c8844e346eaf6564926a3b76a76819a8393e167771
files/res/Stage/KATA_RM/Room11.arc,7376,34bece6c73323e9e4d63bdcfc5078ac1cc4d0d981c9282e60ce94dd46c50fb88
files/res/Stage/KATA_RM/Room12.arc,7278,884cdd7978119ff5905c25b3e86c24510f90bceed20d8fec79d72560765ebf97
files/res/Stage/KATA_RM/Room13.arc,7379,48a0d2674ada7ca9eb8064913cf1f676ca5e32a7ba821bba42c077dcd1536c97
files/res/Stage/KATA_RM/Room14.arc,7279,0de4d24bd21a5eb6686c2e7f8bc4d5f839f2a1d074d3e3d1f4d4d816b1f243dc
files/res/Stage/KATA_RM/Room15.arc,7288,12faa20a838f022d703a9aacd4d76223d4d04a9559b7aefc212dd3c370d9a5d2
files/res/Stage/KATA_RM/Room16.arc,7311,a6cd1f982d84b7146e360cd39aaddccf9b725b233f42bbb6cab8d6b143f10740
files/res/Stage/KATA_RM/Room17.arc,7576,78e341454fd5f8ad626323070231d7f0dd8a5b45fa4f52be71e9f44905600ef4
files/res/Stage/KATA_RM/Room18.arc,7501,516a9610f782cf90303dc637ed4dcc3189037d12506621438c60c389595c9012
files/res/Stage/KATA_RM/Room19.arc,7270,68d1c9fdcc9f5942af837a1e45c63579bf1302e809c75007006a1a55ca6a2b5c
files/res/Stage/KATA_RM/Room2.arc,7376,9450aa024f33822930e0a4d3b9291a9d53ff37c7d986153a1c0d1f9b0dc60dd5
files/res/Stage/KATA_RM/Room20.arc,7241,1e29121c21a276b4a187fecead46eca351c7aa412081d1dd5d3f15ee4616a7ae
files/res/Stage/KATA_RM/Room21.arc,7417,e48671239354f79fb5abab3a8652a80ad96b7463f0b08cd48eaf29db2b0d4aed
files/res/Stage/KATA_RM/Room22.arc,7296,fc8c13216aa749f61d4c52f52c22dc60603cfeaf8353fcc0c7f64aa98fee5a6c
files/res/Stage/KATA_RM/Room23.arc,7373,01ebd90909201bc80f82bb99cc8c8c79c9cf3fd2debcb166d757db366fd0e4bf
files/res/Stage/KATA_RM/Room24.arc,7255,91db2814554a62abcd5d045a734e41a67233967feade398a87ce5adddf336028
files/res/Stage/KATA_RM/Room25.arc,7316,213a6277428395120bc5fc518c6f1eaa770b7990e8e8d7f959c3bb614a108d65
files/res/Stage/KATA_RM/Room26.arc,7248,4cb9f03be25306a59c2c5041f20e10291f4e54294e35bbdd756373229817013c
files/res/Stage/KATA_RM/Room27.arc,7311,a70cadfd265e49044dd67c60f2f5d86c9feee5a32e9b8877ef7ac408b90edac3
files/res/Stage/KATA_RM/Room28.arc,7386,a2c3ee67b349641a367807b1191d2e5acd7f5917677de8c1c718ce5ae52e9bf0
files/res/Stage/KATA_RM/Room29.arc,7248,747266d862ac736c9ad6b325c89348390fc6f8004dca4329fd63dfdcaa508e4d
files/res/Stage/KATA_RM/Room3.arc,7377,c57ab676645b244d10abe345b563fe3f7a6a0619b0e992ccce869fc522404872
files/res/Stage/KATA_RM/Room30.arc,7299,70d75cbe1df826c5833d23ded451ffa3eae0d796944897708bd23c170125916c
files/res/Stage/KATA_RM/Room31.arc,99127,9840691db589a3dd600ba4a45f30b97faf76cc3edbf508933d668226e10a77aa
files/res/Stage/KATA_RM/Room4.arc,7304,f4267c9d287d21eb4e5f4d3a17704d61da6c9684b7c9270ef7f4017d78f5ba6a
files/res/Stage/KATA_RM/Room5.arc,7375,fe462a41854fd3c5b9314cc54f077eb890da8bd63211d23f19e150076a143381
files/res/Stage/KATA_RM/Room6.arc,7415,f60ccb43a99566d5502eecc87d7dd9fcdb46234d7648df7ad23dd0d07a8e6269
files/res/Stage/KATA_RM/Room7.arc,7304,846c6033408402dce3d0c41ac4138c6fc31d16a72b11adfcb50247452db32e3d
files/res/Stage/KATA_RM/Room8.arc,7260,37ec705dedaf9d45e868a85ac407ee21ae2378a867d2ad0fa933b3415929b82c
files/res/Stage/KATA_RM/Room9.arc,7290,e0275e7656170ab2c978d1a97fd4c61826cb7c42eeda601531a54b80ee7a2747
files/res/Stage/KATA_RM/Stage.arc,29450,5ede1e82aba8961289adbb92b0b1dda037576c050bd7ac03543d4f17ae5547b8
files/res/Stage/kazan/Room0.arc,66739,53705b0252fa0710ed5c4d37fba4228d604399896a98c1fb260face9dc292f97
files/res/Stage/kazan/Stage.arc,13552,1e895e904f14471aa92f38151629374ed3a49ae9137685b86bdb0779f0bba474
files/res/Stage/kaze/Room0.arc,342752,c7c98685abd62092fbaeff3355b35c203db454b4f75b2025a756cab18aec7858
files/res/Stage/kaze/Room1.arc,430464,b25dfbad06349520f4429cc7983a674953114359476c813e40860ec03e3c9fdb
files/res/Stage/kaze/Room10.arc,317792,3339a52c8feadeb45f50aedd6401e388ed34299d472050d836fb228d55bfed53
files/res/Stage/kaze/Room11.arc,383616,3994d27ee0a6938f09fdb6d8a9b2deee2a682c1767f22489acbed92a1e8e122a
files/res/Stage/kaze/Room12.arc,466112,2ab7e5dfef41abc93009849f52a787c18b3e69032f21759c9c82368e1a14a8de
files/res/Stage/kaze/Room13.arc,294176,26885915ed0277a0e31195e397ef68fada726e49cf3698d1354c7b12208b541e
files/res/Stage/kaze/Room14.arc,7927,34857f138bc89128f58b438c6ba1dc4c701a092d1c580b4c62e9e51902102c3a
files/res/Stage/kaze/Room15.arc,371744,9676a34ccc9963d4283fd2454719058976f965e57ebfb190cefb188154db5358
files/res/Stage/kaze/Room16.arc,509088,5418ef8b522a59133db01e723398c5d131935679ac36973c1392a756572b44eb
files/res/Stage/kaze/Room2.arc,675616,330621c9d00be97562baa6fca2d1037ec4851737be0ec14dc7130f5e688f48ed
files/res/Stage/kaze/Room3.arc,483168,34e199fb0771f632376414f366a090885b2ee3ee69ec24d198b9b2e75af57a09
files/res/Stage/kaze/Room4.arc,276384,d85f5878b4750576085c5a288482f166d8434c5872d7164ff10bd60753087b0b
files/res/Stage/kaze/Room5.arc,415232,5f3e30c541c740d8b02f6d0d8e3592e98ed4547e0fe8aafa8f67189379240560
files/res/Stage/kaze/Room6.arc,331552,d6207fc6766d19d03d5a6de3d58bfe525a25334c99e5e0e8eeeb8ab87526629c
files/res/Stage/kaze/Room7.arc,566816,6d86c9c068abae59d24a24527903e8bada031819a066cfda5b1cc2988e7adcc3
files/res/Stage/kaze/Room8.arc,409248,d877c4a5701dcd4f203335095e2a35602d06e636e5fd1a757fd030fcc0220386
files/res/Stage/kaze/Room9.arc,576160,e31a5976b8b92f236d0d9e8d2d9111cd7485f79738e6094a26dd64b90d42e965
files/res/Stage/kaze/Stage.arc,34421,8b74c9b0235cbb5d6eba86058a35c217f360a3f231149e0cb82bd3727c83e412
files/res/Stage/kazeB/Room0.arc,502848,c50ea35c98fc59a9409a97ac78132c7472addb05ae43d958e69d7b4b07e80809
files/res/Stage/kazeB/Stage.arc,59302,5ddab3b609df5dba88b3485879b7bde08137f9f004f79c1e3ce116a35b840acb
files/res/Stage/kazeMB/Room6.arc,482240,3f61a84c9b32f359d1160bf31772859debed8d1e642a5c899f73d5e17f5c6f76
files/res/Stage/kazeMB/Stage.arc,58244,3aac6f0bc071633496e05914dc845f0124d08e4ffd696a05a5bc936338b3f505
files/res/Stage/kenroom/Room0.arc,803136,830b4838e82332dd9d951c2099ac1b0d18bd44aa9b809b786f2647cf3d0cfd50
files/res/Stage/kenroom/Stage.arc,25912,251ff9f716a0aeb8a691e1c86b4d6c53e69c8014e3743ddb393d0e35aea9e64b
files/res/Stage/kinBOSS/Room0.arc,162240,4f5713a40b498ca0ad6cc3d783f5cb064b0dba9fe44e4f85bb7b71e2d17d8bae
files/res/Stage/kinBOSS/Stage.arc,126825,16720fc1d6875208b8233b04ecf9bf64773c139fab76575c7f4020f523677600
files/res/Stage/kindan/Room0.arc,433024,9d1e5b1e909a8100ce67efe7c776d323d336fd0480ad9abaf5a23e6dc2ac3550
files/res/Stage/kindan/Room1.arc,515232,37e1af843058519a48d3984c5c3fcf391f1f920b970704469ca194d68230b352
files/res/Stage/kindan/Room10.arc,75776,979c45fa4bb0937d32a1dc00d22f8cbb5768661d595018cde3ee335f9c490b3c
files/res/Stage/kindan/Room11.arc,307616,1307980a82cec6c1e27e1b2cf7fcee288de6385a7b09d829140d1535bb371b0f
files/res/Stage/kindan/Room12.arc,423936,8969becbcc98fbfb0cf9f0a6f434ab7d1ac686913afed708a97e12032aff833d
files/res/Stage/kindan/Room13.arc,371584,c8ad7418fc9aa873dc27136cb96c5dd5058a6e448a343f8a40839f07befa7c23
files/res/Stage/kindan/Room14.arc,415296,47a7d63b2abe44bd6809ab74052abef84612fd3c0e39b4e9dcb908011e57daf0
files/res/Stage/kindan/Room15.arc,284544,ec96f566230a943352e9221400e2bfdc8ee7e450a9bdbccb80579bf11bfe6307
files/res/Stage/kindan/Room16.arc,497312,108283986ecb0b78a21a9c93076845cb9e583b629def6b269ab42204f79a203b
files/res/Stage/kindan/Room2.arc,385536,6fd16f3e98273bcaa444b5432306115ff8de7ef4da32221ae719561d3c95e784
files/res/Stage/kindan/Room3.arc,483072,15d471c056e1e88c0c9a2f0d07afa1f08a7e9b91f2618f7e2392128c3a863a71
files/res/Stage/kindan/Room4.arc,277088,09dda0131c7adfc96c91329ff94c4f22adf66f9ce3e46cf3c634bf07e5ff5c81
files/res/Stage/kindan/Room5.arc,680960,c2f7891d699fb3be64cf1f994c1474947956f91de3862594c790017925159965
files/res/Stage/kindan/Room6.arc,277152,1025e2bf20780101b104dfb3467c2fd0c9134c6551d5c6d4518d053ef0ae2785
files/res/Stage/kindan/Room7.arc,411200,0dd10a56e31e13280ee5be3fae13be4f6f1cb69ec2168229a146f576637df972
files/res/Stage/kindan/Room8.arc,475200,8be33a56ca96cfe66cbabaa40fd7911155879384820b2e764cda32e0336aabc0
files/res/Stage/kindan/Room9.arc,469056,23d4e69375b058789d5c05c04c2bbc8659ef49824e8bf345246eae668d4d96d5
files/res/Stage/kindan/Stage.arc,158229,d7e84b62b6187ec6e19bcde1427b9496e1531f4c10b5eda10adf994ed8268bbc
files/res/Stage/kinMB/Room10.arc,337120,b175f72f349c63d7db478ec089f5782fb2b05327e703a1380191a6e0b0a0b3b7
files/res/Stage/kinMB/Stage.arc,71116,6fcbe397c89beed5fc26e6bab03c3f6b336f201456ac3df5df99f56f0af12438
files/res/Stage/LinkRM/Room0.arc,322656,479c9235cee497892c06a75de48cee3462f0d6fa848b83160c4787f7279462cf
files/res/Stage/LinkRM/Stage.arc,41360,07fb1f1f4b1ffa857dee526aafcb5f1573e50e6ce5a92bc67b03b7700eaf1f14
files/res/Stage/LinkUG/Room0.arc,98720,ca88561ee17ebf18772ba762a56aac1dffae00937467e489111f31e262545b89
files/res/Stage/LinkUG/Stage.arc,21273,fc7198cbc7843530b14939220796968469a9d45972fe3c5f3d10b2338be74b25
files/res/Stage/M2ganon/Room0.arc,1230656,2b9eb49d32095f526e78d99323f7db220a56c29665c7f3c5c2f8cb18ec25715d
files/res/Stage/M2ganon/Stage.arc,92184,0e28c1491972e9f5af809487669e7d4dc9b7798cc6e74db2ff5231e14dc4e2f0
files/res/Stage/M2tower/Room0.arc,1680832,31c6ae0cc71b4ab8ae335274d339730b5b640aee405b743ab4c9e74977080d58
files/res/Stage/M2tower/Stage.arc,67823,ab50d81272e5b59f53f7aadf2cd8a606230f4dc90d251bfc505b5080f2f00dd0
files/res/Stage/M_Dai/Room0.arc,220480,a69e98d1ec793b3f5cc4ab672e1dbb1569e50d06102eb8f063f4c78c9424f308
files/res/Stage/M_Dai/Room1.arc,321760,a418d308e6ecc332a7a9ff47268dd79a9d714f54f05926561433a5e15f03f169
files/res/Stage/M_Dai/Room10.arc,196992,47f90af3e45e020792728722a2bcb632c9d93898e7c52ff7aed0e9c794f86e9d
files/res/Stage/M_Dai/Room11.arc,178560,6a4544170651581081a4c6639402f8529b8df5dd10576ca796d448c25fc48221
files/res/Stage/M_Dai/Room12.arc,28576,4207ff389dc5b75737637402a3774878fb246fa73d1d34bd2c5780631fda1a2a
files/res/Stage/M_Dai/Room13.arc,257632,f49ad9b73b57eedd6b3c925bb636c2578c0e174bce5f6c6b396f0083af48e843
files/res/Stage/M_Dai/Room14.arc,101312,d7a7ea2ab508c19b103a0262ff719f5867ed5f40d94b878a8716679191f9e3f3
files/res/Stage/M_Dai/Room15.arc,435328,b03970886f954d124adf140f403056b5c51fbb0e95f41ce2482bafafb5f1934e
files/res/Stage/M_Dai/Room16.arc,341824,7113da6de5c12928ea1efdf243ce5c83d5d3a8ec1a4fafb5f6b1deb8a0d0c1d1
files/res/Stage/M_Dai/Room17.arc,145664,613553ec9dbb24d874f67ee6663c1da4194a67ca1252b80333767f1a978a04e5
files/res/Stage/M_Dai/Room18.arc,95744,4317b2c3b9bf147018716adeaeb878ebf3a151fed0ef9193b77860dacc2d631c
files/res/Stage/M_Dai/Room19.arc,123904,b526ba1a393b85120b593efd43276e61a23a10821a6e9797e7061c40e7031f5c
files/res/Stage/M_Dai/Room2.arc,151456,40d53f0b9382ab342852aaeda224de7081662b0c5335e5d5427d0cef1bd85b1c
files/res/Stage/M_Dai/Room20.arc,107296,b80b54ba4cb7efd954f2fab08046218497ae6bef2144a1463abd950a660eb2a3
files/res/Stage/M_Dai/Room3.arc,319232,f583150fe730105a61d16f29a841d2f0f8b58d566bf3d80d798c26df391995d2
files/res/Stage/M_Dai/Room4.arc,233248,a5a5abb392b7c9e88f5db2ea2eaaaaa16e20166599ca72ed911483515ccec51b
files/res/Stage/M_Dai/Room5.arc,170304,4fa03f88f941a4bf327995bb191a4ea13d299878e9668377b1c35f8bd9cca909
files/res/Stage/M_Dai/Room6.arc,206112,54314ce7a0ece0643fbbd683500379be935ff342eafef40e1eadd2c2254f7c25
files/res/Stage/M_Dai/Room7.arc,323712,6471726b47dc4f1d15d2b3f7aa2e659d8164e47114226f1f709aab659c7355fe
files/res/Stage/M_Dai/Room8.arc,146976,4b47691a9e87b00115317c2dedf93a20a8d496256652a3e0ba181089f756c083
files/res/Stage/M_Dai/Room9.arc,187264,36fca6dbd36a20d2a50984a174d8e2d669ab781f2624a4f77ce40e767422a11f
files/res/Stage/M_Dai/Stage.arc,36000,0a8fbe790b3998704c7852b21d6df36f77d1f7dc5dc193d45108bd979f6b051d
files/res/Stage/M_DaiB/Room0.arc,496768,5557f2855d7ddfe01b2e49b572d2e572e227884b021c055ff558286b88b8426f
files/res/Stage/M_DaiB/Stage.arc,59542,6243a34c5730220180ed12ea8538bd6768d379211786e475a5d21aa4e3c8339c
files/res/Stage/M_DaiMB/Room12.arc,364288,7e60148b65171a7ec27abe3c672ff287231ee42064c31d94da82e58d79cf046e
files/res/Stage/M_DaiMB/Stage.arc,102663,77bb8b0595d95ec621c1fecbd6e1ba80dfcc5b7dcb22bd77e95d9d48a42ea460
files/res/Stage/M_Dra09/Room9.arc,782880,84d9b110efdefb276fabf1aafb067072e9872b89d26a007887b12e3518fdfb27
files/res/Stage/M_Dra09/Stage.arc,112407,da491fbb04b6ab6bf1c583c46569f99d5c2f76cfa8d833be9995f7e99db5ac89
files/res/Stage/M_DragB/Room0.arc,339808,9fda499afc1a2ceb06d71d5fe7361f7b5da129ad0a11d2dc27dc32043d263d89
files/res/Stage/M_DragB/Stage.arc,109915,df4c4e0e9662fc68f611ea70c0971bfa7531fdfd9f3407aca52fea788a76f0f6
files/res/Stage/M_NewD2/Room0.arc,336320,50bb0f2a26a53f60b1108ab0921a82e2bb306fbb846862697bbf7c1ffec6f329
files/res/Stage/M_NewD2/Room1.arc,148352,474ce942b6bcc916bb14158b95600045becd25c36a69f3cca39072af36ac97a1
files/res/Stage/M_NewD2/Room10.arc,431584,81e6ce8ef78b50274b2412ca5cb56bee258fbbb4c9e422bf26d0bdb2d6c69d36
files/res/Stage/M_NewD2/Room11.arc,132608,c576aa7b123607c7b186458a5fddac67dd9322e6667111f98f8203ef6644576e
files/res/Stage/M_NewD2/Room12.arc,151232,15762153c395492c431d5905fe50c00a5389d47f0d1b02de6931144a45092516
files/res/Stage/M_NewD2/Room13.arc,162176,f265e0303ce87f2324b35ff358c67a05399ffa2c90b42b0eb69f7046db658c51
files/res/Stage/M_NewD2/Room14.arc,188000,36094688e0e9a44db20e65de908d6694a20570f8f851028e1667e3464458dd09
files/res/Stage/M_NewD2/Room15.arc,153920,fffd516fc33101ba29ff6f313150cff52252753b58e457b936e655ff5d280832
files/res/Stage/M_NewD2/Room16.arc,145984,e8f565fcff17fb8af19c25b83b96e8cd8f8256d7f6857cefef25df01db68dd85
files/res/Stage/M_NewD2/Room2.arc,625536,c3608fef18d4fa439f0068199723420ef93402c43f9767c3bf3fc26af0896ce1
files/res/Stage/M_NewD2/Room3.arc,407776,62e54b6f0dbd6997cdb6a82ab5be53f00c596816383d0d8bc6c0db496afe7f12
files/res/Stage/M_NewD2/Room4.arc,159392,3c7ae5b1a50c7686eaa440a74f59bf83a4e327aa9808c26b06b1af92e100f6e3
files/res/Stage/M_NewD2/Room5.arc,125120,b16900b63852189f371d0a2e6722d74a5a179bac5da8bff57b075b4c8a12968f
files/res/Stage/M_NewD2/Room6.arc,124416,3a55ed691e0e0382bbc6ccb828b28b899091c81b24f21c7d23121a8e2f679c2f
files/res/Stage/M_NewD2/Room7.arc,263424,d49b92fec49b5ca069552359b334ff1955ee8592e6af5cec8a741f989dd9932a
files/res/Stage/M_NewD2/Room8.arc,195424,af7a2a71236e72551b299f83050cf987c78475ada4a68a828e306940974f1f4b
files/res/Stage/M_NewD2/Room9.arc,105,e54c523c72e65075335458db9e01af1de9a7f1562eb2ece66f2cf89a0b8fcb0b
files/res/Stage/M_NewD2/Stage.arc,116585,5af1d9df22aad6ea04d8447ac0bd6e9003c786c43de77e9340f373f2f43dce5d
files/res/Stage/ma2room/Room0.arc,673696,cdbee44ebe0b5e5740e9cf6ff7d90e428559c50293fc99520b27d16f9d3403b7
files/res/Stage/ma2room/Room1.arc,576384,39cb0cd6df488ab065a611bfdb304932defd143dd194ea6dc9f9224915fe6804
files/res/Stage/ma2room/Room2.arc,692064,7167bedce93b785c9ecc0d037fc15ddf5a5f056c7155d8b28a51beed6df2c4da
files/res/Stage/ma2room/Room3.arc,781536,9e21a5d2e16f7a387fdb521453d4ac67356a7647069c2ae94218902ce5a56541
files/res/Stage/ma2room/Room4.arc,612224,0ed77f7cb9ae75ca3a3aaf7403bd58cd0000fbda851017dff9d410b6c56c31ed
files/res/Stage/ma2room/Stage.arc,84470,c9f66b794e47072151f64bb830ca9ca98aa7b649c35aaa7a9447a7c9250555d5
files/res/Stage/ma3room/Room0.arc,674528,2cbbf075628ca7d48e3789450ea6f901a6c73b0f4f4f1f838c30a6dccd5edf05
files/res/Stage/ma3room/Room1.arc,575168,4f3587217efa345d78824804eaad0ed29558ffae1bb7c95f7cb37f4fafc16675
files/res/Stage/ma3room/Room2.arc,692448,864ac00873de83a0fc2d9be11d9c2c55d41d01812def1e5d85314e896b68ae55
files/res/Stage/ma3room/Room3.arc,782272,fe208c749b3c48c634da388b42ac90f4e23e600e50c76c5e1070d1dcfd8aa2ad
files/res/Stage/ma3room/Room4.arc,610048,aa6c5eb411c581501f90bc721dcfa14e1df6dd35bcec90caec0b9c70f6c8f46c
files/res/Stage/ma3room/Stage.arc,84524,92b6ee6265d332324c32ea306cd9142af1496ee81cfed5d53c41658b15f18afb
files/res/Stage/majroom/Room0.arc,668032,20c78ba6a71cdff922511b7d911a1ba321d98408848078ce15e672dc832b0832
files/res/Stage/majroom/Room1.arc,568704,b82358c9d95af5ebc10bd3448b383d98710f20ad4d77194020bd9761a1594c4a
files/res/Stage/majroom/Room2.arc,684672,8e20c46cb786fe63363aaedf45bf9282ce6e7e2e28c01ff90c1af762d648f182
files/res/Stage/majroom/Room3.arc,773824,6fd336e9c043349ac4e8692f52005d16f6c9bcca167053f38e0ddbca45c3d3be
files/res/Stage/majroom/Room4.arc,603328,32eae74061d12bbb9687443a257d50ae0cb19c1b7ea58202d40563ce82f170b1
files/res/Stage/majroom/Stage.arc,84608,a6f203cd5667940ff11be0ff77e7e8ca70b25edb3b10e61a89c708b935463ff5
files/res/Stage/MajyuE/Room0.arc,1212704,77b528971e44c2067606f54c72e0dae15dedcc783c602b382f551414ab57d00f
files/res/Stage/MajyuE/Stage.arc,48705,1c85477e6902d40ddf700eba7ae2c303f3c61e0f77131a8bbea865f0bab9531c
files/res/Stage/MiniHyo/Room0.arc,1219744,4c0f0143cf3829ecbb8091b5531565bed28b15ecd7402eeff18d0daed8bd23b0
files/res/Stage/MiniHyo/Stage.arc,21035,aaf8450576b1b10c74ecd7d38839b84d0914710e49ec34390d1bdad203a3937f
files/res/Stage/MiniKaz/Room0.arc,280288,6a4fa48cd684ea6b0737cca7c79d52428954e04db0bc81dc6bed7530aa1506b5
files/res/Stage/MiniKaz/Stage.arc,21003,4baf19dd3ad9f8e1836e6e46fb51aff0248f6987ac3e127d0c914e26db3a2089
files/res/Stage/Mjtower/Room0.arc,1579232,aeb04ed15b73f4013c9573f51bbd5c07309d844c6b831bd0a31109d314adbc94
files/res/Stage/Mjtower/Stage.arc,96596,64e2c4056fd8cd72709b2eb36e557f7337817d07b8a9a573e75a80286aba2b4f
files/res/Stage/morocam/Room0.arc,5171,ce6f9c467db6e90b5da59b7e18cd4bb1f2acb8cccfef7916bf282d393a09d6e3
files/res/Stage/morocam/Stage.arc,45364,fb3594a7e3217ab7887dd92ef8bbf735c57e16cddd3b17caf222aea6ab8c4a1e
files/res/Stage/Msmoke/Room0.arc,22180,43cfa1130f5174e445ebab061673e7b7c0a7aaabb725b1e9d9431a7fc09901ba
files/res/Stage/Msmoke/Room1.arc,25159,152d00c30f4adcb3678931913eafd9edb84de6231233b07d2e2f251c39192382
files/res/Stage/Msmoke/Stage.arc,53511,0a760a91183e48154f3b76fde8043e089fb153fa3d64b4dabd3e186f2f77a0db
files/res/Stage/Mukao/Room0.arc,96158,3494092fdd9e3a3e1a46375365fb91c1868445bf19683dabf73b9c3ff276cb50
files/res/Stage/Mukao/Stage.arc,29144,332b5f4f5be4998b62118d9080f74a4c05d740ca1cb98ef548155185431d874a
files/res/Stage/Name/Stage.arc,335968,d0a11979c6697ca4dd161d3f702caed8928e6478c0bbd02cf166b9fb6f7d50f8
files/res/Stage/Nitiyou/Room0.arc,149312,6043d77750370f7dd967727a091aea4eba974cbed4d4448b331c574bd6a3ec9d
files/res/Stage/Nitiyou/Stage.arc,22343,11f0a781d0911e2275b126f7d2e28b156fcabb28d7d1418c1d7ced51527a1d19
files/res/Stage/Obombh/Room0.arc,240064,3e45cd04e3c393b0d25ef98efb12913ab4c343fa486e48cb69984d8aeefbaa1f
files/res/Stage/Obombh/Stage.arc,38945,666b46971f54571d1513282637a72417d266977108527da0c542e5dc1db7dbb2
files/res/Stage/Obshop/Room1.arc,199136,b810699603723d83a6325d958c8013a2d2c9227717595d0d001ddc0413b48f56
files/res/Stage/Obshop/Room2.arc,204096,f2a4afdbe08be3724225cdb9f890ba8c9903c6415f73f9597d9076c94f79e83b
files/res/Stage/Obshop/Room3.arc,204064,3c72be373fc7c2c4d4c424d6ab3eeeb9b6221e66c44873913419beb2858cfb33
files/res/Stage/Obshop/Room4.arc,204128,7d2e3da92f7dc04981d8cb3a07225cb7af2e70964a3d415d4b67394d04da9965
files/res/Stage/Obshop/Room5.arc,10489,8b9768a7f197cf5b6642a47fd3295dd3aa31c113004564326168c9f636700fb5
files/res/Stage/Obshop/Room6.arc,10489,45dc3c978cafdde4a82aac20073c883342fae0909d13fe9e6e656de8ef67ea47
files/res/Stage/Obshop/Stage.arc,23626,93e674297fa2373dbd8d963524f8cefc018b2d93194dbe7253e61b3c718ff9e0
files/res/Stage/Ocean/Room0.arc,107808,65a4e535e00d536d43293d236e233de96f8e8810b1aa2fa40d5735661c06d6d2
files/res/Stage/Ocean/Stage.arc,42214,15b62e372e8f03d4255e72de2c099aa76df76fa55da6e45cf99703af415c9ef1
files/res/Stage/Ocmera/Room0.arc,347424,2b05b0c364a37deb36683c38bc382379f81978ef30c08188886d0525486ab07c
files/res/Stage/Ocmera/Stage.arc,25411,56c2417b1dd7746508593be81108c9131aa74b05cbc1d908972b2e6e1a589a2f
files/res/Stage/Ocrogh/Room0.arc,396736,69731633cdb3a671849c906e70c49f28c41aa2aab68c3f739b5ef3cf21f5e457
files/res/Stage/Ocrogh/Stage.arc,82352,422565b202ebe09c1e62e50b80dd727aaee8f33cf5c175906dae0c82c0f4e5d2
files/res/Stage/Ojhous/Room0.arc,511232,da7a7f5c005f2b9a432828b175a2ca77063b1205ba416321541f4070d63e95d0
files/res/Stage/Ojhous/Room1.arc,156459,6ba05c7b4f622e9782d31c140345284fcaab1b07bad4d4d809ad85a614276582
files/res/Stage/Ojhous/Stage.arc,90724,16a45fca62d1dc560947be7fae8d4e2aed7fefb6e0b3e7afcd830ad1caba5d33
files/res/Stage/Ojhous2/Room0.arc,281809,11bd5d3759cb49397f369bb1321d64c4eef1426dc7e534d81fda58e87dfbe9aa
files/res/Stage/Ojhous2/Room1.arc,264224,4a2928a7ebcaaad7bd9a2f15da63186d5b78d1bbb83b647afcfa1571d699cccc
files/res/Stage/Ojhous2/Stage.arc,90300,eeebd0ab88a345e88d409d709b9b1927695eaeb80024bc7baba1b850bbd16f95
files/res/Stage/Omasao/Room0.arc,299296,a2c9a90a4274d94fc50ff3e438ab17c40bdfb764f18e690bfc1dd7ab9c81e674
files/res/Stage/Omasao/Stage.arc,79737,c6815345dce2a2881b9dab70192043ebe8991cf1a1002e4c983d8ebd64a722b5
files/res/Stage/Omori/Room0.arc,356672,4293cf4a59bb324ce17cd6cfa23a78939eec93965e35673633c3971634587ec4
files/res/Stage/Omori/Stage.arc,44998,3bb67cddf092f399e27b0dd7ecd68fb330a3101b1461c6d6ce310f771a1ec9c7
files/res/Stage/Onobuta/Room0.arc,362496,00c91bcab34604e07e74f9b0cc2f360e295ade156085f84083dac64c687e6dc3
files/res/Stage/Onobuta/Stage.arc,79811,53987c8cfc107847292da0ef4a46db18f9bea65cb25042fc5088266b676b0956
files/res/Stage/Opub/Room0.arc,588128,6dee4ed371868557a85479d43e3651e0969f3feeb54651d19450492a97e1c523
files/res/Stage/Opub/Stage.arc,41498,4c42667e78d5908a77a28e7c0cde60a3943cb5d8904a2c447e32c688d8fe8a31
files/res/Stage/Orichh/Room0.arc,409120,bc9966f4ac1a47b996db347d34559153ebf51f7ccbecb612642e18178cb9b612
files/res/Stage/Orichh/Stage.arc,48631,c7b9e9e38929432c277c9ba9be2d4c4b12fdf2a559de45181b485bd40d4c4e18
files/res/Stage/Otkura/Room0.arc,151296,953de29295eb8925b13e1f7c94f052f9b753e9dbfa49d1733217e4593c0ed069
files/res/Stage/Otkura/Stage.arc,22431,8f6bf35c1d0e2698098df12b5ed1818bd673cb03013ad083cdd00fb5b9cb93d2
files/res/Stage/Pdrgsh/Room0.arc,188800,960ac3859f54039c577cedd63fa5142be56d51ae97b762b57063639913e7361f
files/res/Stage/Pdrgsh/Stage.arc,24616,1f063c0f358d6a762e5eed17a7251c9f18fcc8f797d4f46929db25816c307113
files/res/Stage/Pfigure/Room0.arc,975744,4e49c3114d2e6eaa7ce636034c51bc6ebb7331c2f8dfdb4a35db707d0a41e16a
files/res/Stage/Pfigure/Stage.arc,21070,fb8e79c52bfaae32b6b211c6b9f6899eabbae7f0ecb0660cfd4884c5090e19cc
files/res/Stage/Pjavdou/Room0.arc,85600,48cb3ba7bd5ff5b223079b94f1b3c4c1760f4fef11e55a02ad933a4e4a4c6320
files/res/Stage/Pjavdou/Stage.arc,38622,9394eee9a3b414612562e16b1c906be2c2835cf3f768d6d5e9e9fdf95d9571d6
files/res/Stage/Pnezumi/Room0.arc,256960,053dc464b29fece9913720c25fd01a1ebfde2a1292f9c3ce1df67f4490904b63
files/res/Stage/Pnezumi/Stage.arc,26227,17bce438b0d6b40c6a5bf9adc27e5369c1c2ad85d490e95a5737f716eaac5581
files/res/Stage/PShip/Room0.arc,321376,2d170ab9fc565ae644322087ef6080fbd4f837e7a77d500d09bf4abd74029c61
files/res/Stage/PShip/Room1.arc,321184,18393505eddfd21e733f6f60b3b06997dd3b260c045164eb80a963ef1e5d0c4e
files/res/Stage/PShip/Room2.arc,320800,22aacb409c98d8379b18edb1f659d9a9fd0ec678499774eda3ea11388746f256
files/res/Stage/PShip/Stage.arc,21923,14788c16249ef0701b7b58179833f40ddbe886253c2f371f2a06e2d872c96cc7
files/res/Stage/PShip2/Room0.arc,27844,23597e6bdae8c7dc82b6d242a70ab00e52a923b3c333e312f7558e38d9cecf67
files/res/Stage/PShip2/Stage.arc,21077,0f4765f1f7c8ce8f74d917aec207a50c803722b6e37d6c432dc73198a31721a2
files/res/Stage/PShip3/Room0.arc,27844,815cb9e871f3af1e4d34a1d1d7332f954985e40288924a76b14d078ece5ec887
files/res/Stage/PShip3/Stage.arc,21077,0222018c1480fbe20de9dbd96287bdd7d0b7c4f69581492d57a4e9d66d2396dc
files/res/Stage/sea/LOD01.arc,4449,b61fea8e7b8d6840e50723a94cbea34c8182c022cc4d5ccdcd17d5d30bf36d1e
files/res/Stage/sea/LOD02.arc,2074,e9daa0cc2477a29b30daee2e5a1ecb890aadebf5dd3b35b703d691eeea8d9fbc
files/res/Stage/sea/LOD03.arc,3330,27d1d047de7381bc3cced47c7de2615ea51f672b1f6d6e63de1d2715095e8590
files/res/Stage/sea/LOD04.arc,3315,436fd8add87d28e40500b3a5c231f36b96b06512b27d83158b06765d1fb0f643
files/res/Stage/sea/LOD05.arc,2275,e291ef0349049cfaa0cdb1bb86ee8a7d708b188c19a54f692793780535cb4463
files/res/Stage/sea/LOD06.arc,2656,833feacb0ca6acb9f1c4dcc3dfedb7d564d7f400778c2591d8360e3d77f05b5a
files/res/Stage/sea/LOD07.arc,2514,37bc952defe201f7cb812416924f575270313ce137f22eb1ad1343d55c21e802
files/res/Stage/sea/LOD08.arc,3737,8a97a088a457f659ab65add0f8687f21d560d02c5415b103f7dc50e2fa1d492a
files/res/Stage/sea/LOD09.arc,1838,301b19d6c748e6239baaf46295f6d4d7094834879cc5283982314cd96b74356f
files/res/Stage/sea/LOD10.arc,3200,b571834c6457ea27fc2e0aa8686df50de172c5cc30fa3b75eecce95cb62e873e
files/res/Stage/sea/LOD11.arc,8562,9f69e78bc2827c3602c9bbc2473d3b0929f5a6a7b5182f1be7cd106145c803cb
files/res/Stage/sea/LOD12.arc,4409,1d350c3c064d97c6d9739462558f5ee3f2ef5521084eb14024a90e0f895ef2c5
files/res/Stage/sea/LOD13.arc,6100,626b51b181263a5b97deeb7bdf0ebaed741dbecf14df4f7ccf46d426fc4d4a51
files/res/Stage/sea/LOD14.arc,2756,9e7195b7aa102fe3d9e7a48f2384539894ac255c2b7dc6d9cd5c892903c23a04
files/res/Stage/sea/LOD15.arc,3450,835700cacde9a04a15562e48925d9c5caa7fabc07568629911ab7d49ed43f6c4
files/res/Stage/sea/LOD16.arc,2890,c0cf96c3be73e7c36859afaf44e643dc71d99a536945e483dbbf29adb2ca4322
files/res/Stage/sea/LOD17.arc,1815,d739292b14858dedd1e5ee2af442b522a3df7fd34da97e6fce6ec57442782ac3
files/res/Stage/sea/LOD18.arc,2201,d010e64baaf06d5d926cd25df36c47d1ae77acbf30443fb93cb697b9230a8b6a
files/res/Stage/sea/LOD19.arc,3457,f469b5efd119bf475729454ae15f9a20213bd67304c10a38d1c98635f583f18b
files/res/Stage/sea/LOD20.arc,2562,abb3e78a8b02890d3a53740a73c854395185697cd296351bbdbda66f0ddd8682
files/res/Stage/sea/LOD21.arc,3228,82ccb589642182f6b9f8a0646cd2c7ad81825ee42a1bdad443192b80a8ae5532
files/res/Stage/sea/LOD22.arc,3423,b3143533931f111929bb02077e7e68dd2e2ff498cfea5404149d6ee16cbda0a6
files/res/Stage/sea/LOD23.arc,4741,1c407c55812e8d6f2092146e3c5fe05ff17ef688e2adbddad2e2115d4f5c120d
files/res/Stage/sea/LOD24.arc,2786,3117e606d7381233c7cca856d65b8ad07dae19e1de9cabbc85c841e2a25ad3f7
files/res/Stage/sea/LOD25.arc,4194,7755a040be815bee3eaafc90470f11eaa5023f3b59cf671c60edeaf778799b77
files/res/Stage/sea/LOD26.arc,3297,7e87c417ca6ed485a3a244496e21b122e2354fb4acc63822e338bc3d4c7f2135
files/res/Stage/sea/LOD27.arc,3748,a5409a49a0d3e6c7347d85efa0a0fa966bdf755b203eab0bff34e16833d5375f
files/res/Stage/sea/LOD28.arc,3481,f06942a544e4d8f951dd48be96651043fcf1b51890ed1a7200b99b550c42cf8c
files/res/Stage/sea/LOD29.arc,2179,949faa8c137eaeda7a061d8ab34a2b21defe6137f0bcd81b36449d44ecb89e11
files/res/Stage/sea/LOD30.arc,4678,a7cad859d3092e6a5c125807f942a4b62254488eb1777cc6d03e78e5c86895d9
files/res/Stage/sea/LOD31.arc,2474,1bad53f478c911e547d300185259273be0b23d86748bdc8d1ce13114e2f5c2be
files/res/Stage/sea/LOD32.arc,2229,3e069373fcfccfde537a8b963c14df9b3b035abe502edec70c9e76142ca77b98
files/res/Stage/sea/LOD33.arc,2394,7ad75e19e6df6dce00e69da532d75e4de5394217b5d30b7f2d36c1ffadda109c
files/res/Stage/sea/LOD34.arc,2539,be8e73f1c5127bac0fc0e265291252e3b81b0ff6cfd4ff6075f0ce294994d898
files/res/Stage/sea/LOD35.arc,3007,49c31617c66f8e65775260be2f32f0b339159ea1ecec4f02008409ce434a2641
files/res/Stage/sea/LOD36.arc,2218,c415b57366f7166ca9b1d14f51f5c9fbdf5d74a97b0a26324440aed280e525d5
files/res/Stage/sea/LOD37.arc,4190,314568bd1cbb38d8f00195b683fca27a58428bbacf37be40bebe57049a4049d2
files/res/Stage/sea/LOD38.arc,2445,0542e5d74e00b261e6b4d9da4367bbd2944ab89fd795fa08feb2111b07d6b80c
files/res/Stage/sea/LOD39.arc,3337,4e143ebe0fcdbf668da9eeae895fb4881a60b05578d6f214dff99cc605bbe109
files/res/Stage/sea/LOD40.arc,6150,94e4b033e34560cbe798f7a26e21a67920484ba9d36b056df58f16df15fbd685
files/res/Stage/sea/LOD41.arc,4179,8ee3fe6a83c7d696c086a30add0e9f284de8476d4ecb8792726dff0a4c7e3b65
files/res/Stage/sea/LOD42.arc,2233,e99462a5740e88f83647ec61549adc7fea4a51932be6eb84758e530b48ffe690
files/res/Stage/sea/LOD43.arc,2217,6ba428a46eb2480deae7912263b379e61f98ccb41820813a5724978e6034db9c
files/res/Stage/sea/LOD44.arc,3654,32cd065c3d5cc3aaea6dc4c07352983511da812403e0dc2a7259941f893eb27a
files/res/Stage/sea/LOD45.arc,3101,e667d03064a6db85efc55a2defa482fb43e149df5d4ca784bbd0aeffa7289089
files/res/Stage/sea/LOD46.arc,3063,6940f3a8785555b9fe6eadddb9d8445369e9c8b815ac1b41fbfb61bcc3418377
files/res/Stage/sea/LOD47.arc,1994,c2b3eb9b622d552927fc06a1304b7c067f478d2e6a4a698ca8e4b3bc742d5f65
files/res/Stage/sea/LOD48.arc,1850,42bda9463538e048d536e318af6171db99f37b6ab337581dac3dcd9ef911cd20
files/res/Stage/sea/LOD49.arc,2231,08da5254c810aca60c4b35b7d955b5236d8cd38a138ea0d6c548722568bf0f7e
files/res/Stage/sea/LODALL.arc,137731,dff0ef0fd8ab2402490887426e648f51b92245e6392cb8e81e7e313d4d2ad6bb
files/res/Stage/sea/Room0.arc,16000,30f6288e3d08bab091f62b3b3cb885f62cd753c9c581e65b8180d1ab94f20f23
files/res/Stage/sea/Room1.arc,1116384,c47966d45bc6cdc7026cae091923f54008c0291dcedfbdd0fc62b8bfb695feb8
files/res/Stage/sea/Room10.arc,399232,54f1661a24e38faf7d9f0160cc36299ab7f4bbd2b588d334c0320a2d91108c32
files/res/Stage/sea/Room11.arc,1230880,7239e4c11bbcf2723e1c273be7cb0c622682fa82b6935c0198be636566f67588
files/res/Stage/sea/Room12.arc,217600,82f6215473608a847e4701bc65be3f6e937cd03dbb2e53149572ab1b2cc273d6
files/res/Stage/sea/Room13.arc,700096,9fdf5021c85957aeeda1d62783ca5c1982f03f54caf13e38a8e4a6e6bc6c9d43
files/res/Stage/sea/Room14.arc,226176,106e1c21b4781784a5c3872721f18b07fcff7fa89947a7e64a7140be935f0c5e
files/res/Stage/sea/Room15.arc,142112,021cd8aa797a24746ba977c226bf38e86e93f392292f63193df3cf36047655b8
files/res/Stage/sea/Room16.arc,137760,35b11919cb8f305491a10e58bc9b15bbcb5c11a70d54dbb199fb36e5a9907fa8
files/res/Stage/sea/Room17.arc,765856,5673d440c61764b39526f42c97dc6dab4e5fe49c26b3de2538b81c7361bc76c8
files/res/Stage/sea/Room18.arc,40384,5c0f529ab7035846d7771b1337247d4659d6ed13d6a96857a6734c90428fe5cf
files/res/Stage/sea/Room19.arc,139968,1f6d7d0ed1cc7b38fa4ee8cc311682d0df7c8767b8c007b32552c0db9f73963f
files/res/Stage/sea/Room2.arc,84096,5b79b7184b7843710590e610f5a513ec1d4d1fe961cba5f9adc29d2caf7dd81d
files/res/Stage/sea/Room20.arc,136128,4d6b996bdd4a6df593cbdbc4fba44f9012df415e58e314a723c1254d44ab5442
files/res/Stage/sea/Room21.arc,65312,f8f3024301fd366f1b7372b7fec786048b71fcb2cec15ed7f1a365ebf5dc10b9
files/res/Stage/sea/Room22.arc,160800,6e587873fe385ebd5f74d97a862a267145e3855026a628fd19e0b861122015cf
files/res/Stage/sea/Room23.arc,451264,54144d845dad284d6231021ddc1ade55882998e5edf0b5ce15492d9543ace702
files/res/Stage/sea/Room24.arc,154592,7fff54731f282721fb8a1e74580dd11d537d420346278afd4a6a136b3e82ca7b
files/res/Stage/sea/Room25.arc,176320,2e805478a9252317ecef8dc00563a580feff43f1839beca70ecf71f796eb978c
files/res/Stage/sea/Room26.arc,3424,681edb2e5cea4d654cba31c3fa15ad500df745bc5f31030f7cd77c06dd748c45
files/res/Stage/sea/Room27.arc,41472,0d085e6d88c8b07bc148b491cf646dbefd0477e32283d1a2d23e97909610cf0f
files/res/Stage/sea/Room28.arc,174880,35c7b55a6dd87a695e004f2a48c168dfd53a75a37600dbe55cf6560ee4a37cb0
files/res/Stage/sea/Room29.arc,79808,5b9af973ad79a5beb0c1c09d4ca1b1cb1eb23d3741b3b8315e834014aefb5afb
files/res/Stage/sea/Room3.arc,152064,1f0714a22d54f6a58eeb43a9807efca1cebca9809e105145b8ccfe98c3491f36
files/res/Stage/sea/Room30.arc,156320,7446dff712837815a02916dec3b89b47843724ea8dadfb59d5a8d2ae3be68862
files/res/Stage/sea/Room31.arc,214656,13dbf1a6cf3fa0161689bce346bf10b1fc5b2be6f90030cd88c65bcf937c169e
files/res/Stage/sea/Room32.arc,41248,b487f5e61070f0e0667e24f2a544fef237695ad7ad5e1fc3c579c4c1599e228a
files/res/Stage/sea/Room33.arc,486912,7b87a0e00403679c97081fc4919efaf919d66a6a7fa291d9c11d8cd85c7c1bc1
files/res/Stage/sea/Room34.arc,65248,72387042b9fa89d9c6e6ba5a6747232265db02aa1d140760bc965fdcbeab008c
files/res/Stage/sea/Room35.arc,216608,cdac51e935039af2f1f0e9c1cac519023f17cbb1a89a98b91cc2fe09350eea16
files/res/Stage/sea/Room36.arc,209344,3fc5d4a7e768875cddef1475ccfec4d71fd90645e5ae6bd83c8507233b5b84a8
files/res/Stage/sea/Room37.arc,172320,8b051a8922e5f03d572bb41c3ca16d41440d8b239cfc31e77badcdadc1d0eeda
files/res/Stage/sea/Room38.arc,85472,d93b0d6ebc05ebeff13abd07eb0e6341336c2a6eac17172da3705552122c9728
files/res/Stage/sea/Room39.arc,143168,7628537bc8ed6e564c197cc341f6e819933dd41a2aa69ec90efd106361fc8078
files/res/Stage/sea/Room4.arc,241312,12b09f2db836d86b27ad14aee973b4f85366fa92585332a20e39637939a4559f
files/res/Stage/sea/Room40.arc,319136,6452fb46dedf7c76363dd9bcb564fd835424e8c21392fbb48b0a991b57599750
files/res/Stage/sea/Room41.arc,789088,8b8d2b1705b16d3d481c8fa1fb7d3190852a67e30c0e5283d03b1b79c0829cad
files/res/Stage/sea/Room42.arc,109440,815a2c7682394001666dac38979cabad2cd1c019b474fc6ba1d62878fdfc2062
files/res/Stage/sea/Room43.arc,116736,eff69bee6a73ffe31a582e9c5604fb4fa819865a853194a6092f84d725eb347f
files/res/Stage/sea/Room44.arc,729408,9878a0093f897a24199b66006867b95ddd678acc5864c68793724a7265350822
files/res/Stage/sea/Room45.arc,175680,55217e4e65264a4e62c2ca6c939f6cdbb6a3ce4e5311c8794bd5f9cd35356dbe
files/res/Stage/sea/Room46.arc,158912,825477203f2a5463227229c1accea9112bbcc2fc1fab7e3a12d349f1787d6a14
files/res/Stage/sea/Room47.arc,199936,7a9c6f759a97514b5e3d01e6166b03757500fe2533752b8072b48aa92a18d1ee
files/res/Stage/sea/Room48.arc,92768,1ea227338088e417b10eff4ca7991197ae130853229cea9635398e82a1e0d005
files/res/Stage/sea/Room49.arc,56704,98ff38586c44ab1c19db7ef7d732fcd7c1c55bdf8f57cd512cea6117688ac6d5
files/res/Stage/sea/Room5.arc,57056,18b566cc3021c94b2f7afa950e2e1b3708d93ec0898cd2efe87fed1052cbca45
files/res/Stage/sea/Room6.arc,65696,66af7050c3251f51f6a473a761f124f98504a1d1a46a75b3ac920b1b0af3b9cc
files/res/Stage/sea/Room7.arc,215680,83bac84a77e351648ed43c71e2ffec574243509d7108f533dbc6690e5275a370
files/res/Stage/sea/Room8.arc,164064,f31a56ac04d3e1841d85a4f29ccce3e55baec74554bb5aa30f60ed39adc62091
files/res/Stage/sea/Room9.arc,457120,cbc7af7d623e811eb1db9d08a345f087c1c61427d0313831f274a7805b00fe4c
files/res/Stage/sea/Stage.arc,149191,c178dda31ca016a671ac3b4eb5736623d517b5b2d820203e4e30bbf267b20f75
files/res/Stage/sea_E/Room0.arc,5662,e1aadb3fe9903d28e77b2bfc8da8515a29fd1b34272ce0607f5e585cd43467b2
files/res/Stage/sea_E/Room44.arc,387032,d3f3dc94d67d1728fee6927d6882d853704acd34127dd5f513eff8a9902abd42
files/res/Stage/sea_E/Stage.arc,60683,9b614e966707ecff5f0961126dffcd8b5fc7cd3886301be87f561dae162ee3db
files/res/Stage/sea_T/Room0.arc,5631,afa5e4947528404f8a574ba89e92a3639deeded9ce4bea9b06dfb6a5c89e662d
files/res/Stage/sea_T/Room44.arc,714816,d078f849fef75b690c4b469034fbc1c9bd11d2d3b49368f17c633986541b694a
files/res/Stage/sea_T/Stage.arc,59889,c1f55242c5a2b6345260b8e1a3066baa2c63a4385764f3220ac6d4428a707c85
files/res/Stage/ShipD/Room0.arc,392224,b668c52a35b56c4269187e738d88e5ef942b50c2cd2c6a0fb143d5512b25b93c
files/res/Stage/ShipD/Stage.arc,20920,d08756c58b2dc212dedd804cd8324063c1614ce8c4e822f6e45fd34862be1d2e
files/res/Stage/Siren/Room0.arc,700544,4aac9dbc9863c9ae4511426a034f0f0b05caa89e9bbad4e00ac00f22f493fb2a
files/res/Stage/Siren/Room1.arc,287200,d24c62955b094fb5702eae995fd9c779cdbe1981427e2e28c481dc97b3ea59b0
files/res/Stage/Siren/Room10.arc,364384,3b861a3c6e604f03d9735c1d6fdb4bc2f75b7e213b49a169385819bcef8a9007
files/res/Stage/Siren/Room11.arc,329120,d2fb3e967f7f45023e61e2a94fac0384fa07f780607889c26d3c2a5e1765c8e8
files/res/Stage/Siren/Room12.arc,254048,ff12fe6135959ec40ae241ddea13ef469e1670c5c98190647dd52029d1a3f630
files/res/Stage/Siren/Room13.arc,428192,1a43e9f2f141d8587477fd73c5c2036be46a459bdce3b00e53536bf87d7421f5
files/res/Stage/Siren/Room14.arc,389920,53d916ffe49ac87ec3d600941e05a29b9b55634d2c1c14a883f4a360ff290841
files/res/Stage/Siren/Room15.arc,232416,823b577d1a3846a0b6c10742888bc510bab77ae090435eb86f48ab03def4d2f9
files/res/Stage/Siren/Room16.arc,398592,e610be9065a7c6bc4ff30726d1d18f8ed2d6cbfebdb5237c873a40b3d457b04f
files/res/Stage/Siren/Room17.arc,255680,e54292df04ed6a48651cc24577f4ba7e71e168e7bb7d6bc29970905ec87a8554
files/res/Stage/Siren/Room18.arc,550784,25676cb76629c355534997b6edd26165d921af6c8aa06c224beeba5efc82fc94
files/res/Stage/Siren/Room19.arc,263039,f4e0dff618657d5ef43e79323663b7ef320ddb342c2629388a17633854547bd6
files/res/Stage/Siren/Room2.arc,424608,d505548f56f1a1a4338560440db8abaa633337c45741dd683b7fcc827d0ccf00
files/res/Stage/Siren/Room20.arc,124926,c7f90211035f84438178fb4c534a09b293992933848de6d17663839b9f2234cf
files/res/Stage/Siren/Room21.arc,112896,53b07f15696482863b56f3b799f3470e0540c4f556a5aee6dd241afa8cae0b83
files/res/Stage/Siren/Room22.arc,112672,419a7ef5415ba21718fd5bc5299cd640eacb222fcfd6f431905cdabcdc609355
files/res/Stage/Siren/Room23.arc,160640,9f747f24555fbae59d7db6428374bee7f7518fbe3da3907fe38bca88232fbac9
files/res/Stage/Siren/Room3.arc,231104,08ed309705999061275a05753c4e3c47ec177113202f3ab34ad8e48303ed9be8
files/res/Stage/Siren/Room4.arc,349344,51e6b242f66e3142f9625c4e11795700924d580fdb4be05ff79afbcecdc6d581
files/res/Stage/Siren/Room5.arc,348160,ae901af2640b580542d3562358326574ac2e4590e3cc850f96706991ffe3167f
files/res/Stage/Siren/Room6.arc,371744,2e5c1eb74ec5ba49910287b706f60bc496c8de597f1828f1f0f0cd23986d8539
files/res/Stage/Siren/Room7.arc,497888,0f1e9419bba8dd464130d3799a9b1e12e081a29131cd810f88827d43941c0487
files/res/Stage/Siren/Room8.arc,433216,55faf4aa09ab3d02db664a3fc1ddcf1ff2868acffcf162920c32ee71205324ef
files/res/Stage/Siren/Room9.arc,254784,f45b7bba1ab6890db2032b3e23e07c28ac72c5861ff1ff173d3c9d2b7a857d88
files/res/Stage/Siren/Stage.arc,112953,1f1569cc06cd8febc2784a917043dfb5d6a4c0c8c41e6ab60a7540913dee803e
files/res/Stage/SirenB/Room0.arc,205120,0f9914b7e30c6fdf9d1bd43385231ff69ca943eda31ac5867606038d196acc6c
files/res/Stage/SirenB/Stage.arc,78297,36179c698a7f9973108a58e194cac8809ff4274bd939085108189fe7e00c78c7
files/res/Stage/SirenMB/Room23.arc,330304,4456c96062c4d2b594f790ee4e2b38dfcc9356ea9084c47ed739d66ae408a5cd
files/res/Stage/SirenMB/Stage.arc,55000,bf60b74849fa625dd717cd82a5f4fb7f12e3a0776c79197a7e92d9c26c13e67b
files/res/Stage/SubD42/Room0.arc,394432,3d670a05946a3e88a68aeb16b367d61b79a438a15a1ca730169cbfcf5ff3002f
files/res/Stage/SubD42/Stage.arc,20950,2d873e79929b599f866aef28df1594806387d932965694c82f67aecb38104c6e
files/res/Stage/SubD43/Room0.arc,294496,6b1492c8871039e4ce20a08df9229339379cc8aadf4ae9f9966d157a1dfe019e
files/res/Stage/SubD43/Stage.arc,20952,1ff268f36c5657d5c3588ead48bc580a5f90fbf866fd5b5d39a15a66748e35a2
files/res/Stage/SubD44/Room0.arc,59771,a3e5b4f921145fb7b9e7edaa3e533e42b35311979d3fbba3260b93add620404d
files/res/Stage/SubD44/Room1.arc,197167,16cbd0f81f5bc6d74645eb0b1f778c494ac81f40a3d77bff9538bbb75365d6ce
files/res/Stage/SubD44/Room2.arc,143553,b7d688f2506260c0f58c0f02695b5de69062c0bffd8d0d5d7754a1c8246766a1
files/res/Stage/SubD44/Room3.arc,143393,a2063fb25a29e4b1cf27765e561479d31fbdbb3e5b32ed94f57f086d031d5097
files/res/Stage/SubD44/Room4.arc,143285,3c151c2b66e9d21a87f12da230b2d9a64db271db52ec8a09d9b64a8bc3422a3b
files/res/Stage/SubD44/Room5.arc,143774,762e3c160ffb397a4726e2752eda9b6781169a37ba1fd2ac4f88c8cdd154b2be
files/res/Stage/SubD44/Room6.arc,111547,9be21d6dce56d5fc0bcc1b18203571f8cec56e65f95df314e3ee3133fe830570
files/res/Stage/SubD44/Stage.arc,88695,93ef4b109227debd4403cc692bc9e431cecfc9634f17df449d56033d9d42d9f2
files/res/Stage/SubD45/Room0.arc,141454,eda3cbb32e5d71c85695d11f06081a676791871fbd2b2a9b66832dd25a5b131c
files/res/Stage/SubD45/Room1.arc,141426,37685ae7eeedfe792925d99097e86bdf5cb31d6014149d720626a420363422ca
files/res/Stage/SubD45/Room2.arc,141147,1031edf4d86f9fc5154e4025418e3110db625f92b73bd40d530b72161e20757d
files/res/Stage/SubD45/Stage.arc,20889,cfd6e40ab5c457cbb52d99bc7beff3b7b367c50f98b7b0d6dbfc4afc19b8f8b5
files/res/Stage/SubD51/Room0.arc,114016,328345f53d5b458baa9ecb7120d686efbfb96eeae6fcbdc19f26c26acbd486f1
files/res/Stage/SubD51/Room1.arc,206912,25184facf8abad229da72c2e599bb7ee4f3f8d71673f2253d3269f4166aeee7a
files/res/Stage/SubD51/Stage.arc,88993,0c588646494e2e8b42bd530296dda06ca963688d84c921071fa3ece8e4f8ad94
files/res/Stage/SubD71/Room0.arc,396896,9f61224f26543770c0c499d5abedfca710ed8eff2b1054ee9961aae7136d4433
files/res/Stage/SubD71/Room1.arc,321792,0552c0833990cf56980e7a3ac99fcdeeca962eecfa91d18ea1018a1738709f69
files/res/Stage/SubD71/Room2.arc,321440,b4d40dff8360fad2e206df8e7041342ad2abb3618858a1f40846bdd381fceed4
files/res/Stage/SubD71/Stage.arc,20939,c345d67ed2de3eed56eae987c2acb67113579d54128a0c38b84dd808143b7f96
files/res/Stage/TEST/Room0.arc,7353,2806c8cdfa95ef8b56d799992f41cce0018ee0e59d32297dd74c8b651f157532
files/res/Stage/TEST/Stage.arc,17038,9f237fc4a65f470bb0c1340f6d71277277ae1abb956a637f57bd1c6eb5338940
files/res/Stage/TF_01/Room0.arc,139488,6fb8b3df3822af2363425a0083c61eb6aff9e016a1c238219cf1f78bb3d3a2a1
files/res/Stage/TF_01/Room1.arc,436736,9bae92bbd91b197e9c5de31954db293c416fe2874ed029ee016b69d1fc266e73
files/res/Stage/TF_01/Room2.arc,313120,64932a8bdfb4df168d1f6d9c01fb4aadbbe1e02db805e27af5831c9c02e63b7f
files/res/Stage/TF_01/Room3.arc,312800,dc95d1954082598d4ddfb228679816ba327f7d5741aedb7f2da60eca68e4ca11
files/res/Stage/TF_01/Room4.arc,312544,cd209c965591d4f1c2cb16e8fabba32baf4992e8d7d0759fc040aebbde219d42
files/res/Stage/TF_01/Room5.arc,312896,ca65b5b65e5678bbadcdf8188c0f580235bf7f5b58e122e3bd91d8bd033caa02
files/res/Stage/TF_01/Room6.arc,270464,8ff7be46598e22528ba0fd8a16f23543a56611f70c9791e2948b305ed86592b1
files/res/Stage/TF_01/Stage.arc,89217,fbc23220c012da1ac8091b23f93e38c78992aeb9f9c67b9f3a7072152bf02f19
files/res/Stage/TF_02/Room0.arc,139488,cff224ce9c619688e215516df2e277ace0a6ca47fd85b35aefda0ba83fc72d78
files/res/Stage/TF_02/Room1.arc,436672,cc3ebbcd8012bfddc06f578e6ccbb1b91687e1f22064fb121a5c3145bf753ff5
files/res/Stage/TF_02/Room2.arc,313280,724dcb9600e587b3aa924bcbc0774b632c72a75f2eaee055be1ec0ec6a40ef71
files/res/Stage/TF_02/Room3.arc,312832,eba575df1325359bf9a717a9f2bf155871da7ee3a784be516e9bc95462e0fbb8
files/res/Stage/TF_02/Room4.arc,312640,6717204cbc1836da914bd2e5b7281854739ec56e18c3b013d927f966f391d68d
files/res/Stage/TF_02/Room5.arc,312704,9f8dab13e110010752159b58e65638eeaf4b78f609737e4d5c2da961278081c9
files/res/Stage/TF_02/Room6.arc,270464,9f2a0a2da8a99d13bfb969d96649de530bbb7dd6c228a1cc9ecfb5808bb662fa
files/res/Stage/TF_02/Stage.arc,89217,28b9fdbdbc87ba01274816986cecb608c213a4a056e51c63ff52cf1e8704e4c0
files/res/Stage/TF_03/Room0.arc,388128,c897ff90e49f4a6161f7fc95c9a159655170bd17f204df253e652fb68d0155b5
files/res/Stage/TF_03/Room1.arc,100320,aa2ab1e6ee416579f8bcaa0dd64eb62b7d5bed17ad830df4b21ae21e406becda
files/res/Stage/TF_03/Room2.arc,70144,eaca5c28a1757fb00d33370c3f93f6d5a750e643907e0be9b333c880b5a464c3
files/res/Stage/TF_03/Room3.arc,70144,50d70f7ee071451c10e54f74d968749f9ba21ac441dad9aa502adf5b9a7f6d79
files/res/Stage/TF_03/Room4.arc,70144,5b6fba7c01e536571ce0e1848abb647681de25f5b214ce44df74bfb6d02d7501
files/res/Stage/TF_03/Room5.arc,70144,fc2a56a4352c8ddbf3bdd42593f2422bb9bc4b75018bfd28e6be79ed0cfa6b9a
files/res/Stage/TF_03/Room6.arc,72672,a4597c81e7a96d5e39cce09d15c842a224a55d0209ca3c3b0725553c4e2e0a72
files/res/Stage/TF_03/Stage.arc,20880,70c8671f7e481160660a9a7df6d936f5dcad97c09365824d93236ce163bed318
files/res/Stage/TF_04/Room0.arc,527808,a82b63ec291450f050e3b80bca422aafb41b743781fe009e517e9797b72f61e3
files/res/Stage/TF_04/Stage.arc,20975,deab664bee8408bec1c967a541bf2ac7a5583847ce67a8d999e2501c0b15a902
files/res/Stage/TF_05/Room0.arc,50319,7077d7872b3495c7b3c9c310df9b140f6df8048cfd374513a539591f3f609ba8
files/res/Stage/TF_05/Room1.arc,58796,18a1fb1b884ead3d6b779b36c579b0903514c91fdd23c99da3a622b74105a210
files/res/Stage/TF_05/Room2.arc,48809,4e9893c1c7314f73e4b317efb7b648d28fc92f079d5ea0226198da3199f957bb
files/res/Stage/TF_05/Room3.arc,48768,32609fc3b883807148edec10050b5868672aee0d92f72f48c88506d33eeb5da9
files/res/Stage/TF_05/Room4.arc,48794,9fed14556e4016c4841a665e09f81ad2149dffec366c65790953e7bd19fd5361
files/res/Stage/TF_05/Room5.arc,48776,177932a2f68bb230bdedecaa4c3a3e7ac24457a1885174b492cfa3443111b2aa
files/res/Stage/TF_05/Room6.arc,49487,088423026bf0f6d915616b21c4c0d1407bd1b4bcd9df5ef399773fe7a391b8cd
files/res/Stage/TF_05/Stage.arc,89188,fbad358b5276d1bed7e6f24e9221bd571f8aacf6d971e160ba4475a77504634b
files/res/Stage/TF_06/Room0.arc,141472,749bbb879432be76a35317334704cd58a40f7eefeaaf3418c611a46801aaaf9a
files/res/Stage/TF_06/Room1.arc,359200,7a87e3253325c7a3901497423c3976adee6d9962287d41201895446b5c894bbd
files/res/Stage/TF_06/Room2.arc,359392,e43ea784f9945b9a107db95ac8fedacb86342819a0749bd3267bc6e56d1950df
files/res/Stage/TF_06/Room3.arc,359456,d615ae8c5e21b818e29d053c2cb502593f694dc86d91603573e84166b7f2ea14
files/res/Stage/TF_06/Room4.arc,359456,26bfc7ad7a464b18ee7dfe850a6985ba00702240d05a9c020a22503785be2c9b
files/res/Stage/TF_06/Room5.arc,359456,adb2dad9e1c34bc1009fa63c441744f6dc67cd6cc9a324067a1e6d66256db8cc
files/res/Stage/TF_06/Room6.arc,234144,4ef15760d57fea489dbd18aedb3178f77297f45558e0c5cbfdff2884f1304f27
files/res/Stage/TF_06/Stage.arc,89482,3965c676dd38bd257a9743e530241ac458aac1856baaa4b71bf9c11ea0fce595
files/res/Stage/TF_07/Room1.arc,221832,d98a6caaa72f19871036e3d7d2c6e2c24ac001121996d252fe9d578e7e637334
files/res/Stage/TF_07/Stage.arc,89160,58a041f99937e46a19473f8494fdf9cf975bcc994fb592cde4ccbbd38f2b3582
files/res/Stage/tincle/Room0.arc,65344,6d96db86e6d94c2696cfed4e487f288015e30a831cd83fdb450e098a0c74884b
files/res/Stage/tincle/Stage.arc,387200,6027dacc7696fa5fe4658135bc2286e7b033b476082e4764bfe9a2b6ea54739f
files/res/Stage/TyuTyu/Room0.arc,455072,ae6e79f259d7c6bbb75230057446b279997bbf7026f034c31494ed56284538bd
files/res/Stage/TyuTyu/Stage.arc,20990,c53cb94974b88e302e723b0fc6940bf7036de3d9bf2abbb832a2a620298da1e7
files/res/Stage/VrTest/Room0.arc,56243,ad21636f7057a32ae83d43f43b4451d41389e19f59fa6e921973b196ff05cb64
files/res/Stage/VrTest/Stage.arc,25246,36c43d855390d2cba186c21111c88c05655fafbdf19ce3d0d220f5f36802243c
files/res/Stage/WarpD/Room0.arc,395616,f2bf0a029c4b3f202c1cbdcf7bc3254d0d4991348bdb0aaa3c0290d45d133cd8
files/res/Stage/WarpD/Stage.arc,20962,a90ffc34d1a20a02be09e8ead16118517f340ad687ad3e75eec59fe6f7b5c02c
files/res/Stage/Xboss0/Room0.arc,338560,a00262d8a219ad99df711c30047f289e17df1948f5037baced9290c451502962
files/res/Stage/Xboss0/Stage.arc,107216,5866270656e7b1459ce58a6562a8a1bacf53c37834a2b8714ab1f3df3d730354
files/res/Stage/Xboss1/Room0.arc,162112,926cc42d4b3cca207b86ec3be46c1848c2cfcec4970dc3060beee6201ad8fb0b
files/res/Stage/Xboss1/Stage.arc,147063,37481c67490b8cf6f17cde577230a0a412f125226361ecc3cab7c4ffcc42938e
files/res/Stage/Xboss2/Room0.arc,429344,498c349b45a338a0dbbbf1f7dae4a18dc8533449637466833f7f41bbf00be250
files/res/Stage/Xboss2/Stage.arc,100866,a445cd801739fc922855e06b216376bf2f224097d077eed38f33fcedcf870ff3
files/res/Stage/Xboss3/Room0.arc,481920,bd835adcb6453b8911931c1a58579c98dcd22b5a6f248e305deceaa2d750cfa1
files/res/Stage/Xboss3/Stage.arc,70736,54ec7b120fde811784805e3357cd2fc91a42a0918c877077cd506207897e05f9
files/Audiores/Banks/A_mori_0.aw,180192,67e2b12e92df90f3255236cd60a566a2b95a288216ecf5123ba74cab2805056c
files/Audiores/Banks/A_umikz_0.aw,226304,db74f0b7834a80685d9437b3b510214c00a41069b7de3acb22a127d494b3625e
files/Audiores/Banks/Asoko_0.aw,247424,937f42bc4604f0218edc0a102dd5cfd0983f34714efe452ebfcfe6b9a59208dd
files/Audiores/Banks/Atmos_0.aw,1257408,13d75c68aac8f29a81d282adb1eead91dbcd32cbb92ae6db1ffe0ac873372925
files/Audiores/Banks/bigpow_0.aw,279104,949bbd8c5829febe319e40df2724db61af22075f18b6822a91344ab5aa0aa954
files/Audiores/Banks/bird_0.aw,776096,118336e7eb50d751ef9dd33c388a7dcf2c2e18636f7ed7d73200c75ddf55524d
files/Audiores/Banks/boco_0.aw,797920,25c6ce75bf90b1a8c712c74de78819ae44b736c64ff430bd2421c070de904001
files/Audiores/Banks/CharVoice_0.aw,1057984,065ccd2ed7bf2ad16f8fa3e7a9c1695cf7c12c6bf35f21270917e9e573195408
files/Audiores/Banks/d_amosu_0.aw,321792,da939ce7ef1e7a3852d2dcce16275c0e8fdce171f7ea8dd26420e598adaeaa4b
files/Audiores/Banks/d_earth_0.aw,587904,d471c055b7eb20186e94cd07ff3052e5090fe6ade28a29e14c1f83f6043f3790
files/Audiores/Banks/d_forest_0.aw,453440,089de7a9b2ec66be94284cd985169448afd88e2d63050ee20a2d6df1bd9723cf
files/Audiores/Banks/d_ganon1_0.aw,419840,730eca0029b40201e7e3dbc41af3e0e710ae061cf791bf42093bc098051e3290
files/Audiores/Banks/d_ganon2_0.aw,54240,bab5aea07af052fd08039eac6eea74f4d02b0adda03c50bd02a8f0f69f102996
files/Audiores/Banks/d_wind_0.aw,478880,610426eaa73299f6a4aaca72ac6ddeb067c0d7ee382c96e712832fc37f460d7e
files/Audiores/Banks/DaiDun_0.aw,347104,c2dea5518ad1a1d8daefb20b0d8b72bb35681ed7fa0c3ed43028786e80ad95bb
files/Audiores/Banks/e_diocta_0.aw,509824,ed3bbbc95c8e4aea820d9abd0704858153514c26bbeb38288bbc300a0924d7f0
files/Audiores/Banks/Footnote_0.aw,476768,457d88487c318f84cc70b036c611b753c4c751f960b05a7d440081ffdc85fbb4
files/Audiores/Banks/GanonB_0.aw,588640,6860c79b12529b57858e730aabcc9a63e7d7ce50f88df2d64c0e5f59a4c8bcf5
files/Audiores/Banks/GanonT_0.aw,636576,69000f72946f8bee839b28199a38871b8d692904a87fb41a96bf002b2d7e3ca3
files/Audiores/Banks/goma_0.aw,266336,0eeedf7786ee3351f8c2ea207088cbcc3da7177cfafc838b15aa718f805da2aa
files/Audiores/Banks/hyrul_0.aw,393632,62b4207080fed4b5547e95bac800844e776a43409cf2156074b8612d83001102
files/Audiores/Banks/I_Maju_0.aw,465600,46c15904eff306bfccb18476a1f9314ab84a1b9a51d8771262b6970a910e3001
files/Audiores/Banks/InForest_0.aw,355232,43380ec6ad723d78848554fe58c299464424a7c71fae153a2f444891be6e68ac
files/Audiores/Banks/IsleDrg_0.aw,231776,8cabcd2501d34fff12bb66ad13716d589a393da4b5c4d5f26990b2446c5cc18e
files/Audiores/Banks/IsleLink_0.aw,296544,61c42ea5aab46391148fed8b31b557ba84c024784dab4a974edb6bf5b14c4779
files/Audiores/Banks/IsleRiv_0.aw,84992,3a6a6b6c06674493392adc9d722552a5b57ab303e8f3588334c43b4d89d58080
files/Audiores/Banks/IsleTown_0.aw,510624,f09c71fb20c445766df41457fbe1a0cb3f961c40efbb5feb2fd987a67f81199b
files/Audiores/Banks/IsleWood_0.aw,124288,10b79a044ecfaf77e5a9b1206490e09bb9c34d2c21702e05f9804a153f7d1b3c
files/Audiores/Banks/Jaboo_0.aw,517984,dfe7c5903d51fa32ddc897a5c07390d055ab7c85e9c6fb21fbdaa04abefe4418
files/Audiores/Banks/kaminoto_0.aw,489888,b33e4737c7c124c7f518c60d4cb8f2d85698939fd010f92f16b4f18321a03ee1
files/Audiores/Banks/Kindan_0.aw,464864,9c1c2738218a5e570aff59f246e3b4a5e86d62562fcd79f3f9c32080e3f1d734
files/Audiores/Banks/kugutu_0.aw,677312,ee3fc2fc69d146e9e37cd0e6fc80ce97a031c9d8dd5168247dac6020c9c242fb
files/Audiores/Banks/LinkMotion_0.aw,759392,793f633a362790b367e648df033918c5473b304324d29016e46091793522fe2c
files/Audiores/Banks/mboss_0.aw,401472,e5e27d31f3dc50d99572e125c0c46d8b66eb404f9ce00704872da2f5e143f310
files/Audiores/Banks/Mj_Tower_0.aw,587936,75623f87dce613ad48106609a9a2d9a4d2f47697e13c2e03e7907478e3eadf47
files/Audiores/Banks/MJGanon_0.aw,199520,ea767fecb84aa1d131b1916b564a915cfc8366370336170c58946d56cff754af
files/Audiores/Banks/n10i_ryu_0.aw,133728,170ec233b134c3bdf29bfe7054b49a82969dcd81a0e2e3d389a0228094085a01
files/Audiores/Banks/n11i_tur_0.aw,71712,8dee7e5ce5463aa3ee521157b0717c5c6bf8a34b94adbbfb4f5ee477b3bc8cc7
files/Audiores/Banks/n12death_0.aw,32832,2c079109b2876c3704c9623cd2ecc236e2dc35f2c6a6135474d2bbcc54132ab6
files/Audiores/Banks/n2i_link_0.aw,73664,43f4398fcc51a6db6d2de2ef93c44062a732ba74a4a12876edd45404d7ab4930
files/Audiores/Banks/n3i_maju_0.aw,109056,fa6580c5a00350f1bb5e6dd856a400e386443630941515cba5d308bb893ef949
files/Audiores/Banks/n4d_ryu_0.aw,153696,e32050863d3b44895add2d0d449963ef52085679a1f898b05659cf63079f8bec
files/Audiores/Banks/n5store_0.aw,126336,97106a1fe65b086ebeb1ec01adc9369f9aa5985f6b38fbd17142430c4527dd27
files/Audiores/Banks/n6pirate_0.aw,32672,0cd19aeda5178419ff74e2d1c9fd47d7eca8d4a229fe91255626f005252ffd16
files/Audiores/Banks/n7i_mori_0.aw,635488,a3cd4fd95e55e3c510a51e532ec07f5fc046e31bad00652192d19c3df9f6bbf5
files/Audiores/Banks/n8s_race_0.aw,195744,0237e3ab32036afe45c22f956569ddc95a98d0cb682715ff38fbdb0f08dddf0a
files/Audiores/Banks/n9drug_0.aw,240320,cbb3fd8af6fc0010d4ba0fdc18b02b2521a3d72de983854cac84f7028425af1e
files/Audiores/Banks/n_zelda_0.aw,925760,d13b13ee6ed27ad46420d886125eb3083bb8d24ada8e5e00923215da684d5e9b
files/Audiores/Banks/objSE_0.aw,1775264,bc5e6c7d608e45dce33947091942b5b22bb68e5a32c5f6060c158f96df01284c
files/Audiores/Banks/Ojhous_0.aw,285440,3b04ecd3d220fc9e546abcaa370d13d37795e5d8209a95bb4a63a94e84d4267d
files/Audiores/Banks/Omoush_0.aw,266560,0898b9affdf0b53a412a516a376b4b9846cc5f26803d103ed3663f860dab6e37
files/Audiores/Banks/Orichh_0.aw,330400,f0eb0d75f34a503904616a67c93c3061bafe8acebe6d739b45e62f13b76c064e
files/Audiores/Banks/p_ganon_0.aw,734272,8d6d40280177ea5273ddc0ce6e9b2333f77504ba03909f914e429c57125f4d10
files/Audiores/Banks/p_goma_0.aw,635232,dd5a1044f7be46ba2076e8f851d5f0fb152e726db4e40799dfd78ac8679deedc
files/Audiores/Banks/Raichin_0.aw,105536,98b92b60dd23068b101214ef3a0b45fde554ae326d1d586b498f697a735e1763
files/Audiores/Banks/rane_0.aw,350848,7adece5a5200e64b364aded819686b85a52610b938b54104f26237b64eea2d28
files/Audiores/Banks/room1_0.aw,399232,68941030a1b8d2a5e3eebbfafe87fc92dccff9b4c5119df019bcd78cb99d4b8b
files/Audiores/Banks/Ryu_Mt_0.aw,708128,6347ba85addba7a9901d3fe3181a719b691774e564cab9cf815ee04fc454b3bd
files/Audiores/Banks/Shiren_0.aw,647936,21bae8acca3fbcd8b464c456885141d523d3f9e2ab14b24dce49c55d6178e0cc
files/Audiores/Banks/shop_0.aw,607200,300ce1e12f4f8e2527fc6c239e58a6974e518a06c57e66b4e20e44c3d3c1c6ac
files/Audiores/Banks/SystemSE_0.aw,495328,2491c6eeb2af35b12c808c3d2e5bcbe64ffec71d8fbfa440d8f23e1ce6718e48
files/Audiores/Banks/tetra_0.aw,431872,9f44a57f684caecd5296a0f853909f7f03482718c7544e266a8fbda16f5c8bae
files/Audiores/Banks/tower_0.aw,417504,16df9261a8ff991243c46f005deafdbf857b5c2f3fe34b687b7337176fe8c15f
files/Audiores/Banks/umi_0.aw,176960,1a154d66344efc4d7f07fce1510c53b18fd4d19dd0aa20cb664e6a62fa88198f
files/Audiores/Banks/voice_0.aw,620032,42eae49ad6beedb3064eb85a47a228fd8dfae3daee33aed731f9265660f6953d
files/Audiores/Banks/w_zelda_0.aw,1191264,95602b4a9ec5b04c0ad2afcaf8a547d53f43780b542d3e838166add6cd6d5547
files/Audiores/Banks/WindDun_0.aw,553984,fc5f6396d4950895040af912b63d56922cd2f802d7574428c580d96a73db6b17
files/Audiores/JaiInit.aaf,540416,a7167323c76426d8507690cee3786572acb72555306bce8b3baf461325ff4d6c
files/Audiores/JaiRoom.tbl,192,24571b2c4d356cec7d31b0b7f9c48ea81757a9c525a73fd4a9b93f32bf4965d0
files/Audiores/Seqs/JaiSeqs.arc,1211200,a935696e3bc0bf98e0858fd8acb416b55d87396f37da36bf982201a7737db15a
files/Audiores/Stream/1tale.afc,7763584,3e5eeff17352e9102fb7ddeff99b9efa08d53aa5bd383fddf999cf5394dd7117
files/Audiores/Stream/43sono2.afc,5949184,512c32624bf58dd13a33ff8ea96c1a7ee4c1d8d2dd4500d746acf9376cfca341
files/Audiores/Stream/b_clear.afc,1255072,6de29070ead2d96ef6ed1cf65d3485062bc68f43847695d7267fb10b8374a3a7
files/Audiores/Stream/bird_s.afc,710592,8b7275002bb5edd161e0133e1ba239ac8847059e7197301e3c666a5469252211
files/Audiores/Stream/bp_start.afc,724128,bb2eeb8f9af4ccd4ac42e5015c4da1064f6a28d37b902797019b705304a94a12
files/Audiores/Stream/bstclear.afc,1083680,9fa8c7d9c1d176779774d4f5ce9420980195c988ecd23e1ebac0fb986dd07421
files/Audiores/Stream/btdstart.afc,1447360,7e693611384450d0988656f92ae5573ef29bdcc2bdd2967333ddabaffbccd9a1
files/Audiores/Stream/bwdclear.afc,1643104,bfe0d0cfddeda4c8574b00a15fccc811f554287e965d7c85afe7fc8ec08f80e4
files/Audiores/Stream/d_04_01.afc,1411840,c76c1bc7b1a700cc10c20512500b8bc2b7451f9695efa07deb37cc705e9b6155
files/Audiores/Stream/d_04_02.afc,1906144,66031a29b97f20b98e3d540835b8f1ffb457e210ee86993494fd92427239080c
files/Audiores/Stream/d_05_01.afc,1806912,e6457fd2dc8bd8e3ff3023e79bb7fa7ddf5ecd8f2e203b2fa935e428c68502e8
files/Audiores/Stream/d_07_01.afc,3268864,7b7b20daea6fa66ee6b79d7d7a8b3d43c3dd8e303409e4591984683abaa8733b
files/Audiores/Stream/d_08_01.afc,1475200,277214519d6841a00d5459ec07d1a3836e1a3d74968d9a24e70eb0ef6bcaca54
files/Audiores/Stream/d_08_02.afc,3805760,3e07e271480afcac2d464844ad5e29365f65c90a8fae281f07d41fb62a19dc92
files/Audiores/Stream/d_08_03.afc,1474816,78ed12f2324b3252d02f0eb52857d218ff064b75576aed46ac6f363423d5bec8
files/Audiores/Stream/d_18_01.afc,2814592,44b210094fb58423aa4613616e96de0d95c1f51098c87d64aca207278783e522
files/Audiores/Stream/d_25_01.afc,823264,3e6d9703da93b7997365d8e7591d4dd077bd3b6a3e5583bdc42a87790cb6b9aa
files/Audiores/Stream/d_25_02.afc,3226336,97b565cf094e00dd7b5a156746b035d613ee4089db5578cf2c797d384fc29253
files/Audiores/Stream/d_25_03.afc,1232224,74524ca4d2864945793756b3c27a914c9b5449ab542e972eaae7382fe6efa5d1
files/Audiores/Stream/d_25_04.afc,1731072,f168ec60dbfbd661109792de2bd097fa9d1c343887b795734143ea760a66fb7b
files/Audiores/Stream/d_26_01.afc,133440,67b1fa153e0189b52670d2ae00c2ff523f2d30691a383f70b10769ae029b0df9
files/Audiores/Stream/d_26_02.afc,1210720,93553d7a928ed598135086ec1785334a5c0a73ccda2f618284175a4329cac99a
files/Audiores/Stream/d_31_01.afc,1332064,f7dc93ca60e5a63a83305ce1ce546bc69e1a164ce93e030ad76af129dfdf7ff0
files/Audiores/Stream/d_34_01.afc,706820,2c217ab5edb494444d484b98dcac9555f4ca90bdf35f7e012698a4591eb0811b
files/Audiores/Stream/d_35_02.afc,1086026,961356f11f76b23ad95f4813bbccb20a935e721829a884d17efbaac9f4fb38dc
files/Audiores/Stream/dea_st.afc,1838016,7b4133164ec80443f2f45a3b256133871b237c72c5bc0f5d340882c3b7e76ed6
files/Audiores/Stream/demo01.afc,2282240,c7f44dc36d823536e21f20434f91addc5e50650d503a2cde8a47fd4a904df2f3
files/Audiores/Stream/demo19.afc,3511936,8a74e1265718e1821b65af0048e0fd66dd42b7480e5b4cab9b0e95a86b13faff
files/Audiores/Stream/dk_clear.afc,1146176,b62eda5a09f00a2e72ce4fb0317ef74fc121bd61d5de7bb1607a20f59c8f165c
files/Audiores/Stream/e3title.afc,1331360,7133db902ee575bd346d9b9e039832278d661427e571f2be5325772066136173
files/Audiores/Stream/go_maju.afc,1698048,e8eb43abb221cc54cf05fddf8d90e08c51694a0628355275c53b2d7bbba8c3d4
files/Audiores/Stream/kindan_s.afc,1340416,61dbb61d9ddacbc181e149c2b1e31c470f4df7dd1cb7a86d19a48d393fc34c7d
files/Audiores/Stream/m_14_01.afc,85120,93d5475f2c4d7582d00f27d59fe032527ab55b5d91d91ec7f1980837f842a7ca
files/Audiores/Stream/m_14_02.afc,4132352,24af8826467a0b4aed2f69cfedf8c7bd5b2de608d235be9ddf1463e3923b722b
files/Audiores/Stream/m_14_03.afc,790848,dafd946772ebb109e1b454a966e3460009b8476764b965457d853afefb6c8c6c
files/Audiores/Stream/m_14_04.afc,3574592,eac1365c1c5e5ea41529349f0ece6c1683ce78abc2a4ffca0791cc1a1abd7e3d
files/Audiores/Stream/m_14_05.afc,968000,2af5ec2d301688fec5f732bc851d420d8e52e34fd85a9e915b33038373ff3759
files/Audiores/Stream/m_15_01.afc,1903680,09419dc2464156062b128c5727ced9b3ae0d8bdc1cc399f1d767b87046a951c0
files/Audiores/Stream/m_15_02.afc,602400,5df6c12f955a004d97bb431be6f78d6b45667f1cd83696202f72afea6899d328
files/Audiores/Stream/m_15_03.afc,891360,354c98015fe2390e9593ab693efd223c8373de7715c51c9f1e49f98b83048b48
files/Audiores/Stream/m_15_04.afc,4461760,7a5d4afc1cc55a30280134aad08b35e4343aff20db714d7cbb15025f03588bae
files/Audiores/Stream/m_24_01.afc,5327008,dff2cd030f475a466fd9f2c77598d55e05e3a618fb7886f6c080f0f7c9378a76
files/Audiores/Stream/m_24_02.afc,290880,1c6cc19e4a136a83e6724d2a90cd9eabc695f478b95a04a84515b8021202bee6
files/Audiores/Stream/m_24_03.afc,2687712,cacc36ba30914712bee5ae6222e4b5c72849e4a10b2f2849f7fafb1c5ddd87ac
files/Audiores/Stream/m_24_04.afc,2650880,8a63ca9a10d6a3c89d0d73823d52c197c8914f51b101d413925c614d96ae27c5
files/Audiores/Stream/m_24_05.afc,2099264,172b87ffd3cdfd98a3580e24c9fb84d484f6fa0e47755c33e552e0e1308c87b8
files/Audiores/Stream/m_24_06.afc,1377568,9aee3e2353f229dc0b14825e199dbf6141c4f7f93a81f2ae5858d170e7028b20
files/Audiores/Stream/m_27_01.afc,3138336,5b876e5ff91c4979ab588be645e80b6c542aeba3b684d0fa89a4225696e7bde4
files/Audiores/Stream/m_28_01.afc,2399872,e9b3f80aa48570844a947da3e722f90b943656945bed978bab10df8bb7ec39cb
files/Audiores/Stream/m_28_02.afc,1236320,1a8d5d53c30a4bba9229d5e48d04194a3b57b7d8c4da815e5adc08969bccb923
files/Audiores/Stream/m_29_01.afc,1535456,6e203e4a8dbff21aab6b35df193702d15515513b45140adcd2338dff0de52933
files/Audiores/Stream/m_30_01.afc,4540608,cc75310cced08b479ec01796b000525b632f2c905f42f60f01ff0b05e0cfdb7d
files/Audiores/Stream/m_31_01.afc,1016192,e88fd3d227c0b41212befb4e8110c50a44c86606fe4a276c325f2ce1af5aebbe
files/Audiores/Stream/m_32_01.afc,1038016,1a750ce14e5f448aab0ec87b02c0c9eb36896ddbf4e6634062c26b24428b3f4f
files/Audiores/Stream/m_33_01.afc,2663456,5eff968527a34e1eb05fa3a0a62d4a730c7fcf7413f7819ddb86f544632ccdaf
files/Audiores/Stream/m_35_01.afc,548480,104234bd482be8526daa6f5c202abf4e0a037e3e25e845fc59bfe8b9bbc73606
files/Audiores/Stream/m_35_03.afc,232000,a3ee9a21874d5d75462fd700b38a278c2d4866aad376b018902162966908c276
files/Audiores/Stream/m_35_04.afc,330112,950d0a0bd38e0c8fb75f48ab9d5b8b71e7a0b81e64d6527ed18ad26a6d2b87dd
files/Audiores/Stream/m_36_01.afc,1388512,293ed7b89c719d619f75dd64b5da1daae4d32b6044603eb6d515d463131360f1
files/Audiores/Stream/m_42_01.afc,202048,a72068cc01930a9109de112af6e1f6947b2c5bc91687a682b933455472bdefe5
files/Audiores/Stream/m_42_02.afc,1650464,cb47ab77ee808105072e42546c3e650a7b1e6b6355bef30353cedc88c254f0b4
files/Audiores/Stream/m_42_03.afc,1051936,42acf71c7bfcac626dadce1a0acf0b71863d195ce199c5d424a1e715d03e2540
files/Audiores/Stream/m_42_04.afc,217792,6467a5cc4c683c2991b68d8b6407e71cadb37b0eb48d1e25b26b82f6c0a6aa5d
files/Audiores/Stream/m_42_05.afc,191520,ad86ad238cfd309d099d0b0b3d6e9918468475bc89ccad704ede52f95ca5ff88
files/Audiores/Stream/m_42_06.afc,100736,bf35d81b9ed6d49c817cca4b8de3721129008e99a14f32191706c5b1e9546c0e
files/Audiores/Stream/m_42_07.afc,769376,ee168038894688832f2e3f43fc8922f9eb57033247f80a5db7bcf572ec058341
files/Audiores/Stream/m_42_08.afc,1076432,0c86e11df3d880c8d1b3d7a859a81f0c0ef355168d6e4f66878f321005ac6be7
files/Audiores/Stream/m_44_01.afc,2321504,8e1134e1698e6b5aefc08a079443d974f648a0407eaf903791aa2560d1e9deb1
files/Audiores/Stream/mj_demo1.afc,2599552,715421e57f29042041d1e3f1a73e0681c2b0ba8980f2b7530faf715d3d2919de
files/Audiores/Stream/rane_s.afc,2453536,1408db172f845bce8c6a646f08196485f8a88c5242077e9e1e29146d9e003e6e
files/Audiores/Stream/rescue_1.afc,1325952,2848216590a1c13386e96ec3c071425219a7c177272cd4b3dfbe0aaa35a09f9a
files/Audiores/Stream/rescue_2.afc,235296,2abacf26fdedad28081dde84977115349d75e6f3ab471783540db1438c86c684
files/Audiores/Stream/rescue_3.afc,793696,8505a5e3c866027963bb286dc7f25f5b788cefe56756132df4239032783cb470
files/Audiores/Stream/rescue_4.afc,1587360,2a41885c9ddf71e6eceb62e7a6c2b55623b15acac7196aab61b50b3776efefaf
files/Audiores/Stream/rescue_5.afc,528608,d08cc83e5ca8506f187e7a42908b0ea31e45210e1a12dc3737d0d2896e2a89e5
files/Audiores/Stream/title.afc,3185330,4326280e3c49f7643c18fa9ed8147ecc952bd84cdd16558f50541af66e59e253
